id,guid_dashed,name_en,faction,color,set,rarity_int,rarity_engine,setAndRarityKey,sun_cost,attack,health,display_sun,display_attack,display_health,crafting_buy,crafting_sell,is_hero,is_power,is_fighter,is_env,is_aquatic,is_teamup,is_burst,is_surprise,is_board_ability,is_unusable,usable,n_components_top,n_components_total,n_abilities,subtype_names,tags
1,2f9fa005-8b50-4d1a-89be-38e4a82036c4,Guacodile,Plants,Guardian,Gold,2,R3,Bloom_SuperRare,4,4,3,4,4,3,1000,250,False,False,True,False,True,False,False,False,False,False,True,11,23,1,"Fruit, Animal","destroy, anyplantfighter, anyaquaticplantfighter, notpineclone, aquatic, cost6orless, randomplantcard"
2,52827e9d-5e5a-49fa-85f5-07d2dd72ae67,Chimney Sweep,Zombies,Brainy,Gold,0,R1,Bloom_Common,1,2,1,1,2,1,50,15,False,False,True,False,False,False,False,False,False,False,True,9,20,1,Professional,"weenie, randomzombie, can be transmogrified, randomzombiefighter, rush, 2costzombie"
3,51457c7b-f561-4250-9e29-a0e4bbd34cce,Conga Zombie,Zombies,Madcap,Gold,0,R1,Bloom_Common,2,2,2,2,2,2,50,15,False,False,True,False,False,False,False,False,False,False,True,10,26,1,"Dancing, Barrel","weenie, damage, 2costzombie, randomzombie, can be gravestone, can be transmogrified, gravestone, randomzombiefighter"
4,6d77251a-5596-4d56-83eb-4e775c0bc56c,Tennis Champ,Zombies,Madcap,Gold,0,R1,Bloom_Common,1,1,1,1,1,1,50,15,False,False,True,False,False,False,False,False,False,False,True,10,20,1,Sports,"weenie, rush, randomzombie, can be transmogrified, randomzombiefighter, 2costzombie"
5,f1ce571d-1b77-4310-b922-91ab9c1a89c5,Conehead,Zombies,Hearty,Silver,4,R0,Dawn_Common,2,2,2,2,2,2,25,0,False,False,True,False,False,False,False,False,False,False,True,9,9,0,Professional,"defense, randomzombie, can be transmogrified, randomzombiefighter, 2costzombie, weenie"
6,13460c21-ad49-4b22-95f5-d1c95086c660,All-Star Zombie,Zombies,Hearty,Gold,2,R3,Bloom_SuperRare,5,4,6,5,4,6,1000,250,False,False,True,False,False,False,False,False,False,False,True,11,11,0,Sports,"fatty, randomzombie, destroy, randomzombiefighter"
7,03887b4d-9cd9-4f11-86ea-91954f789230,Smashing Pumpkin,Plants,Solar,Silver,4,R0,Dawn_Common,6,6,6,6,6,6,25,0,False,False,True,False,False,False,False,False,False,False,True,8,8,0,Squash,"fatty, anyplantfighter, notpineclone, cost6orless, randomplantcard, mayflower"
8,353d7ec7-66b8-49b3-abd0-25c990b85948,Navy Bean,Plants,Smarty,Gold,1,R2,Bloom_Rare,4,3,3,4,3,3,250,50,False,False,True,False,True,True,False,False,False,False,True,11,24,1,Bean,"anyplantfighter, anyaquaticplantfighter, notpineclone, aquatic, cost6orless, randomplantcard, mayflower"
9,4f6ad95c-e9c3-43ea-95cf-223e47302f51,Pismashio,Plants,Guardian,Silver,4,R0,Dawn_Common,2,2,4,2,2,4,25,0,False,False,True,False,False,True,False,False,False,False,True,9,9,0,Nut,"anyplantfighter, notpineclone, cost6orless, randomplantcard, weenie"
10,43d3b20a-90b4-4a34-8d55-674b02a38dc1,Peashooter,Plants,MegaGro,Silver,4,R0,Dawn_Common,1,1,1,1,1,1,25,0,False,False,True,False,False,False,False,False,False,False,True,8,8,0,Peashooter,"anyplantfighter, basicpeashooter, bad, notpineclone, plantfighter6orless, randomplantcard, cost6orless, madebygardener"
11,097a247f-676a-41fa-9bd2-1f7fbdd315ba,Squash,Plants,Solar,Silver,4,R0,Dawn_Common,5,,,5,0,0,25,0,False,False,False,False,False,False,True,False,False,False,True,8,17,1,Squash,"destroy, randomplantcard, mayflower"
12,025093e5-62a5-4085-a854-569fab0e4839,Bungee Plumber,Zombies,Madcap,Silver,4,R0,Dawn_Common,1,,,1,0,0,25,0,False,False,False,False,False,False,True,True,False,False,True,9,22,1,"Professional, Mustache","damage, randomzombie, destroy, randomzombietrick"
15,9c6b2087-5a6d-43fa-bc96-63f6b6d4c6eb,Monster Mash,Zombies,Hearty,Gold,1,R2,Bloom_Rare,5,,,5,0,0,250,50,False,False,False,False,False,False,True,True,False,False,True,9,18,1,"Dancing, Monster","buff, randomzombie, randomzombietrick, attack"
18,43cec3db-8b28-4e3d-8666-863a3d7bde2d,Sour Grapes,Plants,Kabloom,Gold,1,R2,Bloom_Rare,4,2,2,4,2,2,250,50,False,False,True,False,False,False,False,False,False,False,True,9,18,1,Berry,"destroy, anyplantfighter, notpineclone, cost6orless, randomplantcard"
19,75c55047-041e-4b80-8979-79e295477378,Cabbage-Pult,Plants,MegaGro,Silver,4,R0,Dawn_Common,2,2,3,2,2,3,25,0,False,False,True,False,False,False,False,False,False,False,True,9,20,1,Leafy,"weenie, anyplantfighter, notpineclone, cost6orless, randomplantcard"
20,057cfef7-26b0-4701-84e5-5c8e0707d3b3,Grow-Shroom,Plants,MegaGro,Silver,4,R0,Dawn_Common,3,2,1,3,2,1,25,0,False,False,True,False,False,False,False,False,False,False,True,9,23,1,Mushroom,"buff, anyplantfighter, notpineclone, attack, cost6orless, randomplantcard"
21,8d093f6d-f44a-4b97-9245-19c2f68a1d17,Berry Angry,Plants,Kabloom,Gold,0,R1,Bloom_Common,3,,,3,0,0,50,15,False,False,False,False,False,False,True,False,False,False,True,8,17,1,Berry,"weenie, attack, needsfighter, randomplantcard"
22,2a897076-e81b-4d55-ae18-aa83d0485865,Medic,Zombies,Hearty,Silver,4,R0,Dawn_Common,4,3,3,4,3,3,25,0,False,False,True,False,False,False,False,False,False,False,True,9,27,1,Professional,"randomzombie, heal, randomzombiefighter"
23,334d36b6-01b0-41e3-aa8a-fe0b15f5ab50,Fishy Imp,Zombies,Sneaky,Silver,4,R0,Dawn_Common,2,3,1,2,3,1,25,0,False,False,True,False,True,False,False,False,False,False,True,9,9,0,"Imp, Pet","weenie, rush, 2costzombie, randomzombie, can be transmogrified, aquatic, randomzombiefighter"
24,31e2da4d-8773-4896-9870-838dddc08f60,The Chickening,Zombies,Madcap,Gold,1,R2,Bloom_Rare,4,,,4,0,0,250,50,False,False,False,False,False,False,True,True,False,False,True,9,18,1,Pet,"destroy, randomzombie, randomzombietrick"
25,8866dd42-ed4e-4804-9005-e3a4c510e1a2,Precision Blast,Plants,"MegaGro, Smarty",Hero,3,R4,Bloom_Legendary,1,,,1,0,0,0,0,True,True,False,False,False,False,True,False,False,False,True,9,16,1,Peashooter,
26,51ecff67-ba4e-46ba-ad1b-5426b1381d4e,Slammin' Smackdown,Zombies,"Hearty, Hungry",Hero,3,R4,Bloom_Legendary,1,,,1,0,0,0,0,True,True,False,False,False,False,True,True,False,False,True,10,20,1,Gargantuar,
27,bf160ce3-de2e-4ff6-88d4-d295a97fea58,Carried Away,Zombies,"Brainy, Sneaky",Hero,3,R4,Bloom_Legendary,1,,,1,0,0,0,0,True,True,False,False,False,False,True,True,False,False,True,10,39,3,Party,
28,02d53162-6431-4bd3-b1df-16f03d690ced,Imp,Zombies,Sneaky,Silver,4,R0,Dawn_Common,1,1,1,1,1,1,25,0,False,False,True,False,False,False,False,False,False,False,True,8,8,0,Imp,"weenie, randomzombie, randomzombiefighter, can be transmogrified, bad, 2costzombie, madebyzucchini"
29,063a10ac-db16-45b1-99c7-079e6643e291,Sea-Shroom,Plants,Guardian,Gold,0,R1,Bloom_Common,1,2,2,1,2,2,50,15,False,False,True,False,True,False,False,False,False,False,True,9,9,0,Mushroom,"weenie, anyplantfighter, anyaquaticplantfighter, notpineclone, aquatic, cost6orless, randomplantcard"
30,08e238e9-165b-454b-a941-4d0b0548b2b4,Smoosh-Shroom,Plants,Smarty,Silver,4,R0,Dawn_Common,5,5,4,5,5,4,25,0,False,False,True,False,False,False,False,False,False,False,True,8,8,0,Mushroom,"fatty, anyplantfighter, notpineclone, cost6orless, randomplantcard"
31,195a7fc7-718f-413a-9109-a5825600db7a,Bonk Choy,Plants,MegaGro,Gold,0,R1,Bloom_Common,1,2,1,1,2,1,50,15,False,False,True,False,False,True,False,False,False,False,True,11,21,1,Leafy,"weenie, anyplantfighter, notpineclone, cost6orless, randomplantcard, rush"
32,4b0455b2-9e87-4bd5-aa44-c97eeb5b67d5,Vanilla,Plants,Smarty,Gold,0,R1,Bloom_Common,3,3,3,3,3,3,50,15,False,False,True,False,False,False,False,False,False,False,True,8,8,0,"Bean, Flower","anyplantfighter, notpineclone, cost6orless, randomplantcard"
33,2cbca8f4-1cd6-46ce-bca0-032d841c8916,Bluesberry,Plants,Kabloom,Gold,0,R1,Bloom_Common,5,3,3,5,3,3,50,15,False,False,True,False,False,False,False,False,False,False,True,9,25,1,Berry,"damage, anyplantfighter, notpineclone, destroy, cost6orless, randomplantcard"
35,1c6baedc-ca29-4257-b15a-433078d24049,Zapricot,Plants,Kabloom,Silver,4,R0,Dawn_Common,3,4,1,3,4,1,25,0,False,False,True,False,False,False,False,False,False,False,True,8,8,0,Fruit,"anyplantfighter, weenie, notpineclone, cost6orless, randomplantcard"
36,a5d5a695-ec1a-47c5-aea8-3812dbd2a7f0,Berry Blast,Plants,Kabloom,Silver,4,R0,Dawn_Common,2,,,2,0,0,25,0,False,False,False,False,False,False,True,False,False,False,True,8,21,1,Berry,"damage, destroy, randomplantcard"
37,8ba8f370-687d-4721-bb53-dadb7f37469e,Storm Front,Plants,Kabloom,Superpower,2,R3,Superpower_SuperRare,1,,,1,0,0,0,0,False,True,False,False,False,False,True,False,False,False,True,8,17,1,,"weenie, attack, rush, defense"
38,fe39cd69-bbe5-45ef-92fc-8c235e79de47,Meteor Strike,Plants,Kabloom,Superpower,2,R3,Superpower_SuperRare,1,,,1,0,0,0,0,False,True,False,False,False,False,True,False,False,False,True,8,17,1,,destroy
39,a0b225ce-0617-4197-bd44-3234168231e9,Fire Peashooter,Plants,MegaGro,Gold,0,R1,Bloom_Common,2,3,2,2,3,2,50,15,False,False,True,False,False,False,False,False,False,False,True,8,8,0,Peashooter,"weenie, anyplantfighter, notpineclone, cost6orless, randomplantcard"
40,3fbd38c3-b5ab-4988-8e60-64791b88d931,Flourish,Plants,MegaGro,Silver,4,R0,Dawn_Common,3,,,3,0,0,25,0,False,False,False,False,False,False,True,False,False,False,True,8,17,1,Flower,"draw, needsfighter, randomplantcard"
41,b527676a-df7a-4e75-8b93-f93a92c0fd4d,Fertilize,Plants,MegaGro,Silver,4,R0,Dawn_Common,3,,,3,0,0,25,0,False,False,False,False,False,False,True,False,False,False,True,7,16,1,,"buff, needsfighter, attack, randomplantcard"
42,1e4e55f9-37b6-4429-a874-d9d33c81f9ff,Embiggen,Plants,MegaGro,Superpower,2,R3,Superpower_SuperRare,1,,,1,0,0,0,0,False,True,False,False,False,False,True,False,False,False,True,8,17,1,,buff
43,045dd030-f276-4f53-92e0-ca1363474b60,Skyshooter,Plants,MegaGro,Gold,0,R1,Bloom_Common,4,3,3,4,3,3,50,15,False,False,True,False,False,False,False,False,False,False,True,9,20,1,Peashooter,"fatty, anyplantfighter, notpineclone, cost6orless, randomplantcard"
44,c1862d23-cabc-4237-9f9b-715069d8afec,Holo-Flora,Plants,MegaGro,Superpower,2,R3,Superpower_SuperRare,1,,,1,0,0,0,0,False,True,False,False,False,False,True,False,False,False,True,8,17,1,,draw
45,867a395d-ca39-40a0-a967-6db7fb160bf9,Cattail,Plants,Smarty,Silver,4,R0,Dawn_Common,3,3,2,3,3,2,25,0,False,False,True,False,True,False,False,False,False,False,True,9,9,0,Animal,"anyplantfighter, anyaquaticplantfighter, notpineclone, aquatic, weenie, cost6orless, randomplantcard"
46,51e8baca-57d5-440b-a5d8-a4f1b20bf1e9,2nd-Best Taco of All Time,Plants,Solar,Gold,2,R3,Bloom_SuperRare,3,,,3,0,0,1000,250,False,False,False,False,False,False,True,False,False,False,True,7,35,2,,"needsfighter, heal, randomplantcard"
47,b7b20765-f67c-488a-8b98-ad4eaa11c900,Weed Whack,Plants,Solar,Superpower,2,R3,Superpower_SuperRare,1,,,1,0,0,0,0,False,True,False,False,False,False,True,False,False,False,True,9,18,1,Root,destroy
48,fffd2e60-ca1b-4987-88e6-7d1b9d2d2beb,Scorched Earth,Plants,Solar,Superpower,2,R3,Superpower_SuperRare,1,,,1,0,0,0,0,False,True,False,False,False,False,True,False,False,False,True,8,18,1,,destroy
49,2fe49558-6272-4d39-9e19-614141e9deb3,Cell Phone Zombie,Zombies,Brainy,Gold,0,R1,Bloom_Common,2,1,1,2,1,1,50,15,False,False,True,False,False,False,False,False,False,False,True,9,21,1,Professional,"draw, 2costzombie, randomzombie, can be transmogrified, weenie, randomzombiefighter"
50,1e43c3ef-a5c1-4abe-b659-d74263f7c51f,Zombie,Zombies,Hearty,Token,4,R0,Token,1,1,1,1,1,1,0,0,False,False,True,False,False,False,False,False,False,False,True,8,8,0,Professional,"bad, cheats"
51,e6683b72-15af-4e30-8003-394e8c35e32f,Fun-Dead Raiser,Zombies,Brainy,Silver,4,R0,Dawn_Common,3,,,3,0,0,25,0,False,False,False,False,False,False,True,True,False,False,True,9,18,1,Party,"draw, needsfighter, randomzombie, randomzombietrick"
52,1c5a1e68-01a0-4ab1-8bf7-4179fc70ca7b,Drum Major,Zombies,Brainy,Silver,4,R0,Dawn_Common,4,4,4,4,4,4,25,0,False,False,True,False,False,False,False,False,False,False,True,8,8,0,"Dancing, Sports","randomzombie, randomzombiefighter"
53,3f1c789c-9e33-4f6a-bc30-104acc53d837,Kite Flyer,Zombies,Brainy,Gold,1,R2,Bloom_Rare,3,1,3,3,1,3,250,50,False,False,True,False,False,False,False,False,False,False,True,11,25,1,"History, Science","draw, randomzombie, can be gravestone, weenie, gravestone, randomzombiefighter"
54,0935041d-0d31-490e-aa94-6db3d8310c02,Landscaper,Zombies,Hearty,Gold,2,R3,Bloom_SuperRare,3,2,3,3,2,3,1000,250,False,False,True,False,False,False,False,False,False,False,True,10,22,1,"Professional, Mustache","control, randomzombie, can be gravestone, gravestone, randomzombiefighter"
55,efc5f190-af7e-4a43-a3b1-a741b7e35347,Rock Wall,Zombies,Hearty,Superpower,2,R3,Superpower_SuperRare,1,,,1,0,0,0,0,False,True,False,False,False,False,True,True,False,False,True,9,18,1,,defense
56,dad1fd87-a967-4ec1-bd0b-4e170a0e4ce8,Heroic Health,Zombies,Hearty,Superpower,2,R3,Superpower_SuperRare,1,,,1,0,0,0,0,False,True,False,False,False,False,True,True,False,False,True,9,19,1,,heal
57,6a0c866a-6d4f-4e3e-a034-473ad1987be7,Terrify,Zombies,Hearty,Gold,0,R1,Bloom_Common,2,,,2,0,0,50,15,False,False,False,False,False,False,True,True,False,False,True,8,28,2,,"control, needsfighter, randomzombie, randomzombietrick"
58,54b0df99-c255-49da-a18e-a8c0068db7a1,Snorkel Zombie,Zombies,Hungry,Gold,0,R1,Bloom_Common,1,2,1,1,2,1,50,15,False,False,True,False,True,False,False,False,False,False,True,9,9,0,Party,"weenie, randomzombie, can be transmogrified, randomzombiefighter, aquatic, 2costzombie"
59,db202cfa-68ff-4a36-9c7a-87a6228a5f02,Vitamin Z,Zombies,Hungry,Gold,1,R2,Bloom_Rare,3,,,3,0,0,250,50,False,False,False,False,False,False,True,True,False,False,True,9,18,1,Gourmet,"buff, needsfighter, randomzombie, randomzombietrick, attack"
60,4216e32d-6537-4705-ba6a-cfe373a82f01,Locust Swarm,Zombies,Hungry,Silver,4,R0,Dawn_Common,5,,,5,0,0,25,0,False,False,False,False,False,False,True,True,False,False,True,9,18,1,Pet,"destroy, randomzombie, randomzombietrick"
61,50c383b3-88d2-4dac-8d0f-e558a770494b,Cat Lady,Zombies,Hungry,Gold,2,R3,Bloom_SuperRare,1,,3,1,0,3,1000,250,False,False,True,False,False,False,False,False,False,False,True,9,24,1,Pet,"randomzombie, can be transmogrified, randomzombiefighter, narrow, weenie, 2costzombie"
62,f4eb02ae-1d87-4200-812f-b20ad02ab8c7,Dolphin Rider,Zombies,Hungry,Silver,4,R0,Dawn_Common,3,3,2,3,3,2,25,0,False,False,True,False,True,False,False,False,False,False,True,9,9,0,Pet,"randomzombie, aquatic, weenie, randomzombiefighter"
63,e8e1dd57-70ec-42f8-b4e9-44bb0b52f5ab,Galvanize,Zombies,Hungry,Superpower,2,R3,Superpower_SuperRare,1,,,1,0,0,0,0,False,True,False,False,False,False,True,True,False,False,True,9,18,1,,"buff, attack, defense"
64,3e290224-8f40-4cd9-8c02-49eb16c574ab,Nibble,Zombies,Hungry,Gold,0,R1,Bloom_Common,1,,,1,0,0,50,15,False,False,False,False,False,False,True,True,False,False,True,9,30,2,Gourmet,"destroy, needsfighter, randomzombie, heal, randomzombietrick"
65,993fec89-2d80-47be-a9e4-ac5b8856a0fa,Deep Sea Gargantuar,Zombies,Hungry,Gold,2,R3,Bloom_SuperRare,6,6,6,6,6,6,1000,250,False,False,True,False,True,False,False,False,False,False,True,10,123,5,"Gargantuar, Monster","fatty, gargantuar, randomzombie, aquatic, randomzombiefighter"
66,235d9d98-deb4-4187-b78d-7cd54fd49b17,Zombot 1000,Zombies,Hungry,Gold,3,R4,Bloom_Legendary,9,9,9,9,9,9,4000,1000,False,False,True,False,False,False,False,False,False,False,True,10,42,2,"Science, Gargantuar","fatty, destroy, gargantuar, randomzombie, randomzombiefighter, zombielegend"
67,fbc3281d-017e-4578-9dc7-f67247adf8b3,Cuckoo Zombie,Zombies,Madcap,Silver,4,R0,Dawn_Common,2,4,1,2,4,1,25,0,False,False,True,False,False,False,False,False,False,False,True,8,8,0,Pet,"weenie, rush, 2costzombie, can be transmogrified, randomzombiefighter, randomzombie"
68,c7a61f25-67ab-4586-967c-0761d88b8f7d,Electrobolt,Zombies,Madcap,Superpower,2,R3,Superpower_SuperRare,1,,,1,0,0,0,0,False,True,False,False,False,False,True,True,False,False,True,9,18,1,,damage
69,bce69fef-4a03-4e1f-822c-265efc247302,Brute Strength,Zombies,Madcap,Superpower,2,R3,Superpower_SuperRare,1,,,1,0,0,0,0,False,True,False,False,False,False,True,True,False,False,True,9,18,1,,"attack, weenie, rush"
70,ba910304-5208-414a-b2e4-e51059c8201d,Cakesplosion,Zombies,Madcap,Gold,0,R1,Bloom_Common,4,,,4,0,0,50,15,False,False,False,False,False,False,True,True,False,False,True,9,18,1,"Imp, Party","randomzombie, randomzombietrick, destroy"
71,69cd560b-ad31-46b7-98f0-c54ad5a39b98,Walrus Rider,Zombies,Sneaky,Gold,1,R2,Bloom_Rare,5,3,4,5,3,4,250,50,False,False,True,False,True,False,False,False,False,False,True,11,21,1,"Imp, Pet","fatty, randomzombie, aquatic, poison, randomzombiefighter"
72,fcbde864-ed01-4402-976c-e056da23a79d,Uncrackable,Plants,"Guardian, Solar",Hero,3,R4,Bloom_Legendary,1,,,1,0,0,0,0,True,True,False,False,False,False,True,False,False,False,True,10,28,2,Nut,defense
73,611ddfb2-e48a-4054-b1f9-d0eb01c3fd7f,Blazing Bark,Plants,"Kabloom, MegaGro",Hero,3,R4,Bloom_Legendary,1,,,1,0,0,0,0,True,True,False,False,False,False,True,False,False,False,True,9,18,1,Tree,
74,c24eee97-5ec6-4eec-833d-3b3dea0242bb,Shrink Ray,Zombies,"Brainy, Hearty",Hero,3,R4,Bloom_Legendary,1,,,1,0,0,0,0,True,True,False,False,False,False,True,True,False,False,True,10,28,2,Science,
75,7a20f621-d60a-4bb6-9989-9e800df880d2,Sunburn,Plants,"Kabloom, Solar",Hero,3,R4,Bloom_Legendary,1,,,1,0,0,0,0,True,True,False,False,False,False,True,False,False,False,True,9,31,2,Flower,
76,b8299cd4-ab57-4484-8dd7-9b5c0a61a0bd,Admiral Navy Bean,Plants,Smarty,Gold,1,R2,Bloom_Rare,1,1,1,1,1,1,250,50,False,False,True,False,True,True,False,False,False,False,True,12,30,1,Bean,"anyplantfighter, anyaquaticplantfighter, notpineclone, aquatic, cost6orless, narrow, randomplantcard, mayflower"
77,6d9084e1-7efb-472b-9205-362e1aa45015,Wall-Nut,Plants,Guardian,Silver,4,R0,Dawn_Common,1,,6,1,0,6,25,0,False,False,True,False,False,True,False,False,False,False,True,9,9,0,Nut,"defense, anyplantfighter, teamup, notpineclone, cost6orless, randomplantcard"
78,bff0d95a-5aa1-4b80-b62c-c98e82f51dee,Cactus,Plants,Guardian,Gold,0,R1,Bloom_Common,3,2,5,3,2,5,50,15,False,False,True,False,False,False,False,False,False,False,True,9,9,0,"Cactus, Flower","truestrike, anyplantfighter, notpineclone, cost6orless, randomplantcard"
79,9dd40a2b-0bf0-46a9-86af-ecdbcbd80e0d,Steel Magnolia,Plants,Guardian,Gold,0,R1,Bloom_Common,3,3,2,3,3,2,50,15,False,False,True,False,False,False,False,False,False,False,True,9,27,1,Flower,"defense, notpineclone, cost6orless, randomplantcard, anyplantfighter"
80,09f699a1-6cea-439a-bf77-2d428df13fab,Jugger-Nut,Plants,Guardian,Gold,2,R3,Bloom_SuperRare,3,2,3,3,2,3,1000,250,False,False,True,False,False,True,False,False,False,False,True,11,11,0,Nut,"defense, anyplantfighter, notpineclone, truestrike, weenie, cost6orless, randomplantcard"
81,fb0b76aa-ee92-4fd8-9847-7475127ea599,Smackadamia,Plants,Guardian,Gold,1,R2,Bloom_Rare,5,4,5,5,4,5,250,50,False,False,True,False,True,False,False,False,False,False,True,10,23,1,Nut,"defense, anyplantfighter, notpineclone, aquatic, cost6orless, narrow, randomplantcard"
82,48435dcd-67eb-4da6-8ab5-92cafb76b3f7,Poppin' Poppies,Plants,Guardian,Gold,3,R4,Bloom_Legendary,6,4,4,6,4,4,4000,1000,False,False,True,False,False,False,False,False,False,False,True,9,25,1,Flower,"anyplantfighter, defense, notpineclone, teamup, cost6orless, randomplantcard, plantlegend"
83,4d2d3072-1641-49ee-8fb4-e22df0382377,Hibernating Beary,Plants,Guardian,Gold,1,R2,Bloom_Rare,3,,8,3,0,8,250,50,False,False,True,False,False,False,False,False,False,False,True,9,19,1,"Berry, Animal","fatty, notpineclone, cost6orless, randomplantcard, anyplantfighter"
84,38fa5de6-cde9-4de7-9c46-7882bf25182b,Potato Mine,Plants,Guardian,Gold,0,R1,Bloom_Common,1,,1,1,0,1,50,15,False,False,True,False,False,True,False,False,False,False,True,11,23,1,Root,"teamup, destroy, anyplantfighter, notpineclone, cost6orless, potatomine, randomplantcard"
86,3285fbe6-1405-4bbb-9668-a231ae6af722,Bubble Up,Plants,Guardian,Superpower,2,R3,Superpower_SuperRare,1,,,1,0,0,0,0,False,True,False,False,False,False,True,False,False,False,True,8,37,3,,"defense, control"
87,55e039d0-cee7-4cf7-be45-7a6e1cf96495,Grave Buster,Plants,Guardian,Gold,1,R2,Bloom_Rare,2,,,2,0,0,250,50,False,False,False,False,False,False,True,False,False,False,True,8,15,1,Root,"destroy, randomplantcard"
88,cae163ff-5524-47c4-b836-7062fb14b3a0,Water Chestnut,Plants,Guardian,Gold,0,R1,Bloom_Common,2,,8,2,0,8,50,15,False,False,True,False,True,True,False,False,False,False,True,10,10,0,"Root, Nut","teamup, defense, anyplantfighter, anyaquaticplantfighter, notpineclone, aquatic, cost6orless, randomplantcard"
89,e093a94c-1a47-42e8-a23c-c6db1bf1b1eb,Sting Bean,Plants,Guardian,Silver,4,R0,Dawn_Common,1,1,2,1,1,2,25,0,False,False,True,False,True,True,False,False,False,False,True,11,11,0,"Bean, Peashooter","weenie, truestrike, anyplantfighter, anyaquaticplantfighter, notpineclone, aquatic, cost6orless, randomplantcard, mayflower"
90,910b506e-b3c2-4fdc-ae7c-d420121bf694,Pea-Nut,Plants,Guardian,Gold,0,R1,Bloom_Common,3,2,4,3,2,4,50,15,False,False,True,False,False,True,False,False,False,False,True,10,10,0,"Peashooter, Nut","defense, teamup, anyplantfighter, notpineclone, weenie, cost6orless, randomplantcard"
91,42c3b1b3-32b7-45e3-b1e2-22a71b56bcd3,Prickly Pear,Plants,Guardian,Gold,1,R2,Bloom_Rare,5,,10,5,0,10,250,50,False,False,True,False,False,True,False,False,False,False,True,11,25,1,"Cactus, Fruit","teamup, destroy, anyplantfighter, notpineclone, cost6orless, randomplantcard, defense"
92,00f8f7f7-47ed-435e-91cf-1bccf134d528,Spineapple,Plants,Guardian,Silver,4,R0,Dawn_Common,3,,3,3,0,3,25,0,False,False,True,False,False,False,False,False,False,False,True,8,21,1,Fruit,"attack, anyplantfighter, teamup, notpineclone, cost6orless, randomplantcard"
94,74c87b4c-55fe-4745-8d6c-9ac4fd8ed082,Soul Patch,Plants,Guardian,Gold,3,R4,Bloom_Legendary,6,5,10,6,5,10,4000,1000,False,False,True,False,False,False,False,False,False,False,True,11,24,1,"Flower, Root","defense, notpineclone, control, fatty, randomplantcard, anyplantfighter, plantlegend"
95,d1f9eaca-3a91-44cf-9cb2-dc2506cbec73,Wall-Nut Bowling,Plants,Guardian,Gold,3,R4,Bloom_Legendary,8,,,8,0,0,4000,1000,False,False,False,False,False,False,True,False,False,False,True,8,27,2,Nut,"damage, defense, destroy, randomplantcard, plantlegend"
96,354f4b16-4381-4c8c-b524-e8cfedae524f,Nut Signal,Plants,Guardian,Superpower,2,R3,Superpower_SuperRare,1,,,1,0,0,0,0,False,True,False,False,False,False,True,False,False,False,True,9,33,2,Nut,"defense, teamup"
97,582a8395-5f6e-425c-b94c-04a7bfec877d,Shroom for Two,Plants,Kabloom,Gold,1,R2,Bloom_Rare,1,1,1,1,1,1,250,50,False,False,True,False,False,False,False,False,False,False,True,9,19,1,Mushroom,"weenie, anyplantfighter, notpineclone, rush, cost6orless, randomplantcard"
98,75f7fdda-1d3e-4b8f-8ffb-4db6c72c7533,Mushroom Ringleader,Plants,Kabloom,Gold,0,R1,Bloom_Common,3,,1,3,0,1,50,15,False,False,True,False,False,False,False,False,False,False,True,8,24,1,Mushroom,"weenie, rush, notpineclone, cost6orless, randomplantcard, anyplantfighter"
99,4365550a-8305-4982-a28a-51717cd38753,Poison Ivy,Plants,Kabloom,Gold,0,R1,Bloom_Common,3,1,3,3,1,3,50,15,False,False,True,False,False,False,False,False,False,False,True,10,20,1,"Leafy, Berry","weenie, rush, anyplantfighter, notpineclone, poison, cost6orless, randomplantcard"
100,1b84d98f-208b-4ff4-9ec6-7f409fa80c2a,Buff-Shroom,Plants,Kabloom,Silver,4,R0,Dawn_Common,2,1,1,2,1,1,25,0,False,False,True,False,False,False,False,False,False,False,True,9,22,1,Mushroom,"anyplantfighter, notpineclone, cost6orless, narrow, randomplantcard, buff"
101,632c9aa8-3c41-46ca-944d-5046bb4a6504,Petal-Morphosis,Plants,Kabloom,Gold,1,R2,Bloom_Rare,4,,,4,0,0,250,50,False,False,False,False,False,False,True,False,False,False,True,8,28,2,Flower,"needsfighter, randomplantcard"
102,76be5f28-4ad9-4206-984d-4565e4d660dd,Cherry Bomb,Plants,Kabloom,Gold,2,R3,Bloom_SuperRare,6,,,6,0,0,1000,250,False,False,False,False,False,False,True,False,False,False,True,8,15,1,Berry,"destroy, randomplantcard"
103,bd3f548c-51ca-4f6c-8621-85f0d9b81566,Wild Berry,Plants,Kabloom,Gold,1,R2,Bloom_Rare,2,4,1,2,4,1,250,50,False,False,True,False,False,False,False,False,False,False,True,10,34,2,Berry,"weenie, anyplantfighter, notpineclone, rush, cost6orless, randomplantcard"
104,3d2607ff-8b12-4bc4-b4fc-bf46832982b2,Pair of Pears,Plants,Kabloom,Gold,0,R1,Bloom_Common,4,2,2,4,2,2,50,15,False,False,True,False,False,False,False,False,False,False,True,9,19,1,Fruit,"anyplantfighter, notpineclone, teamup, cost6orless, randomplantcard"
105,dc355a05-2b88-4548-a110-ef7600c884e4,Poison Mushroom,Plants,Kabloom,Gold,0,R1,Bloom_Common,1,1,1,1,1,1,50,15,False,False,True,False,False,False,False,False,False,False,True,10,20,1,Mushroom,"weenie, rush, notpineclone, poison, cost6orless, randomplantcard, anyplantfighter"
106,b0d7a262-e918-4987-b99a-5ae2312b8d7d,Sizzle,Plants,Kabloom,Gold,0,R1,Bloom_Common,3,,,3,0,0,50,15,False,False,False,False,False,False,True,False,False,False,True,7,16,1,,"sun, damage, destroy, randomplantcard"
107,627d117b-a687-47ed-99bf-0301850012aa,Seedling,Plants,Kabloom,Silver,4,R0,Dawn_Common,2,,2,2,0,2,25,0,False,False,True,False,False,False,False,False,False,False,True,9,19,1,Seed,"draw, sun, notpineclone, cost6orless, randomplantcard, anyplantfighter"
108,28d5dfae-7e2f-4f1d-9694-3e933922d56e,Grapes of Wrath,Plants,Kabloom,Gold,2,R3,Bloom_SuperRare,7,6,6,7,6,6,1000,250,False,False,True,False,False,False,False,False,False,False,True,10,21,1,Berry,"damage, anyplantfighter, fatty, notpineclone, randomplantcard"
109,2890ebec-2c12-40b0-8b42-9efb7d52527a,Sergeant Strongberry,Plants,Kabloom,Gold,2,R3,Bloom_SuperRare,4,4,3,4,4,3,1000,1000,False,False,True,False,False,False,False,False,False,False,True,10,35,1,Berry,"notpineclone, cost6orless, narrow, randomplantcard, anyplantfighter"
110,8da0baad-b03e-445f-b449-4260bc04ff7b,Pineclone,Plants,Kabloom,Gold,3,R4,Bloom_Legendary,4,3,3,4,3,3,4000,1000,False,False,True,False,False,False,False,False,False,False,True,9,24,1,Pinecone,"attack, anyplantfighter, pineclone, cost6orless, randomplantcard, plantlegend"
111,3543764d-7f3b-4d90-aefb-1f32f22fd477,Cornucopia,Plants,Solar,Gold,3,R4,Bloom_Legendary,9,6,6,9,6,6,4000,1000,False,False,True,False,False,False,False,False,False,False,True,9,22,1,"Corn, Fruit","fatty, anyplantfighter, notpineclone, randomplantcard, mayflower, plantlegend"
113,e3e91f0b-767f-4f69-b325-47c7573e29c8,Repeater,Plants,MegaGro,Silver,4,R0,Dawn_Common,3,2,3,3,2,3,25,0,False,False,True,False,False,False,False,False,False,False,True,10,10,0,Peashooter,"bonus, anyplantfighter, notpineclone, weenie, cost6orless, randomplantcard"
114,2e4ae395-c3e2-4447-a28c-6d67c18c4f61,Torchwood,Plants,MegaGro,Silver,4,R0,Dawn_Common,1,,3,1,0,3,25,0,False,False,True,False,False,True,False,False,False,False,True,11,22,1,Tree,"anyplantfighter, notpineclone, cost6orless, narrow, randomplantcard"
115,c75c605c-1b68-4e22-9a81-b805932007b6,Super-Phat Beets,Plants,MegaGro,Gold,1,R2,Bloom_Rare,6,4,4,6,4,4,250,50,False,False,True,False,False,False,False,False,False,False,True,9,24,1,Root,"fatty, anyplantfighter, teamup, notpineclone, cost6orless, randomplantcard"
116,75ef5193-d566-488e-8af4-7670da55b58e,Pea Pod,Plants,MegaGro,Gold,0,R1,Bloom_Common,1,1,1,1,1,1,50,15,False,False,True,False,False,False,False,False,False,False,True,10,19,1,Peashooter,"weenie, grow, anyplantfighter, notpineclone, cost6orless, randomplantcard"
117,979c3287-7555-42d5-a733-8a524815493c,Party Thyme,Plants,MegaGro,Gold,2,R3,Bloom_SuperRare,1,2,2,1,2,2,1000,250,False,False,True,False,False,False,False,False,False,False,True,10,27,1,Leafy,"bonus, notpineclone, anyplantfighter, cost6orless, narrow, randomplantcard"
118,002f2d4b-7b58-4c32-86f1-0bd414848d4b,Plant Food,Plants,MegaGro,Gold,1,R2,Bloom_Rare,4,,,4,0,0,250,50,False,False,False,False,False,False,True,False,False,False,True,7,25,2,,"buff, needsfighter, bonus, attack, randomplantcard"
119,40132ca9-caec-42c0-b51d-c92b0c45d352,Sweet Potato,Plants,MegaGro,Gold,0,R1,Bloom_Common,1,,3,1,0,3,50,15,False,False,True,False,False,True,False,False,False,False,True,10,24,1,Root,"teamup, control, notpineclone, cost6orless, randomplantcard, anyplantfighter"
120,9fd8f05f-d64c-4d7d-ab74-f483a650ce7a,Re-Peat Moss,Plants,MegaGro,Gold,1,R2,Bloom_Rare,4,2,3,4,2,3,250,50,False,False,True,False,False,False,False,False,False,False,True,10,23,1,Moss,"trick, bonus, notpineclone, cost6orless, randomplantcard, anyplantfighter"
122,20c29686-5b91-4541-9a4e-0f7125bb5ab2,Black-Eyed Pea,Plants,MegaGro,Gold,2,R3,Bloom_SuperRare,2,2,2,2,2,2,1000,250,False,False,True,False,False,False,False,False,False,False,True,10,23,1,"Bean, Peashooter","control, grow, notpineclone, cost6orless, randomplantcard, anyplantfighter, mayflower"
123,c08bfe63-390d-4d2d-a498-362b37b98abd,Potted Powerhouse,Plants,MegaGro,Gold,2,R3,Bloom_SuperRare,5,4,4,5,4,4,1000,250,False,False,True,False,False,False,False,False,False,False,True,9,21,1,Leafy,"fatty, grow, notpineclone, cost6orless, randomplantcard, anyplantfighter"
124,61bddb85-301a-4841-bf11-458f6f0d5212,Morning Glory,Plants,Solar,Gold,0,R1,Bloom_Common,1,2,2,1,2,2,50,15,False,False,True,False,False,False,False,False,False,False,True,9,21,1,Flower,"sun, notpineclone, cost6orless, randomplantcard, anyplantfighter"
125,bff2831b-adbe-464d-a19c-021b1730a01d,Doubled Mint,Plants,MegaGro,Gold,3,R4,Bloom_Legendary,2,1,2,2,1,2,4000,1000,False,False,True,False,False,False,False,False,False,False,True,10,20,1,Leafy,"fatty, grow, notpineclone, cost6orless, randomplantcard, anyplantfighter, plantlegend"
126,2191604d-1bc0-4579-824a-5d41f8ebed2d,Bananasaurus Rex,Plants,MegaGro,Gold,3,R4,Bloom_Legendary,4,3,3,4,3,3,4000,1000,False,False,True,False,False,False,False,False,False,False,True,11,24,1,"Animal, Fruit","fatty, grow, notpineclone, draw, cost6orless, randomplantcard, anyplantfighter, plantlegend"
127,e442ad43-7078-4514-8345-80ab7865f163,Jumping Bean,Plants,Smarty,Gold,1,R2,Bloom_Rare,5,3,2,5,3,2,250,50,False,False,True,False,False,False,False,False,False,False,True,9,21,1,Bean,"control, anyplantfighter, notpineclone, cost6orless, randomplantcard, mayflower"
128,8570c741-f4b7-455b-9075-8312c6b2bb96,Chilly Pepper,Plants,Smarty,Gold,1,R2,Bloom_Rare,3,2,1,3,2,1,250,50,False,False,True,False,False,False,False,False,False,False,True,9,21,1,Fruit,"freeze, control, anyplantfighter, notpineclone, cost6orless, randomplantcard"
129,ed882956-00ad-4921-81bf-d861704cd3ec,Spring Bean,Plants,Smarty,Gold,0,R1,Bloom_Common,3,,,3,0,0,50,15,False,False,False,False,False,False,True,False,False,False,True,8,17,1,Bean,"control, randomplantcard, mayflower"
130,21bd8b9b-9fc4-47cc-8cbd-cafced2f7df5,Rescue Radish,Plants,Smarty,Gold,0,R1,Bloom_Common,3,3,4,3,3,4,50,15,False,False,True,False,False,False,False,False,False,False,True,9,23,1,Root,"control, anyplantfighter, notpineclone, cost6orless, randomplantcard, weenie"
131,774897dd-cd95-4bb6-8c10-7a01c2d4c405,Snowdrop,Plants,Smarty,Silver,4,R0,Dawn_Common,1,1,2,1,1,2,25,0,False,False,True,False,False,False,False,False,False,False,True,10,23,1,Flower,"freeze, anyplantfighter, notpineclone, cost6orless, narrow, randomplantcard"
132,54a3f5a2-d015-47de-ad15-861b2072f35b,Carrotillery,Plants,Smarty,Gold,0,R1,Bloom_Common,4,5,3,4,5,3,50,15,False,False,True,False,False,True,False,False,False,False,True,9,9,0,Root,"teamup, fatty, notpineclone, cost6orless, randomplantcard, anyplantfighter"
133,1a68871b-6f3e-414c-8b5b-3d93583592e1,Threepeater,Plants,Smarty,Silver,4,R0,Dawn_Common,5,1,5,5,1,5,25,0,False,False,True,False,False,False,False,False,False,False,True,10,10,0,Peashooter,"bonus, splash, notpineclone, anyplantfighter, cost6orless, randomplantcard"
134,0e3d2b25-8482-4a60-a28c-9e0ed007fb6b,Winter Squash,Plants,Smarty,Gold,2,R3,Bloom_SuperRare,4,2,6,4,2,6,1000,250,False,False,True,False,False,False,False,False,False,False,True,10,26,1,Squash,"freeze, notpineclone, anyplantfighter, cost6orless, narrow, randomplantcard, mayflower"
135,61210b9f-f1e5-4d65-bc00-3ba29af09d11,Big Chill,Plants,Smarty,Superpower,2,R3,Superpower_SuperRare,1,,,1,0,0,0,0,False,True,False,False,False,False,True,False,False,False,True,8,26,2,,"freeze, control"
136,bef2858d-2bd7-44c9-8ad8-807867aeb06d,Whirlwind,Plants,Smarty,Superpower,2,R3,Superpower_SuperRare,1,,,1,0,0,0,0,False,True,False,False,False,False,True,False,False,False,True,8,17,1,,control
137,177fd8b4-532b-4d34-9ea9-a134ff807b1e,Snow Pea,Plants,Smarty,Silver,4,R0,Dawn_Common,2,2,2,2,2,2,25,0,False,False,True,False,False,False,False,False,False,False,True,10,29,1,Peashooter,"freeze, anyplantfighter, notpineclone, cost6orless, randomplantcard"
138,573988ca-627c-4734-ab35-08f5d8e6781a,Shellery,Plants,Smarty,Gold,0,R1,Bloom_Common,1,2,1,1,2,1,50,15,False,False,True,False,False,True,False,False,False,False,True,9,9,0,Leafy,"weenie, rush, notpineclone, cost6orless, randomplantcard, anyplantfighter"
139,a2bf2b9a-6b9a-437e-b980-8f02dcc08eed,Fume-Shroom,Plants,Solar,Gold,0,R1,Bloom_Common,2,2,1,2,2,1,50,15,False,False,True,False,False,False,False,False,False,False,True,9,9,0,Mushroom,"damage, anyplantfighter, notpineclone, weenie, cost6orless, randomplantcard"
140,96789300-5280-486d-a5ea-007de33d15f4,Iceberg Lettuce,Plants,Smarty,Gold,0,R1,Bloom_Common,1,,,1,0,0,50,15,False,False,False,False,False,False,True,False,False,False,True,8,17,1,Leafy,"freeze, control, needsfighter, randomplantcard"
141,8ab124be-1d2f-4de4-b634-5ebb72be63a6,Bean Counter,Plants,Smarty,Gold,2,R3,Bloom_SuperRare,4,1,1,4,1,1,1000,250,False,False,True,False,False,True,False,False,False,False,True,10,37,2,Bean,"weenie, grow, notpineclone, cost6orless, randomplantcard, anyplantfighter, mayflower"
142,c1fa45e8-0d29-4f3a-9e6d-be40e1e82443,Brainana,Plants,Smarty,Gold,3,R4,Bloom_Legendary,6,4,3,6,4,3,4000,1000,False,False,True,False,True,False,False,False,False,False,True,10,22,1,Fruit,"control, anyplantfighter, notpineclone, cost6orless, randomplantcard, anyaquaticplantfighter, plantlegend"
143,2aa11f52-3fac-4ec5-8719-8adde30ad7f5,Winter Melon,Plants,Smarty,Gold,3,R4,Bloom_Legendary,6,4,5,6,4,5,4000,1000,False,False,True,False,False,False,False,False,False,False,True,11,43,2,Fruit,"splash, freeze, fatty, notpineclone, randomplantcard, anyplantfighter, plantlegend"
145,aee670d7-eb0d-4c36-9a36-78ec2e5dc64d,Snapdragon,Plants,Smarty,Gold,2,R3,Bloom_SuperRare,4,3,3,4,3,3,1000,250,False,False,True,False,True,False,False,False,False,False,True,11,11,0,"Dragon, Flower","splash, notpineclone, anyplantfighter, cost6orless, randomplantcard"
146,8b59faf7-3a5a-4d5b-808a-4a7e1d44299f,Transmogrify,Plants,Smarty,Superpower,2,R3,Superpower_SuperRare,1,,,1,0,0,0,0,False,True,False,False,False,False,True,False,False,False,True,8,18,1,,destroy
147,3f961cab-1ca4-4f5e-93b8-1c0383220450,Sunflower,Plants,Solar,Silver,4,R0,Dawn_Common,1,,1,1,0,1,25,0,False,False,True,False,False,True,False,False,False,False,True,10,21,1,Flower,"teamup, sun, anyplantfighter, notpineclone, cost6orless, randomplantcard"
148,dd680222-dee2-40d9-949f-bbe0c8782de1,Sage Sage,Plants,Solar,Gold,1,R2,Bloom_Rare,2,2,3,2,2,3,250,50,False,False,True,False,False,False,False,False,False,False,True,9,23,1,Leafy,"sun, draw, anyplantfighter, notpineclone, weenie, cost6orless, randomplantcard"
149,f38aed44-d60b-448d-a82b-6482e850e53a,Mixed Nuts,Plants,Solar,Silver,4,R0,Dawn_Common,2,2,2,2,2,2,25,0,False,False,True,False,False,False,False,False,False,False,True,9,25,1,Nut,"teamup, anyplantfighter, notpineclone, cost6orless, narrow, randomplantcard"
150,2fffc28d-0278-446b-ae3b-ddd52d838a45,Bloomerang,Plants,Solar,Gold,0,R1,Bloom_Common,4,3,5,4,3,5,50,15,False,False,True,False,False,False,False,False,False,False,True,9,9,0,Flower,"damage, notpineclone, anyplantfighter, cost6orless, randomplantcard"
151,47eb7229-0e75-4f28-b176-e03c63cd617e,Power Flower,Plants,Solar,Gold,1,R2,Bloom_Rare,4,3,5,4,3,5,250,50,False,False,True,False,False,False,False,False,False,False,True,11,28,1,Flower,"heal, anyplantfighter, notpineclone, fatty, cost6orless, randomplantcard"
152,e7e8acfb-2446-4ef3-9743-b2e47507148e,Venus Flytrap,Plants,Solar,Gold,0,R1,Bloom_Common,3,3,1,3,3,1,50,15,False,False,True,False,False,False,False,False,False,False,True,10,26,1,Flytrap,"heal, anyplantfighter, notpineclone, weenie, cost6orless, randomplantcard"
153,c8ea45d6-f8a3-4c3b-bd8f-b9f0ae6c8b4a,Pepper M.D.,Plants,Solar,Gold,0,R1,Bloom_Common,2,2,2,2,2,2,50,15,False,False,True,False,False,False,False,False,False,False,True,10,36,2,Fruit,"grow, heal, anyplantfighter, notpineclone, narrow, cost6orless, randomplantcard"
154,4444f545-7ee5-45e3-8e14-4114e108046b,Metal Petal Sunflower,Plants,Solar,Gold,0,R1,Bloom_Common,4,3,4,4,3,4,50,15,False,False,True,False,False,False,False,False,False,False,True,10,21,1,Flower,"sun, anyplantfighter, notpineclone, cost6orless, randomplantcard"
155,dd18dcd6-4d64-45bc-ac10-8c6eb2c74566,Geyser,Plants,Solar,Superpower,2,R3,Superpower_SuperRare,1,,,1,0,0,0,0,False,True,False,False,False,False,True,False,False,False,True,8,27,1,,heal
156,7a306a86-c517-4120-a2df-c2ecceadde7c,Muscle Sprout,Plants,MegaGro,Gold,3,R4,Bloom_Legendary,3,3,2,3,3,2,4000,1000,False,False,True,False,False,False,False,False,False,False,True,10,25,1,Leafy,"weenie, anyplantfighter, notpineclone, fatty, cost6orless, randomplantcard, grow, plantlegend"
157,4b41ff4a-c917-4286-b746-009827183014,Twin Sunflower,Plants,Solar,Gold,2,R3,Bloom_SuperRare,2,,2,2,0,2,1000,250,False,False,True,False,False,True,False,False,False,False,True,10,21,1,Flower,"sun, teamup, anyplantfighter, cost6orless, randomplantcard, notpineclone"
158,48097dc6-7a51-42ad-8381-38ccbf7e90dc,Laser Bean,Plants,Solar,Gold,2,R3,Bloom_SuperRare,6,,5,6,0,5,1000,250,False,False,True,False,False,False,False,False,False,False,True,9,23,1,Bean,"fatty, damage, notpineclone, anyplantfighter, cost6orless, randomplantcard, mayflower"
159,5af23a1d-74ab-4d72-881c-3f4dddc403a3,Lawnmower,Plants,Solar,Gold,1,R2,Bloom_Rare,4,,,4,0,0,250,50,False,False,False,False,False,False,True,False,False,False,True,7,17,1,,"destroy, randomplantcard"
160,c413724f-ad62-4d45-8b8c-c78dc8f01c2d,Chomper,Plants,Solar,Gold,2,R3,Bloom_SuperRare,4,2,3,4,2,3,1000,250,False,False,True,False,False,False,False,False,False,False,True,9,23,1,Flytrap,"destroy, anyplantfighter, notpineclone, fatty, randomplantcard, cost6orless"
161,20d61ef9-56f4-4c34-b37b-116d023956bf,Magnifying Grass,Plants,Solar,Gold,1,R2,Bloom_Rare,3,,2,3,0,2,250,50,False,False,True,False,False,False,False,False,False,False,True,9,20,1,Leafy,"weenie, sun, notpineclone, anyplantfighter, cost6orless, randomplantcard"
163,028be0b0-bf87-417a-8346-3e5bdcf247f9,Briar Rose,Plants,Solar,Gold,3,R4,Bloom_Legendary,5,4,5,5,4,5,4000,4000,False,False,True,False,False,False,False,False,False,False,True,10,27,1,Flower,"notpineclone, anyplantfighter, cost6orless, narrow, randomplantcard, destroy, plantlegend"
164,94cef52d-6637-495c-a339-f3a3a2d6699a,Dandy Lion King,Plants,Kabloom,Gold,3,R4,Bloom_Legendary,6,4,4,6,4,4,4000,1000,False,False,True,False,False,False,False,False,False,False,True,9,22,1,"Flower, Animal","damage, fatty, notpineclone, anyplantfighter, cost6orless, randomplantcard, plantlegend"
165,30d8fec3-e1d1-483d-b358-92d37e1f1041,Three-Headed Chomper,Plants,Solar,Gold,3,R4,Bloom_Legendary,6,6,6,6,6,6,4000,1000,False,False,True,False,False,False,False,False,False,False,True,10,27,1,Flytrap,"fatty, destroy, anyplantfighter, notpineclone, randomplantcard, cost6orless, plantlegend"
166,c2018a7b-9ab7-4c6c-bad7-09b6972d544a,Space Cadet,Zombies,Brainy,Token,4,R0,Token,2,2,3,2,2,3,0,0,False,False,True,False,False,False,False,False,False,False,True,8,8,0,Science,"randomzombie, randomzombiefighter, 2costzombie, can be transmogrified"
167,06e07806-2706-47ce-82b2-4bd2915a9b62,Electrician,Zombies,Brainy,Gold,2,R3,Bloom_SuperRare,3,2,3,3,2,3,1000,250,False,False,True,False,False,False,False,False,False,False,True,10,22,1,"Mustache, Science","gravestone, randomzombie, bonus, can be gravestone, randomzombiefighter, weenie"
168,2046244f-4138-4f18-99b4-b53d55795579,Paparazzi Zombie,Zombies,Brainy,Silver,4,R0,Dawn_Common,1,1,1,1,1,1,25,0,False,False,True,False,False,False,False,False,False,False,True,10,23,1,"Professional, Party","trick, weenie, randomzombie, can be transmogrified, randomzombiefighter, 2costzombie"
169,ef75a4c7-f0ba-4da5-88bd-32cb58a487b0,Pool Shark,Zombies,Brainy,Gold,0,R1,Bloom_Common,2,3,1,2,3,1,50,15,False,False,True,False,False,False,False,False,False,False,True,9,9,0,"Mustache, Sports","truestrike, weenie, 2costzombie, randomzombie, can be transmogrified, randomzombiefighter"
170,2067f3e7-2cbc-4db9-8475-61f11cf675ba,Gadget Scientist,Zombies,Brainy,Gold,1,R2,Bloom_Rare,5,3,3,5,3,3,250,50,False,False,True,False,False,False,False,False,False,False,True,9,22,1,Science,"bonus, randomzombie, randomzombiefighter, narrow"
171,60c7f3aa-9e56-469d-a1df-924591098273,Rocket Science,Zombies,Brainy,Gold,2,R3,Bloom_SuperRare,3,,,3,0,0,1000,250,False,False,False,False,False,False,True,True,False,False,True,9,19,1,"Science, Barrel","destroy, randomzombie, randomzombietrick"
172,4bc41e8e-0ca2-4366-9373-5a97efd60fdc,Cut Down to Size,Zombies,Brainy,Superpower,2,R3,Superpower_SuperRare,1,,,1,0,0,0,0,False,True,False,False,False,False,True,True,False,False,True,9,19,1,,destroy
174,684e153f-f50c-42cd-8a84-046c581629b8,Zombot Drone Engineer,Zombies,Brainy,Gold,0,R1,Bloom_Common,2,1,4,2,1,4,50,15,False,False,True,False,False,False,False,False,False,False,True,11,27,1,"Mustache, Science","buff, 2costzombie, randomzombie, can be transmogrified, randomzombiefighter, can be gravestone"
175,9d127a5d-f8bb-4b6a-a143-19aab4e6c013,Brain Vendor,Zombies,Brainy,Gold,0,R1,Bloom_Common,3,2,1,3,2,1,50,15,False,False,True,False,False,False,False,False,False,False,True,9,21,1,"Gourmet, Sports","brains, randomzombie, weenie, randomzombiefighter"
176,5da9af96-84ae-42aa-8e6d-ff7f76924b8a,Copter Commando,Zombies,Brainy,Set3,0,R1,Colossal_Uncommon,5,6,5,5,6,5,50,15,False,False,True,False,False,False,False,False,False,False,True,8,8,0,"Science, Imp",set3zombie
177,f407b1b9-69ac-478e-9e53-def5aaf4d5d3,Lurch for Lunch,Zombies,Brainy,Silver,4,R0,Dawn_Common,2,,,2,0,0,25,0,False,False,False,False,False,False,True,True,False,False,True,9,18,1,Gourmet,"bonus, needsfighter, randomzombie, randomzombietrick"
178,13d7b729-74ad-4606-95de-f8b2e68011f1,Wizard Gargantuar,Zombies,Brainy,Gold,1,R2,Bloom_Rare,6,5,6,6,5,6,250,50,False,False,True,False,False,False,False,False,False,False,True,11,40,2,"Mustache, Gargantuar","truestrike, fatty, gargantuar, randomzombie, randomzombiefighter"
180,1a92d805-d288-4d12-9a5e-ce0099a98132,Mad Chemist,Zombies,Brainy,Gold,2,R3,Bloom_SuperRare,4,3,5,4,3,5,1000,250,False,False,True,False,False,False,False,False,False,False,True,11,34,2,Science,"draw, tricks, randomzombie, can be gravestone, gravestone, randomzombiefighter"
181,5aad6be7-3a48-4c49-b82b-2b244bb0128a,Trickster,Zombies,Brainy,Gold,3,R4,Bloom_Legendary,10,6,6,10,6,6,4000,1000,False,False,True,False,False,False,False,False,False,False,True,9,30,2,Party,"bonus, trick, fatty, randomzombie, randomzombiefighter, zombielegend"
182,6f7bc43a-c755-438d-93e8-40a040b0a3c9,Shieldcrusher Viking,Zombies,Brainy,Gold,3,R4,Bloom_Legendary,5,7,5,5,7,5,4000,1000,False,False,True,False,False,False,False,False,False,False,True,11,36,2,"Mustache, Pirate","truestrike, fatty, control, randomzombie, randomzombiefighter, piratezombie, notplankwalker, zombielegend"
185,810102c3-be34-41de-b192-b0bd57028bfa,Evaporate,Zombies,Hungry,Superpower,2,R3,Superpower_SuperRare,1,,,1,0,0,0,0,False,True,False,False,False,False,True,True,False,False,True,9,28,2,,"freeze, control"
186,c5355f21-cee7-4c06-9104-48c50f082e42,Arm Wrestler,Zombies,Hearty,Gold,0,R1,Bloom_Common,1,2,2,1,2,2,50,15,False,False,True,False,False,False,False,False,False,False,True,10,38,2,Sports,"weenie, grow, randomzombie, can be transmogrified, randomzombiefighter, 2costzombie"
187,6a10c22c-b7a3-4756-bdfa-b5f608a58c6c,Sumo Wrestler,Zombies,Hearty,Gold,1,R2,Bloom_Rare,2,2,3,2,2,3,250,50,False,False,True,False,False,False,False,False,False,False,True,10,27,1,Sports,"control, 2costzombie, randomzombie, can be transmogrified, weenie, gravestone, randomzombiefighter, can be gravestone"
188,093b45c2-b603-4619-b669-15933b7c4364,Power Pummel,Plants,"MegaGro, Guardian",Hero,3,R4,Bloom_Legendary,1,,,1,0,0,0,0,True,True,False,False,False,False,True,False,False,False,True,9,23,1,Leafy,
189,c4e36e6b-abef-496b-9eb7-cdbc3fead0ba,Rolling Stone,Zombies,Hearty,Silver,4,R0,Dawn_Common,1,,,1,0,0,25,0,False,False,False,False,False,False,True,True,False,False,True,8,18,1,,"destroy, randomzombietrick, randomzombie"
190,48e5e486-e3e9-4d79-8f7d-60f754bd1a29,Zombie Coach,Zombies,Hearty,Gold,1,R2,Bloom_Rare,4,3,3,4,3,3,250,50,False,False,True,False,False,False,False,False,False,False,True,9,22,1,"Mustache, Sports","defense, randomzombie, randomzombiefighter"
191,cf645429-7b8f-40cc-8062-64f898b2014e,Flag Zombie,Zombies,Hearty,Gold,0,R1,Bloom_Common,2,1,3,2,1,3,50,15,False,False,True,False,False,False,False,False,False,False,True,10,22,1,Professional,"brains, 2costzombie, randomzombie, can be transmogrified, randomzombiefighter"
193,515f1709-c431-4ca8-98fa-893592c3b475,Buckethead,Zombies,Hearty,Gold,0,R1,Bloom_Common,4,3,4,4,3,4,50,15,False,False,True,False,False,False,False,False,False,False,True,9,9,0,Professional,"randomzombie, defense, randomzombiefighter"
194,7e714922-6a72-4e15-b26f-e3ef6e18cd3a,Trash Can Zombie,Zombies,Hearty,Gold,0,R1,Bloom_Common,3,2,3,3,2,3,50,15,False,False,True,False,False,False,False,False,False,False,True,10,20,1,"Professional, Barrel","gravestone, randomzombie, can be gravestone, randomzombiefighter, defense"
195,b3533249-9947-4f7c-b98f-7609a5151df3,Knight of the Living Dead,Zombies,Hearty,Gold,1,R2,Bloom_Rare,7,5,5,7,5,5,250,50,False,False,True,False,False,False,False,False,False,False,True,9,9,0,"History, Sports","defense, randomzombie, knightofthelivingdead, randomzombiefighter"
196,8e314da9-4efb-4154-855c-d417f9118885,Ra Zombie,Zombies,Hearty,Gold,0,R1,Bloom_Common,5,3,4,5,3,4,50,15,False,False,True,False,False,False,False,False,False,False,True,9,21,1,"History, Pet","control, randomzombie, randomzombiefighter"
197,945925cf-e1af-40c1-b954-b2cc5b81cede,Weed Spray,Zombies,Hearty,Gold,2,R3,Bloom_SuperRare,3,,,3,0,0,1000,250,False,False,False,False,False,False,True,True,False,False,True,8,18,1,,"destroy, randomzombie, randomzombietrick"
198,d7ef14f3-ba20-4133-9015-253c4af90a8e,Rodeo Gargantuar,Zombies,Hearty,Gold,1,R2,Bloom_Rare,7,5,9,7,5,9,250,50,False,False,True,False,False,False,False,False,False,False,True,10,24,1,"Sports, Gargantuar","control, fatty, gargantuar, randomzombie, can be gravestone, gravestone, randomzombiefighter"
199,70e5e94b-5b82-4648-9011-ad1182c71b48,Zombie King,Zombies,Hearty,Gold,3,R4,Bloom_Legendary,4,3,6,4,3,6,4000,1000,False,False,True,False,False,False,False,False,False,False,True,10,28,1,"Mustache, History","defense, randomzombie, randomzombiefighter, zombielegend"
200,1ce967f1-eb5b-44e7-9323-c965bf421ff0,Team Mascot,Zombies,Hearty,Silver,4,R0,Dawn_Common,3,1,4,3,1,4,25,0,False,False,True,False,False,False,False,False,False,False,True,10,22,1,"Sports, Imp","buff, grow, randomzombie, randomzombiefighter"
201,f2de08df-a483-4cad-b64c-c6efb337d4ec,Undying Pharaoh,Zombies,Hearty,Gold,3,R4,Bloom_Legendary,6,4,6,6,4,6,4000,1000,False,False,True,False,False,False,False,False,False,False,True,11,22,1,History,"control, defense, fatty, randomzombie, randomzombiefighter, zombielegend"
202,b7c9550b-bce2-494f-af9a-1588dca7389d,Wannabe Hero,Zombies,Hearty,Gold,3,R4,Bloom_Legendary,7,6,1,7,6,1,4000,1000,False,False,True,False,False,False,False,False,False,False,True,10,33,2,Gargantuar,"fatty, randomzombie, defense, randomzombiefighter, gargantuar, zombielegend"
203,673954f8-7e13-4d1d-aa3a-faf3193cff7d,Zombot's Wrath,Zombies,Madcap,Gold,1,R2,Bloom_Rare,2,,,2,0,0,250,50,False,False,False,False,False,False,True,True,False,False,True,9,29,1,"Science, Gargantuar","randomzombie, damage, destroy, randomzombietrick"
204,d9958a86-9798-4597-9b44-b6483f03304a,Dog Walker,Zombies,Hungry,Gold,0,R1,Bloom_Common,1,2,2,1,2,2,50,15,False,False,True,False,False,False,False,False,False,False,True,10,25,1,Pet,"weenie, randomzombie, can be transmogrified, control, randomzombiefighter, 2costzombie"
205,e68a7ed1-81fa-4bb1-8e53-04f173cb7d1a,Pied Piper,Zombies,Hungry,Silver,4,R0,Dawn_Common,2,2,1,2,2,1,25,0,False,False,True,False,False,False,False,False,False,False,True,10,23,1,"Dancing, Pet","gravestone, destroy, randomzombie, can be gravestone, randomzombiefighter, can be transmogrified, 2costzombie"
206,7e3a5247-ac44-4e1c-8e67-9470db7ced26,Haunting Zombie,Zombies,Hungry,Gold,0,R1,Bloom_Common,2,2,1,2,2,1,50,15,False,False,True,False,False,False,False,False,False,False,True,10,24,1,Monster,"weenie, 2costzombie, randomzombie, can be transmogrified, randomzombiefighter"
207,2a6a346b-bb24-4d25-98b2-a242c5ffd1be,Smashing Gargantuar,Zombies,Hungry,Gold,1,R2,Bloom_Rare,5,5,5,5,5,5,250,50,False,False,True,False,False,False,False,False,False,False,True,11,23,1,Gargantuar,"fatty, bonus, gargantuar, randomzombie, destroy, randomzombiefighter"
208,0ceb92dd-2a98-47ec-be7e-59174caf3d2b,Zookeeper,Zombies,Hungry,Silver,4,R0,Dawn_Common,2,1,3,2,1,3,25,0,False,False,True,False,False,False,False,False,False,False,True,10,30,1,"Pet, Professional","2costzombie, randomzombie, can be transmogrified, randomzombiefighter, narrow, attack"
209,075d072c-ff4b-4d25-b587-089a7771cc66,Coffee Zombie,Zombies,Hearty,Gold,2,R3,Bloom_SuperRare,6,5,4,6,5,4,1000,250,False,False,True,False,False,False,False,False,False,False,True,10,34,2,"Gourmet, Mustache","bonus, randomzombie, randomzombiefighter, buff, fatty"
210,0c3c04ed-b875-4c01-9ee8-ab5257791711,Acid Rain,Zombies,Hungry,Superpower,2,R3,Superpower_SuperRare,1,,,1,0,0,0,0,False,True,False,False,False,False,True,True,False,False,True,9,19,1,,destroy
213,d4e084f9-571b-4cf2-a76d-9a5a8093df62,B-flat,Zombies,Hungry,Gold,0,R1,Bloom_Common,3,,,3,0,0,50,15,False,False,False,False,False,False,True,True,False,False,True,9,18,1,Dancing,"destroy, randomzombie, randomzombietrick"
214,a2bb384f-6c59-4efc-a91a-3b3d3a524350,Zombie Yeti,Zombies,Hungry,Gold,2,R3,Bloom_SuperRare,3,3,3,3,3,3,1000,250,False,False,True,False,False,False,False,False,False,False,True,10,31,2,"Pet, Monster","buff, fatty, randomzombie, control, randomzombiefighter"
215,a89a2702-07f4-46d7-9bbc-f33d546a118e,Kangaroo Rider,Zombies,Hungry,Gold,1,R2,Bloom_Rare,4,4,4,4,4,4,250,50,False,False,True,False,False,False,False,False,False,False,True,10,20,1,"Imp, Pet","control, randomzombie, randomzombiefighter"
216,669a6dbb-4cc2-4211-9829-6f9a73062afc,Nurse Gargantuar,Zombies,Hungry,Gold,3,R4,Bloom_Legendary,7,6,6,7,6,6,4000,1000,False,False,True,False,False,False,False,False,False,False,True,10,57,2,"Professional, Gargantuar","fatty, heal, gargantuar, randomzombie, randomzombiefighter, zombielegend"
217,5e4b72fb-4f78-410a-b355-12c141ccc007,Maniacal Laugh,Zombies,Hungry,Gold,2,R3,Bloom_SuperRare,6,,,6,0,0,1000,250,False,False,False,False,False,False,True,True,False,False,True,8,26,2,,"fatty, buff, bonus, randomzombie, randomzombietrick, destroy"
218,317bf3e1-1686-4923-81a9-9d07934a0ae6,Octo Zombie,Zombies,Hungry,Gold,3,R4,Bloom_Legendary,8,8,8,8,8,8,4000,1000,False,False,True,False,True,False,False,False,False,False,True,12,42,2,Pet,"randomzombie, fatty, randomzombiefighter, zombielegend"
219,cc450c95-a3e4-4e82-852a-ad5e414e418f,Possessed,Zombies,Hearty,Superpower,2,R3,Superpower_SuperRare,1,,,1,0,0,0,0,False,True,False,False,False,False,True,True,False,False,True,9,27,2,,"bonus, buff"
220,80401e7e-626a-4c24-8e39-b61ee07aba99,Exploding Imp,Zombies,Madcap,Gold,1,R2,Bloom_Rare,3,6,1,3,6,1,250,50,False,False,True,False,False,False,False,False,False,False,True,11,20,1,Imp,"weenie, rush, randomzombie, randomzombiefighter, can be gravestone"
221,c9feb4d6-7296-40a8-9304-344410531126,Newspaper Zombie,Zombies,Madcap,Gold,0,R1,Bloom_Common,2,1,4,2,1,4,50,15,False,False,True,False,False,False,False,False,False,False,True,11,21,1,Professional,"weenie, 2costzombie, randomzombie, can be gravestone, gravestone, randomzombiefighter, can be transmogrified"
222,dade9aa2-0d5f-4f84-b265-e09a910f1845,Orchestra Conductor,Zombies,Madcap,Gold,0,R1,Bloom_Common,4,,2,4,0,2,50,15,False,False,True,False,False,False,False,False,False,False,True,8,20,1,"Dancing, History","weenie, buff, randomzombie, randomzombiefighter"
223,41c22056-f0e2-4d4e-b292-88bd3b94d76f,Flamenco Zombie,Zombies,Madcap,Silver,4,R0,Dawn_Common,5,3,1,5,3,1,25,0,False,False,True,False,False,False,False,False,False,False,True,9,26,1,Dancing,"damage, randomzombie, randomzombiefighter, narrow"
224,08010cd1-9506-4bdb-91b7-848f56136979,Disco Zombie,Zombies,Madcap,Silver,4,R0,Dawn_Common,3,3,1,3,3,1,25,0,False,False,True,False,False,False,False,False,False,False,True,9,27,1,Dancing,"weenie, randomzombie, randomzombiefighter"
225,b718e4c9-998d-445c-b197-d6ae03e61c30,Imp-Throwing Gargantuar,Zombies,Madcap,Gold,1,R2,Bloom_Rare,5,5,5,5,5,5,250,50,False,False,True,False,False,False,False,False,False,False,True,10,23,1,"Pirate, Gargantuar","fatty, gargantuar, randomzombie, randomzombiefighter, piratezombie, notplankwalker"
226,e45b5d39-342c-409d-8f63-9f2d5696acd4,Unlife of the Party,Zombies,Madcap,Gold,0,R1,Bloom_Common,1,1,1,1,1,1,50,15,False,False,True,False,False,False,False,False,False,False,True,10,26,1,"Dancing, Party","weenie, grow, randomzombie, can be transmogrified, randomzombiefighter, 2costzombie"
227,ebf03e87-a8ec-4e07-b8c4-11e4b807cbc5,Jester,Zombies,Madcap,Gold,1,R2,Bloom_Rare,3,1,5,3,1,5,250,50,False,False,True,False,False,False,False,False,False,False,True,11,25,1,"Dancing, Party","gravestone, destroy, randomzombie, can be gravestone, randomzombiefighter"
228,2e901695-83f7-4fa4-aa6b-35fc569e0c09,Foot Soldier Zombie,Zombies,Madcap,Gold,0,R1,Bloom_Common,5,3,4,5,3,4,50,15,False,False,True,False,False,False,False,False,False,False,True,9,26,1,Professional,"destroy, randomzombie, randomzombiefighter, damage"
230,37e7c15b-f476-4167-8dba-38acb11e8f82,Fireworks Zombie,Zombies,Madcap,Gold,2,R3,Bloom_SuperRare,3,3,4,3,3,4,1000,250,False,False,True,False,False,False,False,False,False,False,True,9,21,1,"Professional, Party","control, randomzombie, randomzombiefighter, destroy"
231,48c71740-6296-4649-b9ff-71bbb9fe9a71,Valkyrie,Zombies,Madcap,Gold,3,R4,Bloom_Legendary,4,,6,4,0,6,4000,4000,False,False,True,False,False,False,False,False,False,False,True,8,20,1,"Dancing, History","weenie, fatty, randomzombie, randomzombiefighter, zombielegend"
234,6937b0c6-a0c8-44e6-911d-8537f2424b64,Disco-Tron 3000,Zombies,Madcap,Gold,2,R3,Bloom_SuperRare,6,5,5,6,5,5,1000,250,False,False,True,False,False,False,False,False,False,False,True,10,28,1,"Dancing, Science","fatty, randomzombie, randomzombiefighter"
235,10288bf7-456f-4241-ba9c-7c1624a6cc05,Gargantuars' Feast,Zombies,Madcap,Gold,3,R4,Bloom_Legendary,11,,,11,0,0,4000,1000,False,False,False,False,False,False,True,True,False,False,True,9,16,1,"Gourmet, Gargantuar","fatty, randomzombie, randomzombietrick, damage, destroy, zombielegend"
236,445c8ac1-07dd-498e-9938-b30f42cec128,Dance Off,Zombies,Madcap,Superpower,2,R3,Superpower_SuperRare,1,,,1,0,0,0,0,False,True,False,False,False,False,True,True,False,False,True,10,40,2,Dancing,weenie
237,ad8576f3-914c-44cd-8745-3d2316f3409d,Zombie Chicken,Zombies,Sneaky,Gold,0,R1,Bloom_Common,1,2,2,1,2,2,50,15,False,False,True,False,False,False,False,False,False,False,True,10,26,1,Pet,"weenie, rush, randomzombie, can be transmogrified, randomzombiefighter, 2costzombie"
238,f91f9738-5bf4-4f18-8a14-754fc18dd401,Stealthy Imp,Zombies,Sneaky,Gold,0,R1,Bloom_Common,3,2,2,3,2,2,50,15,False,False,True,False,False,False,False,False,False,False,True,11,21,1,"Pirate, Imp","weenie, rush, gravestone, randomzombie, can be gravestone, poison, randomzombiefighter"
239,d49ce1c8-b66a-400a-84e6-4eb2acc1bd96,Smelly Zombie,Zombies,Sneaky,Silver,4,R0,Dawn_Common,3,2,4,3,2,4,25,0,False,False,True,False,False,False,False,False,False,False,True,10,10,0,Pet,"gravestone, destroy, randomzombie, can be gravestone, randomzombiefighter"
240,f1e17568-3117-429a-b394-66eca8b80bda,Backyard Bounce,Zombies,Sneaky,Gold,0,R1,Bloom_Common,3,,,3,0,0,50,15,False,False,False,False,False,False,True,True,False,False,True,9,18,1,"Party, Sports","control, randomzombie, randomzombietrick"
241,1f60d02d-bd76-4f25-8c54-1d66808bd28a,Imp Commander,Zombies,Sneaky,Gold,1,R2,Bloom_Rare,3,2,4,3,2,4,250,50,False,False,True,False,False,False,False,False,False,False,True,11,30,1,"Pirate, Imp","draw, randomzombie, randomzombiefighter, narrow, piratezombie, notplankwalker"
242,6e352c10-d949-411d-b018-a41eb709b033,Swashbuckler Zombie,Zombies,Sneaky,Gold,0,R1,Bloom_Common,2,2,2,2,2,2,50,15,False,False,True,False,False,False,False,False,False,False,True,11,31,1,Pirate,"gravestone, grow, saboteur, randomzombie, can be gravestone, randomzombiefighter, piratezombie, 2costzombie, can be transmogrified, notplankwalker"
243,213136f7-fc61-48a5-9e81-38c6b5a91e80,Surprise Gargantuar,Zombies,Sneaky,Gold,1,R2,Bloom_Rare,5,5,6,5,5,6,250,50,False,False,True,False,False,False,False,False,False,False,True,10,22,1,"Party, Gargantuar","fatty, gravestone, gargantuar, randomzombie, can be gravestone, randomzombiefighter"
245,77088b73-fc3c-4a91-a783-0ed9be041cd0,Super Stench,Zombies,Sneaky,Superpower,2,R3,Superpower_SuperRare,1,,,1,0,0,0,0,False,True,False,False,False,False,True,True,False,False,True,9,27,2,,destroy
246,8bad030b-5d21-494d-99cd-d0714d18a471,Dolphinado,Zombies,Sneaky,Superpower,2,R3,Superpower_SuperRare,1,,,1,0,0,0,0,False,True,False,False,False,False,True,True,False,False,True,10,19,1,Pet,control
247,0dcdd716-1200-4b1c-823b-5e757617620a,Toxic Waste Imp,Zombies,Sneaky,Gold,2,R3,Bloom_SuperRare,2,2,2,2,2,2,1000,250,False,False,True,False,True,False,False,False,False,False,True,12,29,1,"Barrel, Imp","destroy, 2costzombie, randomzombie, can be transmogrified, fatty, randomzombiefighter"
248,e8291675-bae3-4c68-a153-b098b8613409,Pogo Bouncer,Zombies,Sneaky,Gold,2,R3,Bloom_SuperRare,4,2,1,4,2,1,1000,250,False,False,True,False,False,False,False,False,False,False,True,10,22,1,Sports,"gravestone, control, randomzombie, can be gravestone, randomzombiefighter"
249,35837e1b-5c9b-4cde-ad59-c0a0a1c077e4,Line Dancing Zombie,Zombies,Sneaky,Gold,2,R3,Bloom_SuperRare,3,3,1,3,3,1,1000,250,False,False,True,False,False,False,False,False,False,False,True,11,23,1,Dancing,"weenie, rush, gravestone, randomzombie, can be gravestone, randomzombiefighter, damage"
250,fa6e4890-36d0-44fa-8b51-6315b2f0a75d,Mini-Ninja,Zombies,Sneaky,Silver,4,R0,Dawn_Common,1,2,1,1,2,1,25,0,False,False,True,False,False,False,False,False,False,False,True,10,20,1,"Professional, Imp","weenie, randomzombie, rush, can be transmogrified, poison, randomzombiefighter, 2costzombie"
251,1ec017e5-dc85-471e-9849-1f0e2a9afd1e,Barrel Roller Zombie,Zombies,Sneaky,Gold,1,R2,Bloom_Rare,4,3,3,4,3,3,250,50,False,False,True,False,False,False,False,False,False,False,True,11,22,1,"Pirate, Barrel","destroy, piratezombie, randomzombie, randomzombiefighter, notplankwalker"
252,5c69080b-37fa-4a74-8d5b-584c3a46d1b8,Mixed-Up Gravedigger,Zombies,Sneaky,Gold,3,R4,Bloom_Legendary,5,5,5,5,5,5,4000,1000,False,False,True,False,False,False,False,False,False,False,True,10,22,1,"Professional, Mustache","gravestone, randomzombie, randomzombiefighter, zombielegend"
253,2c914186-d677-4e55-b615-54cded478d32,Tomb Raiser Zombie,Zombies,Sneaky,Gold,2,R3,Bloom_SuperRare,4,5,3,4,5,3,1000,250,False,False,True,False,False,False,False,False,False,False,True,11,30,1,History,"gravestone, randomzombie, can be gravestone, randomzombiefighter"
255,00848e55-e990-459f-8927-beefa06f815e,Vimpire,Zombies,Hungry,Gold,1,R2,Bloom_Rare,3,2,3,3,2,3,250,50,False,False,True,False,False,False,False,False,False,False,True,11,23,1,"Imp, Monster","grow, randomzombie, destroy, randomzombiefighter, vimpire"
256,2fd5c2aa-63d6-4179-b90a-d92c34203fd3,Zombot Sharktronic Sub,Zombies,Sneaky,Gold,3,R4,Bloom_Legendary,6,5,5,6,5,5,4000,1000,False,False,True,False,True,False,False,False,False,False,True,11,39,2,"Science, Pet","randomzombie, fatty, destroy, aquatic, randomzombiefighter, zombielegend"
257,ff5915de-9512-442f-98d7-ee6e90b49201,Zombot Plank Walker,Zombies,Sneaky,Gold,3,R4,Bloom_Legendary,8,6,6,8,6,6,4000,1000,False,False,True,False,True,False,False,False,False,False,True,11,21,1,"Pirate, Science","randomzombie, fatty, aquatic, randomzombiefighter, zombielegend"
258,6c867094-9813-4b61-a0f5-21575bf28114,In-Crypted,Zombies,Sneaky,Superpower,2,R3,Superpower_SuperRare,1,,,1,0,0,0,0,False,True,False,False,False,False,True,True,False,False,True,9,28,2,,invisibility
259,281bf161-c2a1-4e88-a992-5c7f47d37f3f,Hothead,Plants,"Kabloom, Guardian",Token,4,R0,Token,3,,1,3,0,1,0,0,False,False,True,False,False,True,False,False,False,False,True,11,23,1,Root,"notpineclone, anyplantfighter, randomplantcard, cost6orless"
261,ca81a819-580a-4554-80eb-4095a4c36e5b,Mush-Boom,Plants,"Kabloom, Smarty",Hero,3,R4,Bloom_Legendary,1,,,1,0,0,0,0,True,True,False,False,False,False,True,False,False,False,True,9,25,1,Mushroom,
262,e73efab1-ed2a-4e7a-a8d6-8fe25fad1d65,Goatify,Plants,"Smarty, Solar",Hero,3,R4,Bloom_Legendary,1,,,1,0,0,0,0,True,True,False,False,False,False,True,False,False,False,True,9,19,1,Flower,
263,97fcb886-dad8-4a2f-aa32-31e0df4523e5,Devour,Plants,"MegaGro, Solar",Hero,3,R4,Bloom_Legendary,1,,,1,0,0,0,0,True,True,False,False,False,False,True,False,False,False,True,9,18,1,Flytrap,
264,9dbdb6e5-020b-4c67-a43a-b7abb6f28d14,Eureka,Zombies,"Brainy, Madcap",Hero,3,R4,Bloom_Legendary,1,,,1,0,0,0,0,True,True,False,False,False,False,True,True,False,False,True,10,19,1,"Mustache, Science",
265,295a431c-b762-4fc5-9531-96fc1e1d1dcb,Missile Madness,Zombies,"Hearty, Madcap",Hero,3,R4,Bloom_Legendary,1,,,1,0,0,0,0,True,True,False,False,False,False,True,True,False,False,True,10,28,2,"Science, Imp",
267,a68c3e0f-b39e-4add-97fd-280b6c2e1e78,Stayin' Alive,Zombies,"Hungry, Madcap",Hero,3,R4,Bloom_Legendary,1,,,1,0,0,0,0,True,True,False,False,False,False,True,True,False,False,True,10,29,2,Dancing,
268,0237d618-c027-4d95-af14-dca7beced0d2,Octo-Pult,Zombies,"Hearty, Sneaky",Hero,3,R4,Bloom_Legendary,1,,,1,0,0,0,0,True,True,False,False,False,False,True,True,False,False,True,10,19,1,Pet,
269,95edb684-7a2d-417a-9b9e-34e16fb676eb,Frozen Tundra,Zombies,"Sneaky, Hungry",Hero,3,R4,Bloom_Legendary,1,,,1,0,0,0,0,True,True,False,False,False,False,True,True,False,False,True,10,19,1,"Pet, Monster",
270,402b6fca-77bc-4079-9e25-bf0a25850252,Impfinity Clone,Zombies,"Sneaky, Madcap",Token,4,R0,Token,1,2,1,1,2,1,0,0,False,False,True,False,True,False,False,False,False,False,True,9,9,0,Imp,"randomzombie, randomzombiefighter, can be transmogrified"
271,cfae2c13-bf3a-4af7-b636-83ee34e10e8b,Inspire,Plants,0,,0,R1,,1,,,1,0,0,0,0,False,True,False,False,False,False,True,False,False,False,True,8,17,1,,"bad, cheats"
272,dd8cff37-e658-40c6-b93f-374569586318,Motivate,Zombies,0,,0,R1,,1,,,1,0,0,0,0,False,True,False,False,False,False,True,True,False,False,True,9,18,1,,"bad, cheats"
273,5a972ff5-d6b6-422c-b9a9-863f31c60957,Flick-a-Plant,Zombies,0,,0,R1,,1,,,1,0,0,0,0,False,True,False,False,False,False,True,True,False,False,True,9,22,1,,"bad, cheats"
274,f8a787e2-20aa-4bf7-a0b1-10c4eb91e6cc,Flick-a-Zombie,Plants,0,,0,R1,,1,,,1,0,0,0,0,False,True,False,False,False,False,True,False,False,False,True,8,21,1,,"bad, cheats"
275,e9d0f0f6-bb75-4c0a-a4bf-73b208435afc,Get Well,Zombies,0,,0,R1,,1,,,1,0,0,0,0,False,True,False,False,False,False,True,True,False,False,True,9,24,1,,"bad, cheats"
276,59584f29-8dc3-411a-86a8-dc2efa85ada2,Rejuvenate,Plants,0,,0,R1,,1,,,1,0,0,0,0,False,True,False,False,False,False,True,False,False,False,True,8,23,1,,"bad, cheats"
277,820c0be5-e95c-490b-9c56-9c77f0b64ce9,Plumber,Zombies,Madcap,Blank,0,R1,,1,,,1,0,0,0,0,False,False,False,False,False,False,True,True,False,False,True,8,17,1,,"cheats, cheats"
278,77100ede-2826-478b-a283-9baf1eb2846b,0 PLANT CHEATS 0,Plants,0,Cheats,0,R1,,0,,,0,0,0,0,0,False,True,False,False,False,False,True,False,False,False,True,8,35,3,,cheats
279,29b93df1-d373-424d-a97a-2c9da3dcb667,0 ZOMBIE CHEATS 0,Zombies,0,Cheats,0,R1,,0,,,0,0,0,0,0,False,True,False,False,False,False,True,True,False,False,True,9,36,3,,cheats
280,6ddcb546-d3f8-4635-a268-58a12eb8c3fc,0 Plant Board Clear Cheat 0,Plants,0,Cheats,0,R1,,0,,,0,0,0,0,0,False,True,False,False,False,False,True,False,False,False,True,8,26,2,,cheats
281,eb856c50-f4d8-4aa6-a5f9-73cc98231ca4,Lil' Buddy,Plants,Solar,Set4,0,R1,Triassic_Uncommon,0,,1,0,0,1,50,15,False,False,True,False,False,True,False,False,False,False,True,10,26,1,"Flower, Seed","notpineclone, anyplantfighter, cost6orless, randomplantcard"
282,97c4f341-d028-45ba-97cc-e51fc2db3a4b,Pear Pal,Plants,Smarty,Set3,0,R1,Colossal_Uncommon,2,2,2,2,2,2,50,15,False,False,True,False,True,True,False,False,False,False,True,11,11,0,Fruit,"notpineclone, anyplantfighter, randomplantcard, cost6orless"
283,8f5b9ee1-53d2-4936-8a7b-69fd863fb3df,Time to Shine,Plants,MegaGro,Superpower,2,R3,Superpower_SuperRare,1,,,1,0,0,0,0,False,True,False,False,False,False,True,False,False,False,True,8,17,1,,bonus
284,b3e3f82a-4e46-4610-9a55-4fb06b26dd3f,Espresso Fiesta,Plants,MegaGro,Gold,2,R3,Bloom_SuperRare,7,,,7,0,0,1000,250,False,False,False,False,False,False,True,False,False,False,True,8,35,3,Bean,"bonus, damage, destroy, randomplantcard, mayflower"
285,bf85df83-ad0e-4fbb-9c9f-389363c71ac6,Beam Me Up,Zombies,Brainy,Gold,0,R1,Bloom_Common,2,,,2,0,0,50,15,False,False,False,False,False,False,True,True,False,False,True,9,24,1,Science,"randomzombie, trick, randomzombietrick"
286,1828a02e-3554-41c4-af93-946dbc5f0eae,Hail-a-Copter,Zombies,Brainy,Gold,1,R2,Bloom_Rare,6,,,6,0,0,250,50,False,False,False,False,False,False,True,True,False,False,True,9,24,1,"Science, Imp","randomzombie, trick, randomzombietrick"
287,819287e9-e7de-468d-9268-7b54814f65e6,Backup Dancer,Zombies,Madcap,Silver,4,R0,Dawn_Common,1,1,1,1,1,1,25,0,False,False,True,False,False,False,False,False,False,False,True,8,8,0,"Dancing, Mustache","can be transmogrified, bad, randomzombie, 2costzombie, madebyzucchini"
289,db7d326e-c93e-4ea9-a25d-ad99928f1022,Tater Toss,Plants,"Kabloom, Guardian",Hero,3,R4,Bloom_Legendary,1,,,1,0,0,0,0,True,True,False,False,False,False,True,False,False,False,True,9,24,1,Root,
290,7dd581a3-cd7e-4266-aa3f-da38ab70be58,Octo-Pet,Zombies,"Hearty, Sneaky",Token,4,R0,Token,3,3,2,3,3,2,0,0,False,False,True,False,True,False,False,False,False,False,True,10,10,0,Pet,"randomzombie, randomzombiefighter"
291,f2a68d5f-8b9c-4ae5-aef2-88a002ee2fc0,Triple Threat,Zombies,"Sneaky, Madcap",Hero,3,R4,Bloom_Legendary,1,,,1,0,0,0,0,True,True,False,False,False,False,True,True,False,False,True,10,17,1,Imp,
293,2be6972d-45fa-4589-95f8-ec6c2fdabb2e,Poison Oak,Plants,Kabloom,Gold,1,R2,Bloom_Rare,6,5,6,6,5,6,250,50,False,False,True,False,False,False,False,False,False,False,True,10,20,1,"Leafy, Tree","fatty, notpineclone, poison, cost6orless, randomplantcard, anyplantfighter"
294,c574d894-15cf-42db-a278-4439c8ecee19,Kernel Corn,Plants,Kabloom,Gold,3,R4,Bloom_Legendary,8,6,6,8,6,6,4000,1000,False,False,True,False,False,False,False,False,False,False,True,9,21,1,Corn,"destroy, fatty, anyplantfighter, notpineclone, randomplantcard, mayflower, plantlegend"
295,535b4dc0-9478-4ddf-a80a-a94fddf22901,More Spore,Plants,Kabloom,Superpower,2,R3,Superpower_SuperRare,1,,,1,0,0,0,0,False,True,False,False,False,False,True,False,False,False,True,9,39,2,Mushroom,weenie
296,e1ec49b6-5c00-4c82-954d-0ddc17705d7c,The Podfather,Plants,MegaGro,Gold,1,R2,Bloom_Rare,3,2,3,3,2,3,250,50,False,False,True,False,False,False,False,False,False,False,True,10,28,1,Peashooter,"notpineclone, anyplantfighter, cost6orless, narrow, randomplantcard"
297,231008b3-d16a-45b0-a736-8827a74789bd,Whipvine,Plants,MegaGro,Gold,1,R2,Bloom_Rare,5,6,5,5,6,5,250,50,False,False,True,False,False,False,False,False,False,False,True,9,23,1,Root,"control, anyplantfighter, fatty, notpineclone, cost6orless, randomplantcard"
298,13bbd37a-8555-4a16-9ba6-929f77f037b8,Gardening Gloves,Plants,Guardian,Gold,0,R1,Bloom_Common,2,,,2,0,0,50,15,False,False,False,False,False,False,True,False,False,False,True,7,27,2,,"control, needsfighter, randomplantcard"
299,8f62a894-1fa1-433f-92a6-e2a07eeefcf7,Lightning Reed,Plants,Smarty,Gold,1,R2,Bloom_Rare,2,2,2,2,2,2,250,50,False,False,True,False,True,False,False,False,False,False,True,11,11,0,Leafy,"splash, notpineclone, anyplantfighter, aquatic, weenie, cost6orless, randomplantcard, anyaquaticplantfighter"
300,db04b985-de6c-49cd-842d-0fadf7f3a07b,Water Balloons,Plants,Solar,Gold,0,R1,Bloom_Common,2,,,2,0,0,50,15,False,False,False,False,False,False,True,False,False,False,True,7,29,2,,"destroy, randomplantcard"
301,843873b3-10cf-43da-8c60-3b43c86ec13f,Summoning,Zombies,Brainy,Superpower,2,R3,Superpower_SuperRare,1,,,1,0,0,0,0,False,True,False,False,False,False,True,True,False,False,True,9,18,1,,"trick, weenie"
304,e53a3ce4-4f06-4a3e-947e-d353cae906f4,Portal Technician,Zombies,Brainy,Gold,2,R3,Bloom_SuperRare,5,5,4,5,5,4,1000,250,False,False,True,False,False,False,False,False,False,False,True,10,19,1,"Mustache, Science","draw, randomzombie, fatty, randomzombiefighter"
305,0b97cbac-a500-4138-80ce-49426c605093,Root Wall,Plants,Guardian,Superpower,2,R3,Superpower_SuperRare,1,,,1,0,0,0,0,False,True,False,False,False,False,True,False,False,False,True,9,27,2,Root,defense
306,347af810-3555-4823-a0f4-100fe2a8c6b6,Loudmouth,Zombies,Hungry,Gold,0,R1,Bloom_Common,3,1,1,3,1,1,50,15,False,False,True,False,False,False,False,False,False,False,True,10,22,1,"Dancing, Imp","gravestone, buff, randomzombie, can be gravestone, randomzombiefighter"
307,55ad35c5-c28b-40ad-b4f4-728fd956f9cf,Squirrel Herder,Zombies,Hungry,Gold,1,R2,Bloom_Rare,2,2,2,2,2,2,250,50,False,False,True,False,False,False,False,False,False,False,True,10,28,1,"Pet, Professional","2costzombie, randomzombie, destroy, can be transmogrified, randomzombiefighter, can be gravestone"
308,dcb3293f-8404-4f0f-9dc0-8a18b54c5f8f,Aerobics Instructor,Zombies,Madcap,Gold,2,R3,Bloom_SuperRare,2,2,3,2,2,3,1000,250,False,False,True,False,False,False,False,False,False,False,True,10,22,1,Dancing,"buff, attack, 2costzombie, randomzombie, can be transmogrified, weenie, randomzombiefighter"
309,338802fd-44ce-41ba-9659-62a10e79457b,Abracadaver,Zombies,Madcap,Gold,2,R3,Bloom_SuperRare,3,3,3,3,3,3,1000,250,False,False,True,False,False,False,False,False,False,False,True,11,29,1,"Pet, Mustache","gravestone, saboteur, randomzombie, can be gravestone, destroy, randomzombiefighter"
310,7392b9c4-7902-404c-979f-5644c86f88bb,Firefighter,Zombies,Sneaky,Gold,0,R1,Bloom_Common,4,5,5,4,5,5,50,15,False,False,True,False,False,False,False,False,False,False,True,10,24,1,Professional,"control, randomzombie, can be gravestone, randomzombiefighter"
312,72c0081f-195f-4a81-90f6-41ed383d2e71,Puff-Shroom,Plants,Kabloom,Set3,0,R1,Colossal_Uncommon,0,1,1,0,1,1,50,15,False,False,True,False,False,True,False,False,False,False,True,10,10,0,Mushroom,set3plant
313,ce776ea5-8e2a-479c-84af-510ab2488a52,Mountain Climber,Zombies,Brainy,Gold,0,R1,Bloom_Common,4,2,2,4,2,2,50,15,False,False,True,False,False,False,False,False,False,False,True,10,21,1,Sports,"truestrike, randomzombie, randomzombiefighter"
314,fbe3242b-d21b-4f57-b8cc-7e8bc462fc03,The Great Zucchini,Plants,Smarty,Gold,3,R4,Bloom_Legendary,9,7,7,9,7,7,4000,1000,False,False,True,False,True,False,False,False,False,False,True,10,23,1,Squash,"control, fatty, notpineclone, anyplantfighter, randomplantcard, anyaquaticplantfighter, mayflower, plantlegend"
315,4153a62b-b665-41cc-9173-1df58d5ada8b,Doom-Shroom,Plants,Guardian,Gold,2,R3,Bloom_SuperRare,5,,,5,0,0,1000,250,False,False,False,False,False,False,True,False,False,False,True,8,26,2,Mushroom,"destroy, randomplantcard"
316,ded7367d-009f-4c3c-aa75-edeaf6e2da99,Mirror-Nut,Plants,Guardian,Gold,2,R3,Bloom_SuperRare,4,,11,4,0,11,1000,250,False,False,True,False,False,True,False,False,False,False,True,12,27,1,Nut,"teamup, damage, notpineclone, anyplantfighter, cost6orless, narrow, randomplantcard"
317,db615956-78b2-427e-be41-e6d39338b822,Gentleman Zombie,Zombies,Brainy,Gold,1,R2,Bloom_Rare,3,1,4,3,1,4,250,50,False,False,True,False,False,False,False,False,False,False,True,11,24,1,"Mustache, Party","brains, randomzombie, can be gravestone, trick, gravestone, randomzombiefighter"
319,79e9c67d-2216-4673-abd8-b9708c0d6c22,Telepathy,Zombies,Brainy,Superpower,2,R3,Superpower_SuperRare,1,,,1,0,0,0,0,False,True,False,False,False,False,True,True,False,False,True,9,18,1,,draw
321,c0f45f78-f2ca-42ba-9380-41a71a61e518,Smoke Bomb,Zombies,Sneaky,Silver,4,R0,Dawn_Common,1,,,1,0,0,25,0,False,False,False,False,False,False,True,True,False,False,True,8,28,2,,"needsfighter, randomzombie, randomzombietrick, attack, rush"
322,49448a1e-7a8b-495f-bc27-1550a93db9ba,Camel Crossing,Zombies,Hearty,Gold,0,R1,Bloom_Common,1,,,1,0,0,50,15,False,False,False,False,False,False,True,True,False,False,True,9,18,1,"History, Pet","randomzombie, defense, randomzombietrick"
323,6fd1b860-33b0-4863-bf90-d5c9beb815e1,Headstone Carver,Zombies,Sneaky,Gold,0,R1,Bloom_Common,1,1,3,1,1,3,50,15,False,False,True,False,False,False,False,False,False,False,True,10,25,1,"Professional, Mustache","randomzombie, gravestone, can be transmogrified, randomzombiefighter, narrow, 2costzombie"
324,Tough_Beets,Tough Beets,Plants,Guardian,Gold,1,R2,Bloom_Rare,5,2,2,5,2,2,250,50,False,False,True,False,False,False,False,False,False,False,True,10,25,1,Root,"fatty, teamup, notpineclone, anyplantfighter, cost6orless, randomplantcard"
326,Weenie_Beanie,Weenie Beanie,Plants,Smarty,Silver,4,R0,Dawn_Common,1,1,1,1,1,1,25,0,False,False,True,False,False,False,False,False,False,False,True,8,8,0,Bean,"weeniebean, notpineclone, bad, anyplantfighter, randomplantcard, cost6orless, mayflower, madebygardener"
327,Barrel_of_Deadbeards,Barrel of Deadbeards,Zombies,Madcap,Gold,3,R4,Bloom_Legendary,2,,1,2,0,1,4000,1000,False,False,True,False,False,False,False,False,False,False,True,9,27,2,"Pirate, Barrel","destroy, fatty, randomzombie, randomzombiefighter, can be transmogrified, piratezombie, 2costzombie, notplankwalker, zombielegend"
328,Captain_Deadbeard,Captain Flameface,Zombies,Sneaky,Event,5,Event,Premium_Event,3,2,4,3,2,4,1000,250,False,False,True,False,False,False,False,False,False,False,True,10,22,1,"Mustache, Pirate","deadbeard, randomzombie, randomzombiefighter, piratezombie, notplankwalker, zombieevent"
329,Meow_Meow_Meow,Witch's Familiar,Zombies,"Brainy, Hungry",Hero,3,R4,Bloom_Legendary,1,,,1,0,0,0,0,True,True,False,False,False,False,True,True,False,False,True,10,17,1,Pet,
330,Yeti_Lunchbox,Yeti Lunchbox,Zombies,Hungry,Gold,0,R1,Bloom_Common,1,,,1,0,0,50,15,False,False,False,False,False,False,True,True,False,False,True,9,34,2,"Gourmet, Pet","yetilunchbox, randomzombietrick, buff, randomzombie"
331,Witches_Familiar,Zom-Bats,Zombies,"Brainy, Hungry",Token,4,R0,Token,3,2,2,3,2,2,0,0,False,False,True,False,True,False,False,False,False,False,True,11,29,1,Pet,"meow, randomzombie, randomzombiefighter"
332,Goat,Goat,Zombies,Hungry,Set4,0,R1,Triassic_Uncommon,0,1,1,0,1,1,50,15,False,False,True,False,False,False,False,False,False,False,True,10,32,2,Pet,"goat, randomzombie, randomzombiefighter, can be transmogrified"
333,Sow_Magic_Beans,Sow Magic Beans,Plants,Smarty,Gold,2,R3,Bloom_SuperRare,2,,,2,0,0,1000,250,False,False,False,False,False,False,True,False,False,False,True,8,17,1,"Leafy, Bean","weenie, randomplantcard, draw, mayflower"
334,Teleport,Teleport,Zombies,Brainy,Gold,3,R4,Bloom_Legendary,1,,,1,0,0,4000,1000,False,False,False,False,False,False,True,True,False,False,True,9,27,2,Science,"trick, randomzombietrick, randomzombie, zombielegend"
335,Cheating_Zombie, 0 Cheating Zombie 0 ,Zombies,0,cheats,0,R1,,0,,1,0,0,1,0,0,False,False,True,False,False,False,False,False,False,False,True,7,56,4,,cheats
336,Blank Plant,Blank Plant,Plants,0,Blank,0,R1,,99,,,99,0,0,0,0,False,False,False,False,False,False,True,False,False,False,True,6,6,0,,cheats
337,Blank Zombie,Blank Zombie,Zombies,0,Blank,0,R1,,99,,,99,0,0,0,0,False,False,False,False,False,False,True,True,False,False,True,7,7,0,,cheats
338,Zombie Board Clear,0 Zombie Board Clear Cheat 0,Zombies,0,Cheats,0,R1,,0,,,0,0,0,0,0,False,False,False,False,False,False,True,True,False,True,False,9,22,1,,cheats
339,Spore Shooter,Punish-Shroom,Plants,Kabloom,Gold,2,R3,Bloom_SuperRare,3,2,2,3,2,2,1000,250,False,False,True,False,False,False,False,False,False,False,True,10,51,2,Mushroom,"cost6orless, narrow, randomplantcard, anyplantfighter, notpineclone"
340,Trampoline Party,Zombot Stomp,Zombies,Sneaky,Gold,1,R2,Bloom_Rare,6,,,6,0,0,250,50,False,False,False,False,False,False,True,True,False,False,True,9,19,1,"Science, Gargantuar","randomzombie, randomzombietrick"
341,Orange Barrier,Peel Shield,Plants,"Guardian, Smarty",Hero,3,R4,Bloom_Legendary,1,,,1,0,0,0,0,True,True,False,False,False,False,True,False,False,False,True,9,27,2,Fruit,
342,Haunting Ghost,Haunting Ghost,Zombies,Hungry,Set3,0,R1,Colossal_Uncommon,2,2,1,2,2,1,50,15,False,False,True,False,True,False,False,False,False,False,True,10,23,1,Monster,set3zombie
344,Imp Pirate,Swabbie,Zombies,Sneaky,Set3,0,R1,Colossal_Uncommon,0,1,1,0,1,1,50,15,False,False,True,False,True,False,False,False,False,False,True,9,9,0,"Imp, Pirate",set3zombie
345,Magic Beanstalk,Magic Beanstalk,Plants,Smarty,Token,4,R0,Token,1,4,4,1,4,4,0,0,False,False,True,False,False,False,False,False,False,False,True,9,21,1,"Leafy, Bean",cheats
346,e515e49a-69b0-48de-9e6c-d975b274d2dd,Whack-a-Zombie,Plants,Solar,Gold,1,R2,Bloom_Rare,3,,,3,0,0,250,50,False,False,False,False,False,False,True,False,False,False,True,7,17,1,,"randomplantcard, destroy"
347,Small-Nut,Small-Nut,Plants,Guardian,Silver,4,R0,Dawn_Common,1,1,1,1,1,1,25,0,False,False,True,False,False,False,False,False,False,False,True,8,8,0,Nut,"anyplantfighter, randomplantcard, cost6orless, bad, notpineclone, madebygardener"
348,Button Mushroom,Button Mushroom,Plants,Kabloom,Silver,4,R0,Dawn_Common,1,1,1,1,1,1,25,0,False,False,True,False,False,False,False,False,False,False,True,9,9,0,Mushroom,"anyplantfighter, randomplantcard, cost6orless, bad, notpineclone, madebygardener"
349,Bellflower,Bellflower,Plants,Solar,Silver,4,R0,Dawn_Common,1,1,1,1,1,1,25,0,False,False,True,False,False,False,False,False,False,False,True,8,8,0,Flower,"anyplantfighter, randomplantcard, cost6orless, bad, notpineclone, madebygardener"
350,Cardboard Robot Zombie,Cardboard Robot Zombie,Zombies,Brainy,Silver,4,R0,Dawn_Common,1,1,1,1,1,1,25,0,False,False,True,False,False,False,False,False,False,False,True,8,8,0,Science,"randomzombie, can be transmogrified, bad, 2costzombie, madebyzucchini"
351,Baseball Zombie,Baseball Zombie,Zombies,Hearty,Silver,4,R0,Dawn_Common,1,1,1,1,1,1,25,0,False,False,True,False,False,False,False,False,False,False,True,8,8,0,Sports,"randomzombie, can be transmogrified, bad, 2costzombie, madebyzucchini"
352,Skunk Punk,Skunk Punk,Zombies,Hungry,Silver,4,R0,Dawn_Common,1,1,1,1,1,1,25,0,False,False,True,False,False,False,False,False,False,False,True,8,8,0,Pet,"randomzombie, can be transmogrified, bad, 2costzombie, madebyzucchini"
353,Hot Dog Imp,Hot Dog Imp,Zombies,Sneaky,Gold,0,R1,Bloom_Common,2,2,2,2,2,2,50,15,False,False,True,False,False,False,False,False,False,False,True,9,9,0,"Gourmet, Imp","randomzombie, damage, weenie, 2costzombie, can be transmogrified"
354,BoardAbilityView,,All,0,Board,0,R1,,0,,,0,0,0,0,0,False,False,False,False,False,False,False,False,True,True,False,6,17,1,,
355,BoardAbilityView,,All,0,Board,0,R1,,0,,,0,0,0,0,0,False,False,False,False,False,False,False,False,True,True,False,6,14,1,,
356,BoardAbilityView,,All,0,Board,0,R1,,0,,,0,0,0,0,0,False,False,False,False,False,False,False,False,True,True,False,6,13,1,,
357,BoardAbilityView,,All,0,Board,0,R1,,0,,,0,0,0,0,0,False,False,False,False,False,False,False,False,True,True,False,6,13,1,,
358,BoardAbilityView,,All,0,Board,0,R1,,0,,,0,0,0,0,0,False,False,False,False,False,False,False,False,True,True,False,6,13,1,,
359,BoardAbilityView,,All,0,Board,0,R1,,0,,,0,0,0,0,0,False,False,False,False,False,False,False,False,True,True,False,6,13,1,,
360,BoardAbilityView,,All,0,Board,0,R1,,0,,,0,0,0,0,0,False,False,False,False,False,False,False,False,True,True,False,6,13,1,,
361,BoardAbilityView,,All,0,Board,0,R1,,0,,,0,0,0,0,0,False,False,False,False,False,False,False,False,True,True,False,6,13,1,,
362,BoardAbilityView,,All,0,Board,0,R1,,0,,,0,0,0,0,0,False,False,False,False,False,False,False,False,True,True,False,6,13,1,,
363,BoardAbilityView,,All,0,Board,0,R1,,0,,,0,0,0,0,0,False,False,False,False,False,False,False,False,True,True,False,6,13,1,,
364,BoardAbilityView,,All,0,Board,0,R1,,0,,,0,0,0,0,0,False,False,False,False,False,False,False,False,True,True,False,6,13,1,,
365,BoardAbilityView,,All,0,Board,0,R1,,0,,,0,0,0,0,0,False,False,False,False,False,False,False,False,True,True,False,6,13,1,,
366,BoardAbilityView,,All,0,Board,0,R1,,0,,,0,0,0,0,0,False,False,False,False,False,False,False,False,True,True,False,6,13,1,,
367,BoardAbilityView,,All,0,Board,0,R1,,0,,,0,0,0,0,0,False,False,False,False,False,False,False,False,True,True,False,6,13,1,,
368,BoardAbilityView,,All,0,Board,0,R1,,0,,,0,0,0,0,0,False,False,False,False,False,False,False,False,True,True,False,6,19,1,,
369,BoardAbilityView,,All,0,Board,0,R1,,0,,,0,0,0,0,0,False,False,False,False,False,False,False,False,True,True,False,6,19,1,,
370,BoardAbilityView,,All,0,Board,0,R1,,0,,,0,0,0,0,0,False,False,False,False,False,False,False,False,True,True,False,6,15,1,,
371,BoardAbilityView,,All,0,Board,0,R1,,0,,,0,0,0,0,0,False,False,False,False,False,False,False,False,True,True,False,6,15,1,,
372,BoardAbilityView,,All,0,Board,0,R1,,0,,,0,0,0,0,0,False,False,False,False,False,False,False,False,True,True,False,6,15,1,,
373,BoardAbilityView,,All,0,Board,0,R1,,0,,,0,0,0,0,0,False,False,False,False,False,False,False,False,True,True,False,6,11,1,,
374,BoardAbilityView,,All,0,Board,0,R1,,0,,,0,0,0,0,0,False,False,False,False,False,False,False,False,True,True,False,6,11,1,,
375,BoardAbilityView,,All,0,Board,0,R1,,0,,,0,0,0,0,0,False,False,False,False,False,False,False,False,True,True,False,6,17,1,,
376,BoardAbilityView,,All,0,Board,0,R1,,0,,,0,0,0,0,0,False,False,False,False,False,False,False,False,True,True,False,6,13,1,,
377,BoardAbilityView,,All,0,Board,0,R1,,0,,,0,0,0,0,0,False,False,False,False,False,False,False,False,True,True,False,6,18,1,,
378,BoardAbilityView,,All,0,Board,0,R1,,0,,,0,0,0,0,0,False,False,False,False,False,False,False,False,True,True,False,6,18,1,,
379,BoardAbilityView,,All,0,Board,0,R1,,0,,,0,0,0,0,0,False,False,False,False,False,False,False,False,True,True,False,6,18,1,,
380,BoardAbilityView,,All,0,Board,0,R1,,0,,,0,0,0,0,0,False,False,False,False,False,False,False,False,True,True,False,6,18,1,,
381,BoardAbilityView,,All,0,Board,0,R1,,0,,,0,0,0,0,0,False,False,False,False,False,False,False,False,True,True,False,6,18,1,,
382,BoardAbilityView,,All,0,Board,0,R1,,0,,,0,0,0,0,0,False,False,False,False,False,False,False,False,True,True,False,7,14,1,,
383,BoardAbilityView,,All,0,Board,0,R1,,0,,,0,0,0,0,0,False,False,False,False,False,False,False,False,True,True,False,6,15,1,,
384,BoardAbilityView,,All,0,Board,0,R1,,0,,,0,0,0,0,0,False,False,False,False,False,False,False,False,True,True,False,6,15,1,,
385,BoardAbilityView,,All,0,Board,0,R1,,0,,,0,0,0,0,0,False,False,False,False,False,False,False,False,True,True,False,6,13,1,,
386,BoardAbilityView,,All,0,Board,0,R1,,0,,,0,0,0,0,0,False,False,False,False,False,False,False,False,True,True,False,6,15,1,,
387,BoardAbilityView,,All,0,Board,0,R1,,0,,,0,0,0,0,0,False,False,False,False,False,False,False,False,True,True,False,6,11,1,,
388,BoardAbilityView,,All,0,Board,0,R1,,0,,,0,0,0,0,0,False,False,False,False,False,False,False,False,True,True,False,6,11,1,,
389,BoardAbilityView,,All,0,Board,0,R1,,0,,,0,0,0,0,0,False,False,False,False,False,False,False,False,True,True,False,6,17,1,,
390,BoardAbilityView,,All,0,Board,0,R1,,0,,,0,0,0,0,0,False,False,False,False,False,False,False,False,True,True,False,6,17,1,,
391,BoardAbilityView,,All,0,Board,0,R1,,0,,,0,0,0,0,0,False,False,False,False,False,False,False,False,True,True,False,6,18,1,,
392,BoardAbilityView,,All,0,Board,0,R1,,0,,,0,0,0,0,0,False,False,False,False,False,False,False,False,True,True,False,6,17,1,,
393,BoardAbilityView,,All,0,Board,0,R1,,0,,,0,0,0,0,0,False,False,False,False,False,False,False,False,True,True,False,6,18,1,,
394,BoardAbilityView,,All,0,Board,0,R1,,0,,,0,0,0,0,0,False,False,False,False,False,False,False,False,True,True,False,6,13,1,,
395,BoardAbilityView,,All,0,Board,0,R1,,0,,,0,0,0,0,0,False,False,False,False,False,False,False,False,True,True,False,6,18,2,,
396,BoardAbilityView,,All,0,Board,0,R1,,0,,,0,0,0,0,0,False,False,False,False,False,False,False,False,True,True,False,6,12,1,,
397,BoardAbilityView,,All,0,Board,0,R1,,0,,,0,0,0,0,0,False,False,False,False,False,False,False,False,True,True,False,6,18,2,,
398,MushroomGrotto,Mushroom Grotto,Plants,Kabloom,Set2,0,R1,Galaxy_Common,3,,,3,0,0,50,15,False,False,False,True,False,False,False,False,False,False,True,8,28,1,Mushroom,"galaxyplant, environment"
399,CoffeeGrounds,Coffee Grounds,Plants,MegaGro,Set2,0,R1,Galaxy_Common,2,,,2,0,0,50,15,False,False,False,True,False,False,False,False,False,False,True,8,21,1,Bean,"environment, galaxyplant"
401,LaserBaseAlpha,Laser Base Alpha,Zombies,Sneaky,Set2,2,R3,Galaxy_SuperRare,3,,,3,0,0,1000,250,False,False,False,True,False,False,False,True,False,False,True,9,38,2,Science,"environment, galaxyzombie"
402,Regifting Zombie,Regifting Zombie,Zombies,Brainy,Event,5,Event,Premium_Event,3,3,2,3,3,2,1000,250,False,False,True,False,False,False,False,False,False,False,True,9,43,4,"Party, Pirate","randomzombie, can be transmogrified, randomzombiefighter, 2costzombie, zombieevent"
403,Jack O' Lantern,Jack O' Lantern,Plants,Solar,Event,5,Event,Premium_Event,3,2,3,3,2,3,1000,250,False,False,True,False,False,False,False,False,False,False,True,11,25,1,Squash,"anyplantfighter, not pine clone, cost6orless, randomplantcard, mayflower, plantevent"
404,Leftovers,Leftovers,Zombies,Hearty,Set4,0,R1,Triassic_Uncommon,1,,,1,0,0,50,15,False,False,False,False,False,False,True,True,False,False,True,9,18,1,"Gourmet, Pet","leftovers, randomzombie, randomzombietrick"
405,Turkey Rider,Turkey Rider,Zombies,Hearty,Event,5,Event,Premium_Event,2,2,2,2,2,2,1000,250,False,False,True,False,False,False,False,False,False,False,True,10,21,1,"Imp, Pet","randomzombie, can be transmogrified, randomzombiefighter, 2costzombie, zombieevent"
406,Healthy Treat,Healthy Treat,Zombies,Hearty,Set3,0,R1,Colossal_Uncommon,1,,,1,0,0,50,15,False,False,False,False,False,False,True,True,False,False,True,9,18,1,Gourmet,"trickortreat, set3zombie"
407,Sugary Treat,Sugary Treat,Zombies,Madcap,Set3,0,R1,Colossal_Uncommon,2,,,2,0,0,50,15,False,False,False,False,False,False,True,True,False,False,True,9,18,1,Gourmet,"trickortreat, set3zombie"
408,Trick or Treater,Trick-or-Treater,Zombies,Brainy,Event,5,Event,Premium_Event,3,2,4,3,2,4,1000,250,False,False,True,False,False,False,False,False,False,False,True,11,29,1,"Gourmet, Party","randomzombie, randomzombiefighter, zombieevent"
409,Jolly Holly,Jolly Holly,Plants,Smarty,Event,5,Event,Premium_Event,5,4,1,5,4,1,1000,250,False,False,True,False,True,False,False,False,False,False,True,10,23,1,"Leafy, Berry","anyplantfighter, cost6orless, randomplantcard, freeze, anyaquaticplantcard, plantevent"
410,Mayflower,Mayflower,Plants,Smarty,Event,5,Event,Premium_Event,3,2,4,3,2,4,1000,250,False,False,True,False,True,False,False,False,False,False,True,11,29,1,Flower,"anyplantfighter, cost6orless, not pine clone, randomplantcard, anyaquaticplantcard, plantevent"
411,Red Stinger,Red Stinger,Plants,Guardian,Event,5,Event,Premium_Event,4,3,7,4,3,7,2000,500,False,False,True,False,False,True,False,False,False,False,True,10,32,2,Flower,"anyplantfighter, cost6orless, not pine clone, randomplantcard, plantevent"
412,Pot of Gold,Pot of Gold,Zombies,Brainy,Token,4,R0,Token,1,,,1,0,0,0,0,False,False,False,False,False,False,True,True,False,False,True,8,17,1,,cheats
413,Corn Dog,Corn Dog,Plants,Guardian,Event,5,Event,Premium_Event,2,3,2,2,3,2,1000,250,False,False,True,False,True,False,False,False,False,False,True,11,26,1,"Corn, Animal",plantevent
414,Plantern,Plantern,Plants,Guardian,Set2,0,R1,Galaxy_Common,3,3,3,3,3,3,50,15,False,False,True,False,False,False,False,False,False,False,True,10,21,1,"Tree, Root","galaxyplant, caresaboutenvironment"
415,Spike Weed,Spikeweed Sector,Plants,Guardian,Set2,0,R1,Galaxy_Common,3,,,3,0,0,50,15,False,False,False,True,False,False,False,False,False,False,True,8,23,1,Root,"galaxyplant, environment"
416,Cosmic Nut,Cosmic Nut,Plants,Guardian,Set2,1,R2,Galaxy_Rare,4,4,3,4,4,3,250,50,False,False,True,False,False,False,False,False,False,False,True,9,26,2,Nut,galaxyplant
417,Gravitational Pull,Photosynthesizer,Plants,Guardian,Set2,0,R1,Galaxy_Common,1,,,1,0,0,50,15,False,False,False,False,False,False,True,False,False,False,True,7,25,2,,galaxyplant
418,Starch Lord,Starch-Lord,Plants,Guardian,Set2,1,R2,Galaxy_Rare,4,2,4,4,2,4,250,50,False,False,True,False,False,False,False,False,False,False,True,10,57,3,Root,galaxyplant
419,Gravitree,Gravitree,Plants,Guardian,Set2,2,R3,Galaxy_SuperRare,6,7,7,6,7,7,1000,250,False,False,True,False,False,False,False,False,False,False,True,12,27,1,"Fruit, Tree",galaxyplant
420,Invincible Castle,Force Field,Plants,Guardian,Set2,2,R3,Galaxy_SuperRare,4,,,4,0,0,1000,250,False,False,False,True,False,False,False,False,False,False,True,7,47,3,,"galaxyplant, environment"
421,Body Gourd,Body-Gourd,Plants,Guardian,Set2,3,R4,Galaxy_Legendary,5,4,6,5,4,6,4000,1000,False,False,True,False,True,True,False,False,False,False,True,11,23,1,Squash,"plantlegend, galaxyplant"
422,Pecanolith,Pecanolith,Plants,Guardian,Set2,3,R4,Galaxy_Legendary,5,,7,5,0,7,4000,1000,False,False,True,False,False,False,False,False,False,False,True,10,21,1,Nut,"plantlegend, galaxyplant"
423,Health Nut,Health-Nut,Plants,Guardian,Event,5,Event,Premium_Event,3,,4,3,0,4,1000,250,False,False,True,False,False,False,False,False,False,False,True,8,8,0,Nut,plantevent
424,Pear Cub,Pear Cub,Plants,Guardian,Event,5,Event,Premium_Event,3,1,1,3,1,1,1000,250,False,False,True,False,True,False,False,False,False,False,True,11,35,2,"Fruit, Animal","anyplantfighter, cost6orless, randomplantcard, anyaquaticplantcard, plantevent"
425,Grizzly Pear,Grizzly Pear,Plants,Guardian,Set4,0,R1,Triassic_Uncommon,5,5,4,5,5,4,50,15,False,False,True,False,True,False,False,False,False,False,True,10,10,0,"Fruit, Animal","anyplantfighter, cost6orless, randomplantcard, anyaquaticplantcard"
426,Garlic,Garlic,Plants,Guardian,Event,5,Event,Premium_Event,1,1,5,1,1,5,1000,250,False,False,True,False,False,True,False,False,False,False,True,11,65,3,Root,plantevent
427,Galactacactus,Galacta-Cactus,Plants,Guardian,Set2,2,R3,Galaxy_SuperRare,1,2,1,1,2,1,1000,250,False,False,True,False,False,False,False,False,False,False,True,11,30,1,"Cactus, Flower",galaxyplant
428,Invasive Species,Invasive Species,Plants,Kabloom,Set2,0,R1,Galaxy_Common,2,1,4,2,1,4,50,15,False,False,True,False,False,False,False,False,False,False,True,10,20,1,"Leafy, Flower","galaxyplant, caresaboutenvironment"
429,Cosmic Mushroom,Cosmic Mushroom,Plants,Kabloom,Set2,1,R2,Galaxy_Rare,3,2,2,3,2,2,250,50,False,False,True,False,False,False,False,False,False,False,True,9,26,2,Mushroom,galaxyplant
430,Lava Guava,Lava Guava,Plants,Kabloom,Set2,1,R2,Galaxy_Rare,4,,,4,0,0,250,50,False,False,False,False,False,False,True,False,False,False,True,8,16,1,Fruit,galaxyplant
431,Lava,Hot Lava,Plants,Kabloom,Set4,0,R1,Triassic_Uncommon,0,,,0,0,0,50,15,False,False,False,True,False,False,False,False,False,False,True,6,26,1,,
432,Banana Launcher,Banana Launcher,Plants,Kabloom,Set2,2,R3,Galaxy_SuperRare,2,,3,2,0,3,1000,250,False,False,True,False,False,False,False,False,False,False,True,9,20,1,Fruit,galaxyplant
433,Flying Banana Bomb,Banana Bomb,Plants,Kabloom,Set2,0,R1,Galaxy_Common,1,,,1,0,0,50,15,False,False,False,False,False,False,True,False,False,False,True,8,17,1,Fruit,galaxyplant
434,Astroshroom,Astro-Shroom,Plants,Kabloom,Set2,2,R3,Galaxy_SuperRare,1,1,1,1,1,1,1000,250,False,False,True,False,False,False,False,False,False,False,True,11,30,1,Mushroom,galaxyplant
435,Sonic Bloom,Sonic Bloom,Plants,Kabloom,Event,5,Event,Premium_Event,4,3,1,4,3,1,1000,250,False,False,True,False,False,False,False,False,False,False,True,9,25,1,Flower,plantevent
436,Molekale,Molekale,Plants,Kabloom,Set2,3,R4,Galaxy_Legendary,4,3,2,4,3,2,4000,1000,False,False,True,False,False,False,False,False,False,False,True,9,24,1,Leafy,"plantlegend, galaxyplant"
437,Electric Blueberry,Electric Blueberry,Plants,Kabloom,Event,5,Event,Premium_Event,5,,5,5,0,5,1000,250,False,False,True,False,False,False,False,False,False,False,True,8,27,1,Berry,"anyplantfighter, cost6orless, randomplantcard, plantevent"
438,High Voltage Currant,High-Voltage Currant,Plants,Kabloom,Event,5,Event,Premium_Event,1,1,1,1,1,1,1000,250,False,False,True,False,False,False,False,False,False,False,True,10,36,2,Berry,plantevent
439,Blooming Hearts,Blooming Heart,Plants,Kabloom,Event,5,Event,Premium_Event,1,2,1,1,2,1,1000,250,False,False,True,False,False,False,False,False,False,False,True,10,20,1,Flower,"anyplantfighter, cost6orless, randomplantcard, plantevent"
440,Reincarnation,Reincarnation,Plants,Kabloom,Set2,3,R4,Galaxy_Legendary,1,2,2,1,2,2,4000,1000,False,False,True,False,False,False,False,False,False,False,True,9,21,1,Flower,"plantlegend, galaxyplant"
441,Sweet Pea,Sweet Pea,Plants,MegaGro,Set2,0,R1,Galaxy_Common,2,2,3,2,2,3,50,15,False,False,True,False,False,False,False,False,False,False,True,9,23,1,Peashooter,galaxyplant
442,Sprouting Expansion,Vegetation Mutation,Plants,MegaGro,Set2,0,R1,Galaxy_Common,2,,,2,0,0,50,15,False,False,False,False,False,False,True,False,False,False,True,7,22,1,,galaxyplant
443,Peapod Planet,The Red Plant-It,Plants,MegaGro,Set2,2,R3,Galaxy_SuperRare,5,,,5,0,0,1000,250,False,False,False,True,False,False,False,False,False,False,True,8,21,1,Root,"galaxyplant, environment"
444,Cosmic Pea,Cosmic Pea,Plants,MegaGro,Set2,1,R2,Galaxy_Rare,4,2,2,4,2,2,250,50,False,False,True,False,False,False,False,False,False,False,True,11,28,2,Peashooter,galaxyplant
445,Banana Peel,Banana Peel,Plants,MegaGro,Set2,1,R2,Galaxy_Rare,2,,,2,0,0,250,50,False,False,False,False,False,False,True,False,False,False,True,8,28,2,Fruit,galaxyplant
446,Cosmoss,Cosmoss,Plants,Solar,Set2,0,R1,Galaxy_Common,1,2,2,1,2,2,50,15,False,False,True,False,False,False,False,False,False,False,True,10,21,1,Moss,"galaxyplant, caresaboutenvironment"
447,Moonbean,Moonbean,Plants,MegaGro,Set2,2,R3,Galaxy_SuperRare,3,2,5,3,2,5,1000,250,False,False,True,False,False,False,False,False,False,False,True,10,24,1,Bean,galaxyplant
448,Onion Rings,Onion Rings,Plants,MegaGro,Set2,3,R4,Galaxy_Legendary,5,4,4,5,4,4,4000,1000,False,False,True,False,False,False,False,False,False,False,True,9,35,2,Root,"plantlegend, galaxyplant"
449,Captain Cucumber,Captain Cucumber,Plants,MegaGro,Set2,3,R4,Galaxy_Legendary,3,1,4,3,1,4,4000,1000,False,False,True,False,False,False,False,False,False,False,True,10,37,2,Fruit,"plantlegend, galaxyplant"
450,Clique Peas,Clique Peas,Plants,MegaGro,Event,5,Event,Premium_Event,1,1,1,1,1,1,1000,250,False,False,True,False,False,False,False,False,False,False,True,9,33,2,"Bean, Peashooter",plantevent
451,Lily of the Valley,Lily of the Valley,Plants,MegaGro,Event,5,Event,Premium_Event,2,2,2,2,2,2,1000,250,False,False,True,False,False,False,False,False,False,False,True,10,28,1,Flower,"anyplantfighter, cost6orless, randomplantcard, plantevent"
452,Snake Grass,Snake Grass,Plants,Smarty,Event,5,Event,Premium_Event,4,4,2,4,4,2,1000,250,False,False,True,False,True,False,False,False,False,False,True,11,24,1,"Leafy, Animal","anyplantfighter, cost6orless, randomplantcard, plantevent"
453,Pod Fighter,Pod Fighter,Plants,MegaGro,Set2,2,R3,Galaxy_SuperRare,5,3,4,5,3,4,1000,250,False,False,True,False,False,False,False,False,False,False,True,10,42,2,Peashooter,galaxyplant
454,Laser Cattail,Laser Cattail,Plants,Smarty,Set2,2,R3,Galaxy_SuperRare,2,2,2,2,2,2,1000,250,False,False,True,False,True,True,False,False,False,False,True,12,28,1,Animal,galaxyplant
455,Leaf Blower,Leaf Blower,Plants,Smarty,Set2,0,R1,Galaxy_Common,4,3,4,4,3,4,50,15,False,False,True,False,True,False,False,False,False,False,True,10,29,1,Leafy,"galaxyplant, caresaboutenvironment"
456,Tactical Position,Planet of the Grapes,Plants,Smarty,Set2,0,R1,Galaxy_Common,3,,,3,0,0,50,50,False,False,False,True,False,False,False,False,False,False,True,8,32,1,Berry,"galaxyplant, environment"
457,Cosmic Bean,Cosmic Bean,Plants,Smarty,Set2,1,R2,Galaxy_Rare,2,1,1,2,1,1,250,50,False,False,True,False,False,True,False,False,False,False,True,10,27,2,Bean,galaxyplant
458,Mars Flytrap,Mars Flytrap,Plants,Smarty,Set2,0,R1,Galaxy_Common,1,2,2,1,2,2,50,15,False,False,True,False,False,False,False,False,False,False,True,10,50,2,Flytrap,galaxyplant
459,Sap Fling,Sap-Fling,Plants,Smarty,Event,5,Event,Premium_Event,6,5,3,6,5,3,1000,250,False,False,True,False,False,False,False,False,False,False,True,9,22,1,"Pinecone, Tree",plantevent
460,Sap,Sappy Place,Plants,Smarty,Token,4,R0,Token,4,,,4,0,0,0,0,False,False,False,True,False,False,False,False,False,False,True,6,19,1,,
461,Carbeanite,Cool Bean,Plants,Smarty,Set2,2,R3,Galaxy_SuperRare,3,3,3,3,3,3,1000,250,False,False,True,False,False,False,False,False,False,False,True,9,20,1,Bean,galaxyplant
462,Bouncy Toy,Bog of Enlightenment,Plants,Smarty,Set2,2,R3,Galaxy_SuperRare,2,,,2,0,0,1000,250,False,False,False,True,False,False,False,False,False,False,True,7,36,2,,"galaxyplant, environment"
463,Shooting Starfruit,Shooting Starfruit,Plants,Smarty,Set2,3,R4,Galaxy_Legendary,5,2,2,5,2,2,4000,1000,False,False,True,False,False,False,False,False,False,False,True,10,10,0,Fruit,"plantlegend, galaxyplant"
464,Deep Space Dragonfruit,Dark Matter Dragonfruit,Plants,Smarty,Set2,3,R4,Galaxy_Legendary,8,6,6,8,6,6,4000,1000,False,False,True,False,True,False,False,False,False,False,True,12,24,1,"Dragon, Fruit","plantlegend, galaxyplant"
465,Melonpult,Melon-Pult,Plants,Smarty,Set2,1,R2,Galaxy_Rare,5,3,5,5,3,5,250,50,False,False,True,False,False,False,False,False,False,False,True,10,10,0,Fruit,galaxyplant
466,Spyris,Spyris,Plants,Smarty,Event,5,Event,Premium_Event,1,2,1,1,2,1,1000,250,False,False,True,False,True,False,False,False,False,False,True,11,22,1,"Flower, Root","anyplantfighter, cost6orless, randomplantcard, anyaquaticplantcard, plantevent"
467,Apple Saucer,Apple-Saucer,Plants,Solar,Set2,0,R1,Galaxy_Common,2,3,1,2,3,1,50,15,False,False,True,False,False,False,False,False,False,False,True,9,21,1,Fruit,galaxyplant
468,Wing Nut,Wing-Nut,Plants,Solar,Set2,2,R3,Galaxy_SuperRare,4,3,7,4,3,7,1000,250,False,False,True,False,False,False,False,False,False,False,True,10,21,1,"Peashooter, Nut",galaxyplant
469,Flytrapland,Venus Flytraplanet,Plants,Solar,Set2,0,R1,Galaxy_Common,4,,,4,0,0,50,15,False,False,False,True,False,False,False,False,False,False,True,8,27,1,Flytrap,"galaxyplant, environment"
470,Cosmic Flower,Cosmic Flower,Plants,Solar,Set2,1,R2,Galaxy_Rare,3,2,2,3,2,2,250,50,False,False,True,False,False,False,False,False,False,False,True,10,27,2,Flower,galaxyplant
471,Heartichoke,Heartichoke,Plants,Solar,Set2,1,R2,Galaxy_Rare,4,3,4,4,3,4,250,50,False,False,True,False,False,False,False,False,False,False,True,10,24,1,"Leafy, Flower",galaxyplant
472,Banana Split,Banana Split,Plants,MegaGro,Event,5,Event,Premium_Event,4,4,5,4,4,5,1000,250,False,False,True,False,False,False,False,False,False,False,True,10,23,1,Fruit,"anyplantfighter, cost6orless, randomplantcard, plantevent"
473,Half Banana,Half-Banana,Plants,MegaGro,Set4,0,R1,Triassic_Uncommon,2,2,2,2,2,2,50,15,False,False,True,False,False,False,False,False,False,False,True,10,23,1,Fruit,"anyplantfighter, cost6orless, randomplantcard"
474,Astrocado,Astrocado,Plants,Solar,Set2,3,R4,Galaxy_Legendary,5,5,3,5,5,3,4000,1000,False,False,True,False,False,False,False,False,False,False,True,11,22,1,Fruit,"plantlegend, galaxyplant"
475,Astrocado Pit,Astrocado Pit,Plants,Solar,Token,4,R0,Token,1,,1,1,0,1,0,0,False,False,True,False,False,False,False,False,False,False,True,8,18,1,Seed,
476,Zen Garden,Solar Winds,Plants,Solar,Set2,2,R3,Galaxy_SuperRare,3,,,3,0,0,1000,1000,False,False,False,True,False,False,False,False,False,False,True,7,22,1,,"galaxyplant, environment"
477,Astrovera,Astro Vera,Plants,Solar,Set2,3,R4,Galaxy_Legendary,8,5,5,8,5,5,4000,1000,False,False,True,False,False,False,False,False,False,False,True,9,35,2,Cactus,"plantlegend, galaxyplant"
478,Tactical Cuke,Tactical Cuke,Plants,Solar,Set2,2,R3,Galaxy_SuperRare,5,,,5,0,0,1000,250,False,False,False,False,False,False,True,False,False,False,True,8,23,1,Fruit,galaxyplant
479,Sun Shroom,Sun-Shroom,Plants,Solar,Event,5,Event,Premium_Event,1,,2,1,0,2,1000,250,False,False,True,False,False,True,False,False,False,False,True,10,32,2,Mushroom,plantevent
480,Toadstool,Toadstool,Plants,Solar,Event,5,Event,Premium_Event,6,4,5,6,4,5,1000,250,False,False,True,False,False,False,False,False,False,False,True,10,35,2,"Mushroom, Animal","anyplantfighter, cost6orless, randomplantcard, plantevent"
481,Pumpking,Haunted Pumpking,Plants,Solar,Event,5,Event,Premium_Event,1,4,1,1,4,1,1000,250,False,False,True,False,False,False,False,False,False,False,True,9,21,1,Squash,plantevent
482,Kitchen Sink Zombie,Kitchen Sink Zombie,Zombies,Brainy,Event,5,Event,Premium_Event,6,3,6,6,3,6,2000,500,False,False,True,False,False,False,False,False,False,False,True,14,24,1,"Professional, Mustache",zombieevent
483,Alien Ooze,Alien Ooze,Zombies,Hungry,Set2,0,R1,Galaxy_Common,3,,,3,0,0,50,15,False,False,False,False,False,False,True,True,False,False,True,9,33,2,Monster,"galaxyzombie, caresaboutenvironment"
484,Zomboss Lab,Area 22,Zombies,Hungry,Set2,2,R3,Galaxy_SuperRare,3,,,3,0,0,1000,250,False,False,False,True,False,False,False,True,False,False,True,9,35,2,Science,"galaxyzombie, environment"
485,Cosmic Pet,Cosmic Yeti,Zombies,Hungry,Set2,1,R2,Galaxy_Rare,4,3,3,4,3,3,250,50,False,False,True,False,False,False,False,False,False,False,True,10,36,3,"Pet, Monster",galaxyzombie
486,Zombuff,Escape through Time,Zombies,Hearty,Set2,1,R2,Galaxy_Rare,2,,,2,0,0,250,50,False,False,False,False,False,False,True,True,False,False,True,9,27,2,"History, Science",galaxyzombie
487,Surfer Zombie,Surfer Zombie,Zombies,Hungry,Set2,0,R1,Galaxy_Common,4,4,3,4,4,3,50,15,False,False,True,False,True,False,False,False,False,False,True,10,10,0,"Party, Sports",galaxyzombie
488,Cyborg Zombie,Cyborg Zombie,Zombies,Hungry,Set2,2,R3,Galaxy_SuperRare,2,3,2,2,3,2,1000,250,False,False,True,False,False,False,False,False,False,False,True,10,36,2,Science,galaxyzombie
489,Stinky Mist,Total Eclipse,Zombies,Hungry,Set2,0,R1,Galaxy_Common,2,,,2,0,0,50,15,False,False,False,True,False,False,False,True,False,False,True,8,24,1,,"galaxyzombie, environment"
490,Galactic Bounty Hunter,Interstellar Bounty Hunter,Zombies,Hungry,Set2,3,R4,Galaxy_Legendary,4,4,4,4,4,4,4000,1000,False,False,True,False,False,False,False,False,False,False,True,11,48,2,"Science, Pirate","galaxyzombie, zombielegend"
491,Supernova Gargantaur,Supernova Gargantuar,Zombies,Hungry,Set2,3,R4,Galaxy_Legendary,5,5,7,5,5,7,4000,1000,False,False,True,False,False,False,False,False,False,False,True,11,65,2,"Science, Gargantuar","galaxyzombie, zombielegend"
492,Secret Agent,Secret Agent,Zombies,Hungry,Event,5,Event,Premium_Event,1,,,1,0,0,1000,250,False,False,False,False,False,False,True,True,False,False,True,9,23,2,Professional,zombieevent
493,Synchronized Swimmer,Synchronized Swimmer,Zombies,Hungry,Event,5,Event,Premium_Event,2,2,1,2,2,1,1000,250,False,False,True,False,True,False,False,False,False,False,True,10,27,1,"Dancing, Sports",zombieevent
494,Energy Drink Zombie,Energy Drink Zombie,Zombies,Hungry,Event,5,Event,Premium_Event,2,1,1,2,1,1,1000,250,False,False,True,False,False,False,False,False,False,False,True,11,31,2,"Gourmet, Sports","randomzombie, can be transmogrified, randomzombiefighter, 2costzombie, zombieevent"
495,Overstuffed Zombie,Overstuffed Zombie,Zombies,Hungry,Event,5,Event,Premium_Event,4,4,4,4,4,4,1000,250,False,False,True,False,False,False,False,False,False,False,True,10,57,3,"Gourmet, Mustache","randomzombie, randomzombiefighter, zombieevent"
496,CryoBrain,Cryo-Brain,Zombies,Brainy,Set2,0,R1,Galaxy_Common,2,,,2,0,0,50,15,False,False,False,False,False,False,True,True,False,False,True,9,25,2,"Gourmet, Science",galaxyzombie
497,Space Explorer,Moonwalker,Zombies,Brainy,Set2,0,R1,Galaxy_Common,3,2,2,3,2,2,50,15,False,False,True,False,False,False,False,False,False,False,True,9,31,2,"Dancing, Science","galaxyzombie, caresaboutenvironment"
498,Brain Silo,Medulla Nebula,Zombies,Brainy,Set2,0,R1,Galaxy_Common,3,,,3,0,0,50,15,False,False,False,True,False,False,False,True,False,False,True,9,26,1,Gourmet,"galaxyzombie, environment"
499,Triplication,Triplication,Zombies,Brainy,Set2,1,R2,Galaxy_Rare,4,,,4,0,0,250,50,False,False,False,False,False,False,True,True,False,False,True,9,36,3,"Imp, Gargantuar",galaxyzombie
500,Cosmic Scientist,Cosmic Scientist,Zombies,Brainy,Set2,1,R2,Galaxy_Rare,2,1,2,2,1,2,250,50,False,False,True,False,False,False,False,False,False,False,True,10,27,2,Science,galaxyzombie
501,Wormhole Gatekeeper,Wormhole Gatekeeper,Zombies,Brainy,Set2,2,R3,Galaxy_SuperRare,3,2,5,3,2,5,1000,250,False,False,True,False,False,False,False,False,False,False,True,10,62,5,Science,galaxyzombie
502,Neutron Imp,Neutron Imp,Zombies,Brainy,Set2,2,R3,Galaxy_SuperRare,1,2,2,1,2,2,1000,250,False,False,True,False,False,False,False,False,False,False,True,10,21,1,"Science, Imp","galaxyzombie, caresaboutenvironment"
503,Transformation Lab,Transformation Station,Zombies,Brainy,Set2,2,R3,Galaxy_SuperRare,2,,,2,0,0,1000,250,False,False,False,True,False,False,False,True,False,False,True,9,23,1,Science,"galaxyzombie, environment"
504,Teleportation Zombie,Teleportation Zombie,Zombies,Brainy,Set2,3,R4,Galaxy_Legendary,2,1,5,2,1,5,4000,1000,False,False,True,False,False,False,False,False,False,False,True,12,23,1,Science,"galaxyzombie, zombielegend"
505,Replicator Zombie,Interdimensional Zombie,Zombies,Brainy,Set2,3,R4,Galaxy_Legendary,1,2,2,1,2,2,4000,1000,False,False,True,False,False,False,False,False,False,False,True,10,26,1,Science,"galaxyzombie, zombielegend"
506,Zombology Teacher,Zombology Teacher,Zombies,Hearty,Event,5,Event,Premium_Event,1,2,1,1,2,1,2000,500,False,False,True,False,False,False,False,False,False,False,True,10,22,1,"Professional, Science",zombieevent
507,Brain in a Jar,Thinking Cap,Zombies,Brainy,Event,5,Event,Premium_Event,4,,,4,0,0,1000,250,False,False,False,False,False,False,True,True,False,False,True,9,18,1,Gourmet,zombieevent
508,Leprechaun Imp,Leprechaun Imp,Zombies,Brainy,Event,5,Event,Premium_Event,1,2,2,1,2,2,2000,500,False,False,True,False,False,False,False,False,False,False,True,9,21,1,Imp,"randomzombie, can be transmogrified, randomzombiefighter, 2costzombie, zombieevent"
510,Disconaut,Disco-Naut,Zombies,Madcap,Set2,2,R3,Galaxy_SuperRare,1,2,1,1,2,1,1000,1000,False,False,True,False,False,False,False,False,False,False,True,10,35,2,Dancing,galaxyzombie
511,Space Ninja,Space Ninja,Zombies,Madcap,Set2,0,R1,Galaxy_Common,2,3,2,2,3,2,50,15,False,False,True,False,False,False,False,False,False,False,True,10,27,1,Professional,"galaxyzombie, caresaboutenvironment"
512,Strength Land,Meteor Z,Zombies,Madcap,Set2,0,R1,Galaxy_Common,2,,,2,0,0,50,15,False,False,False,True,False,False,False,True,False,False,True,8,21,1,,"galaxyzombie, environment"
513,Cosmic Dancer,Cosmic Dancer,Zombies,Madcap,Set2,1,R2,Galaxy_Rare,4,2,3,4,2,3,250,50,False,False,True,False,False,False,False,False,False,False,True,11,28,2,Dancing,galaxyzombie
514,Final Mission,Final Mission,Zombies,Madcap,Set2,1,R2,Galaxy_Rare,2,,,2,0,0,250,50,False,False,False,False,False,False,True,True,False,False,True,9,31,2,"Science, Barrel",galaxyzombie
515,Space Mentor,Quasar Wizard,Zombies,Madcap,Set2,3,R4,Galaxy_Legendary,2,2,2,2,2,2,4000,1000,False,False,True,False,False,False,False,False,False,False,True,9,24,1,Mustache,"galaxyzombie, zombielegend"
516,Loose Cannon,Loose Cannon,Zombies,Madcap,Set2,0,R1,Galaxy_Common,1,1,1,1,1,1,50,15,False,False,True,False,False,False,False,False,False,False,True,10,10,0,"Barrel, Imp",galaxyzombie
517,Artillery World,Moon Base Z,Zombies,Madcap,Set2,2,R3,Galaxy_SuperRare,3,,,3,0,0,1000,250,False,False,False,True,False,False,False,True,False,False,True,9,22,1,"Science, Barrel","galaxyzombie, environment"
518,Binary Stars,Binary Stars,Zombies,Madcap,Set2,3,R4,Galaxy_Legendary,5,3,3,5,3,3,4000,1000,False,False,True,False,False,False,False,False,False,False,True,11,24,1,Dancing,"galaxyzombie, zombielegend"
519,Gas Giant,Gas Giant,Zombies,Madcap,Set2,2,R3,Galaxy_SuperRare,6,5,5,6,5,5,1000,250,False,False,True,False,False,False,False,False,False,False,True,10,41,2,"Gargantuar, Monster",galaxyzombie
520,Stupid Cupid,Stupid Cupid,Zombies,Madcap,Event,5,Event,Premium_Event,4,4,2,4,4,2,1000,250,False,False,True,False,False,False,False,False,False,False,True,9,22,1,Imp,"randomzombie, randomzombiefighter, zombieevent"
521,Gargantuar Throwing Imp,Gargantuar-Throwing Imp,Zombies,Madcap,Event,5,Event,Premium_Event,4,1,2,4,1,2,2000,500,False,False,True,False,False,False,False,False,False,False,True,10,25,1,Imp,"randomzombie, randomzombiefighter, zombieevent"
524,Screen Door Zombie,Screen Door Zombie,Zombies,Hearty,Set2,0,R1,Galaxy_Common,5,4,4,5,4,4,50,15,False,False,True,False,False,False,False,False,False,False,True,10,20,1,Professional,galaxyzombie
525,Space Janitor,Celestial Custodian,Zombies,Hearty,Set2,0,R1,Galaxy_Common,4,3,4,4,3,4,50,15,False,False,True,False,False,False,False,False,False,False,True,9,26,1,"Professional, Mustache","galaxyzombie, caresaboutenvironment"
526,Cone Zone,Cone Zone,Zombies,Hearty,Set2,0,R1,Galaxy_Common,2,,,2,0,0,50,15,False,False,False,True,False,False,False,True,False,False,True,9,22,1,Professional,"galaxyzombie, environment"
527,Cosmic Sports Star,Cosmic Sports Star,Zombies,Hearty,Set2,1,R2,Galaxy_Rare,3,2,2,3,2,2,250,50,False,False,True,False,False,False,False,False,False,False,True,9,26,2,Sports,galaxyzombie
528,Interplanetary Gardener,Biodome Botanist,Zombies,Hungry,Set2,1,R2,Galaxy_Rare,2,2,3,2,2,3,250,50,False,False,True,False,False,False,False,False,False,False,True,9,22,1,"Mustache, Science",galaxyzombie
529,Planetary Guard,Planetary Gladiator,Zombies,Hearty,Set2,2,R3,Galaxy_SuperRare,1,1,3,1,1,3,1000,250,False,False,True,False,False,False,False,False,False,False,True,11,24,1,"Sports, Professional",galaxyzombie
530,Going Viral,Going Viral,Zombies,Hearty,Event,5,Event,Premium_Event,3,,,3,0,0,1000,250,False,False,False,False,False,False,True,True,False,False,True,8,36,3,,zombieevent
531,Gravity Well,Black Hole,Zombies,Hearty,Set2,2,R3,Galaxy_SuperRare,1,,,1,0,0,1000,250,False,False,False,True,False,False,False,True,False,False,True,8,37,2,,"galaxyzombie, environment"
532,Intergalactic Warlord,Intergalactic Warlord,Zombies,Hearty,Set2,3,R4,Galaxy_Legendary,5,2,2,5,2,2,4000,1000,False,False,True,False,False,False,False,False,False,False,True,9,20,1,"Mustache, Pirate","galaxyzombie, zombielegend"
533,Zombot Battlecruiser,Zombot Battlecruiser 5000,Zombies,Hearty,Set2,3,R4,Galaxy_Legendary,6,6,6,6,6,6,4000,1000,False,False,True,False,False,False,False,False,False,False,True,10,23,1,"Science, Barrel","galaxyzombie, zombielegend"
534,Defensive End,Defensive End,Zombies,Hearty,Event,5,Event,Premium_Event,6,6,5,6,6,5,1000,250,False,False,True,False,False,False,False,False,False,False,True,11,23,1,"Sports, Gargantuar","randomzombie, randomzombiefighter, gargantuar, zombieevent"
535,Regenerating Zombie,Genetic Experiment,Zombies,Hearty,Set2,2,R3,Galaxy_SuperRare,1,2,1,1,2,1,1000,250,False,False,True,False,False,False,False,False,False,False,True,10,21,1,"Science, Barrel",galaxyzombie
536,Gargologist,Gargologist,Zombies,Hearty,Event,5,Event,Premium_Event,2,2,3,2,2,3,1000,250,False,False,True,False,False,False,False,False,False,False,True,10,21,1,Science,"randomzombie, can be transmogrified, randomzombiefighter, 2costzombie, zombieevent"
537,Ducky Tube Zombie,Ducky Tube Zombie,Zombies,Sneaky,Set2,2,R3,Galaxy_SuperRare,1,1,2,1,1,2,1000,250,False,False,True,False,True,False,False,False,False,False,True,11,26,1,"Party, Pet",galaxyzombie
538,Ice Pirate,Ice Pirate,Zombies,Sneaky,Set2,0,R1,Galaxy_Common,2,3,1,2,3,1,50,15,False,False,True,False,False,False,False,False,False,False,True,10,24,1,Pirate,"galaxyzombie, caresaboutenvironment"
539,Graveyard,Graveyard,Zombies,Sneaky,Set2,0,R1,Galaxy_Common,1,,,1,0,0,50,15,False,False,False,True,False,False,False,True,False,False,True,8,33,2,,"galaxyzombie, environment"
540,Cosmic Imp,Cosmic Imp,Zombies,Sneaky,Set2,1,R2,Galaxy_Rare,3,1,1,3,1,1,250,50,False,False,True,False,False,False,False,False,False,False,True,10,27,2,Imp,galaxyzombie
541,Frosty Mustache,Frosty Mustache,Zombies,Sneaky,Set2,0,R1,Galaxy_Common,2,,,2,0,0,50,15,False,False,False,False,False,False,True,True,False,False,True,9,27,2,Mustache,galaxyzombie
542,Dr Spacetime,Dr. Spacetime,Zombies,Sneaky,Set2,2,R3,Galaxy_SuperRare,2,1,5,2,1,5,1000,250,False,False,True,False,False,False,False,False,False,False,True,10,42,2,"History, Science",galaxyzombie
543,Space Pirate,Space Pirate,Zombies,Sneaky,Set2,1,R2,Galaxy_Rare,3,3,2,3,3,2,250,50,False,False,True,False,False,False,False,False,False,False,True,10,36,2,"Pet, Pirate",galaxyzombie
544,Space Cowboy,Space Cowboy,Zombies,Sneaky,Set2,3,R4,Galaxy_Legendary,4,3,5,4,3,5,4000,1000,False,False,True,False,True,False,False,False,False,False,True,12,29,1,"Imp, Pet","galaxyzombie, zombielegend"
545,Cryo Yeti,Cryo-Yeti,Zombies,Sneaky,Set2,3,R4,Galaxy_Legendary,5,3,4,5,3,4,4000,1000,False,False,True,False,False,False,False,False,False,False,True,11,37,2,"Pet, Monster","galaxyzombie, zombielegend"
546,Cheese Cutter,Cheese Cutter,Zombies,Hungry,Set2,2,R3,Galaxy_SuperRare,1,2,2,1,2,2,1000,250,False,False,True,False,False,False,False,False,False,False,True,10,33,2,"Gourmet, Mustache",galaxyzombie
547,Zombie High Diver,Zombie High Diver,Zombies,Sneaky,Event,5,Event,Premium_Event,3,3,2,3,3,2,1000,250,False,False,True,False,False,False,False,False,False,False,True,10,49,3,"Mustache, Sports",zombieevent
548,Imposter,Imposter,Zombies,Sneaky,Event,5,Event,Premium_Event,1,2,1,1,2,1,1000,250,False,False,True,False,False,False,False,False,False,False,True,10,26,2,"Mustache, Imp",zombieevent
549,Trapper Zombie,Trapper Zombie,Zombies,Sneaky,Event,5,Event,Premium_Event,4,3,3,4,3,3,1000,250,False,False,True,False,False,False,False,False,False,False,True,10,23,1,"Pet, Mustache",zombieevent
550,Fire Rooster,Fire Rooster,Zombies,Sneaky,Event,5,Event,Premium_Event,2,3,1,2,3,1,1000,250,False,False,True,False,False,False,False,False,False,False,True,10,55,3,Pet,"randomzombie, can be transmogrified, randomzombiefigher, 2costzombie, zombieevent"
551,Lucky Clover,Plucky Clover,Plants,MegaGro,Event,5,Event,Premium_Event,5,2,5,5,2,5,1000,250,False,False,True,False,False,False,False,False,False,False,True,9,32,2,Leafy,"anyplantfighter, cost6orless, randomplantcard, plantevent"
552,Hot Date,Hot Date,Plants,Guardian,Event,5,Event,Premium_Event,2,,1,2,0,1,2000,500,False,False,True,False,False,False,False,False,False,False,True,8,34,2,Fruit,"anyplantfighter, cost6orless, randomplantcard, plantevent"
553,Bonus Track Buckethead,Bonus Track Buckethead,Zombies,Hearty,Event,5,Event,Premium_Event,4,4,4,4,4,4,1000,250,False,False,True,False,False,False,False,False,False,False,True,11,22,1,Dancing,"randomzombie, randomzombiefighter, zombieevent"
554,Shamrocket,Shamrocket,Plants,Guardian,Event,5,Event,Premium_Event,3,,,3,0,0,1000,250,False,False,False,False,False,False,True,False,False,False,True,8,18,1,"Leafy, Pinecone","randomplantcard, plantevent"
555,Sportacus,Sportacus,Plants,Smarty,Event,5,Event,Premium_Event,3,3,3,3,3,3,1000,250,False,False,True,False,False,False,False,False,False,False,True,10,25,1,"Mushroom, Nut","randomplantcard, anyplantfighter, cost6orless, plantevent"
556,Hippity Hop Gargantuar,Hippity Hop Gargantuar,Zombies,Madcap,Event,5,Event,Premium_Event,5,6,5,5,6,5,2000,500,False,False,True,False,False,False,False,False,False,False,True,10,38,2,"Pet, Gargantuar","randomzombie, randomzombiefighter, gargantaur, zombieevent"
557,Mystery Egg,Mystery Egg,Zombies,Madcap,Set3,0,R1,Colossal_Uncommon,1,,2,1,0,2,50,15,False,False,True,False,False,False,False,False,False,False,True,9,19,1,Gourmet,set3zombie
558,Sun Shroomier,Sunnier-Shroom,Plants,Solar,Set4,0,R1,Triassic_Uncommon,3,,3,3,0,3,50,15,False,False,True,False,False,True,False,False,False,False,True,9,20,1,Mushroom,
559,BoardAbilityView,,All,0,Board,0,R1,,0,,,0,0,0,0,0,False,False,False,False,False,False,False,False,True,False,True,5,14,1,,
560,Vengeful Cyborg,Vengeful Cyborg,Zombies,Hungry,Set4,0,R1,Triassic_Uncommon,5,5,6,5,5,6,50,15,False,False,True,False,False,False,False,False,False,False,True,9,24,1,Science,
561,BoardAbilityView,,All,0,Board,0,R1,,0,,,0,0,0,0,0,False,False,False,False,False,False,False,False,True,False,True,5,14,1,,
562,,,All,0,,0,R1,,0,,,0,0,0,0,0,False,False,False,False,False,False,False,False,False,True,False,6,17,1,,
563,BoardAbilityView,,All,0,Board,0,R1,,0,,,0,0,0,0,0,False,False,False,False,False,False,False,False,True,False,True,5,11,1,,
564,,,All,0,,0,R1,,0,,,0,0,0,0,0,False,False,False,False,False,False,False,False,False,True,False,6,19,1,,
565,BoardAbilityView,,All,0,Board,0,R1,,0,,,0,0,0,0,0,False,False,False,False,False,False,False,False,True,False,True,5,18,1,,
566,Pair Pearadise,Pair Pearadise,Plants,Kabloom,Set2,2,R3,Galaxy_SuperRare,4,,,4,0,0,1000,250,False,False,False,True,False,False,False,False,False,False,True,8,25,1,Fruit,"galaxyplant, environment"
567,BoardAbilityView,,All,0,Board,0,R1,,0,,,0,0,0,0,0,False,False,False,False,False,False,False,False,True,False,True,5,27,2,,
568,King of the Grill,King of the Grill,Zombies,Hungry,Event,5,Event,Premium_Event,6,6,6,6,6,6,2000,500,False,False,True,False,False,False,False,False,False,False,True,11,57,2,"Gourmet, Gargantuar",zombieevent
569,Trapper Territory,Trapper Territory,Zombies,Madcap,Set4,0,R1,Triassic_Uncommon,1,,,1,0,0,50,15,False,False,False,True,False,False,False,True,False,False,True,8,23,1,Gourmet,
570,BoardAbilityView,,All,0,Board,0,R1,,0,,,0,0,0,0,0,False,False,False,False,False,False,False,False,True,False,True,6,24,2,,
571,BoardAbilityView,,All,0,Board,0,R1,,0,,,0,0,0,0,0,False,False,False,False,False,False,False,False,True,False,True,5,29,2,,
572,Genetic Amplification,Genetic Amplification,Plants,"Guardian, Smarty",Hero,3,R4,Bloom_Legendary,1,,,1,0,0,0,0,True,True,False,False,False,False,True,False,False,False,True,9,31,4,Root,
573,Tractor Beam Technician,Ensign Uproot,Plants,Guardian,Superpower,2,R3,Superpower_SuperRare,1,2,1,1,2,1,0,0,False,True,True,False,True,False,False,False,False,False,True,10,29,1,Root,
574,Lieutenant Carrot,Lieutenant Carrotron,Plants,Smarty,Superpower,2,R3,Superpower_SuperRare,1,2,1,1,2,1,0,0,False,True,True,False,False,True,False,False,False,False,True,10,25,1,Root,
575,Lightspeed Seed,Lightspeed Seed,Plants,Smarty,Superpower,2,R3,Superpower_SuperRare,1,,,1,0,0,0,0,False,True,False,False,False,False,True,False,False,False,True,8,17,1,Seed,
576,Terror-Former 2000,"Terror-Former 10,000",Zombies,"Brainy, Sneaky",Hero,3,R4,Bloom_Legendary,1,,,1,0,0,0,0,True,True,False,False,False,False,True,True,False,False,True,10,52,4,"Science, Imp",
577,Iron Boarder,Iron Boarder,Zombies,Brainy,Superpower,2,R3,Superpower_SuperRare,1,2,3,1,2,3,0,0,False,True,True,False,False,False,False,False,False,False,True,11,21,1,"Sports, Imp",
578,Teleportation Station,Teleportation Station,Zombies,Brainy,Superpower,2,R3,Superpower_SuperRare,1,,,1,0,0,0,0,False,True,False,True,False,False,False,True,False,False,True,9,25,1,Science,
579,Ice World,Ice Moon,Zombies,Sneaky,Superpower,2,R3,Superpower_SuperRare,1,,,1,0,0,0,0,False,True,False,True,False,False,False,True,False,False,True,8,31,2,,
580,BoardAbilityView,,All,0,Board,0,R1,,0,,,0,0,0,0,0,False,False,False,False,False,False,False,False,True,False,True,5,12,1,,
582,BoardAbilityView,,All,0,Board,0,R1,,0,,,0,0,0,0,0,False,False,False,False,False,False,False,False,True,False,True,5,11,1,,
583,BoardAbilityView,,All,0,Board,0,R1,,0,,,0,0,0,0,0,False,False,False,False,False,False,False,False,True,False,True,5,12,1,,
584,BoardAbilityView,,All,0,Board,0,R1,,0,,,0,0,0,0,0,False,False,False,False,False,False,False,False,True,False,True,5,11,1,,
585,Hover-Goat 3000,Hover-Goat 3000,Zombies,Hungry,Event,5,Event,Premium_Event,3,1,3,3,1,3,1000,250,False,False,True,False,True,False,False,False,False,False,True,11,38,2,"Science, Pet",zombieevent
586,Bad Moon Rising,Bad Moon Rising,Zombies,Brainy,Event,5,Event,Premium_Event,7,,,7,0,0,1000,250,False,False,False,False,False,False,True,True,False,False,True,8,18,1,,zombieevent
587,Imp-Throwing Imp,Imp-Throwing Imp,Zombies,Sneaky,Event,5,Event,Premium_Event,2,1,3,2,1,3,1000,250,False,False,True,False,False,False,False,False,False,False,True,10,23,1,Imp,zombieevent
588,Forget-Me-Nuts,Forget-Me-Nuts,Plants,Guardian,Event,5,Event,Premium_Event,1,2,1,1,2,1,1000,250,False,False,True,False,False,False,False,False,False,False,True,10,22,1,"Flower, Nut",plantevent
589,Atomic Bombegranate,Atomic Bombegranate,Plants,Kabloom,Event,5,Event,Premium_Event,5,5,2,5,5,2,1000,250,False,False,True,False,False,False,False,False,False,False,True,10,44,2,Fruit,plantevent
590,BoardAbilityView,,All,0,Board,0,R1,,0,,,0,0,0,0,0,False,False,False,False,False,False,False,False,True,False,True,5,13,1,,
591,Go-Nuts,Go-Nuts,Plants,Smarty,Event,5,Event,Premium_Event,3,2,2,3,2,2,1000,250,False,False,True,False,False,True,False,False,False,False,True,10,31,1,"Flower, Nut",plantevent
592,BoardAbilityView,,All,0,Board,0,R1,,0,,,0,0,0,0,0,False,False,False,False,False,False,False,False,True,False,True,5,11,1,,
593,BoardAbilityView,,All,0,Board,0,R1,,0,,,0,0,0,0,0,False,False,False,False,False,False,False,False,True,False,True,5,11,1,,
594,Primal Potato Mine,Primal Potato Mine,Plants,Guardian,Set3,0,R1,Colossal_Uncommon,1,,1,1,0,1,50,15,False,False,True,False,False,False,False,False,False,False,True,10,22,1,Root,set3plant
595,Master Grave Blaster,Blockbuster,Plants,Guardian,Set3,1,R2,Colossal_Rare,4,3,3,4,3,3,250,50,False,False,True,False,False,False,False,False,False,False,True,12,30,1,Root,set3plant
596,Grape Responsibility,Grape Responsibility,Plants,Guardian,Set3,0,R1,Colossal_Uncommon,1,,,1,0,0,50,15,False,False,False,False,False,False,True,False,False,False,True,8,18,1,Berry,set3plant
597,Three-Nut,Three-Nut,Plants,Guardian,Set3,2,R3,Colossal_SuperRare,3,3,2,3,3,2,1000,250,False,False,True,False,False,False,False,False,False,False,True,10,46,2,"Peashooter, Nut",set3plant
598,Tricarrotops,Tricarrotops,Plants,Guardian,Set3,3,R4,Colossal_Legendary,2,1,2,2,1,2,4000,1000,False,False,True,False,False,False,False,False,False,False,True,11,24,1,"Root, Animal","set3plant, plantlegend"
599,imitater,Imitater,Plants,Kabloom,Set3,2,R3,Colossal_SuperRare,3,1,4,3,1,4,1000,250,False,False,True,False,False,False,False,False,False,False,True,10,29,1,"Root, Mime",set3plant
600,Gloom-Shroom,Gloom-Shroom,Plants,Kabloom,Set3,3,R4,Colossal_Legendary,5,5,5,5,5,5,4000,1000,False,False,True,False,False,False,False,False,False,False,True,12,32,1,Mushroom,"set3plant, plantlegend"
601,Umbrella Leaf,Umbrella Leaf,Plants,MegaGro,Set3,0,R1,Colossal_Uncommon,1,,2,1,0,2,50,15,False,False,True,False,False,True,False,False,False,False,True,11,30,1,"Leafy, Flower",set3plant
602,Bamboozle,Bamboozle,Plants,MegaGro,Set3,1,R2,Colossal_Rare,6,6,6,6,6,6,250,50,False,False,True,False,False,False,False,False,False,False,True,11,25,1,"Leafy, Root",set3plant
603,Split Pea,Split Pea,Plants,MegaGro,Set3,2,R3,Colossal_SuperRare,2,4,1,2,4,1,1000,250,False,False,True,False,False,False,False,False,False,False,True,10,25,1,Peashooter,set3plant
604,Grape Power,Grape Power,Plants,MegaGro,Set3,2,R3,Colossal_SuperRare,3,,,3,0,0,1000,250,False,False,False,False,False,False,True,False,False,False,True,8,27,2,Berry,set3plant
605,Gatling Pea,Gatling Pea,Plants,MegaGro,Set3,3,R4,Colossal_Legendary,5,5,4,5,5,4,4000,1000,False,False,True,False,False,False,False,False,False,False,True,13,25,1,Peashooter,"set3plant, plantlegend"
606,Tricorn,Tricorn,Plants,Smarty,Set3,1,R2,Colossal_Rare,6,2,6,6,2,6,250,50,False,False,True,False,False,False,False,False,False,False,True,13,25,1,Nut,set3plant
607,Jelly Bean,Jelly Bean,Plants,Smarty,Set3,2,R3,Colossal_SuperRare,4,4,3,4,4,3,1000,250,False,False,True,False,False,False,False,False,False,False,True,12,35,2,Bean,set3plant
608,Lima-Pleurodon,Lima-Pleurodon,Plants,Smarty,Set3,3,R4,Colossal_Legendary,1,2,2,1,2,2,4000,1000,False,False,True,False,True,False,False,False,False,False,True,11,26,1,"Bean, Animal","set3plant, plantlegend"
609,Kernel-Pult,Kernel-Pult,Plants,Solar,Set3,0,R1,Colossal_Uncommon,1,1,1,1,1,1,50,15,False,False,True,False,False,True,False,False,False,False,True,10,26,1,Corn,set3plant
610,Elderberry,Elderberry,Plants,Solar,Set3,1,R2,Colossal_Rare,4,2,3,4,2,3,250,50,False,False,True,False,False,False,False,False,False,False,True,12,24,1,"Flower, Berry",set3plant
611,Primal Sunflower,Primal Sunflower,Plants,Solar,Set3,2,R3,Colossal_SuperRare,1,2,1,1,2,1,1000,250,False,False,True,False,False,False,False,False,False,False,True,10,23,1,Flower,set3plant
612,Sunflower Seed,Sunflower Seed,Plants,Solar,Set3,2,R3,Colossal_SuperRare,2,2,2,2,2,2,1000,1000,False,False,True,False,False,False,False,False,False,False,True,10,23,1,"Flower, Seed",set3plant
613,1000-Year Cheesemonger,Primordial Cheese Shover,Zombies,Hungry,Set3,1,R2,Colossal_Rare,4,4,4,4,4,4,250,50,False,False,True,False,False,False,False,False,False,False,True,11,25,1,"Gourmet, History",set3zombie
614,Ancient Vimpire,Ancient Vimpire,Zombies,Hungry,Set3,2,R3,Colossal_SuperRare,4,3,4,4,3,4,1000,250,False,False,True,False,True,False,False,False,False,False,True,12,24,1,"Imp, Monster","set3zombie, vimpire"
615,,,All,0,,0,R1,,0,,,0,0,0,0,0,False,False,False,False,False,False,False,False,False,True,False,6,29,1,,
616,Wilting Away,Extinction Event,Zombies,Hungry,Set3,2,R3,Colossal_SuperRare,2,,,2,0,0,1000,250,False,False,False,False,False,False,True,True,False,False,True,9,38,2,History,set3zombie
617,Brontosaurus Rider,Mondo Bronto,Zombies,Hungry,Set3,3,R4,Colossal_Legendary,5,5,5,5,5,5,4000,1000,False,False,True,False,True,False,False,False,False,False,True,11,40,2,"History, Pet","set3zombie, zombielegend"
618,Zomblob,Zom-Blob,Zombies,Brainy,Set3,1,R2,Colossal_Rare,3,2,5,3,2,5,250,50,False,False,True,False,False,False,False,False,False,False,True,11,24,1,Monster,set3zombie
619,Parasol Zombie,Parasol Zombie,Zombies,Brainy,Set3,2,R3,Colossal_SuperRare,4,3,6,4,3,6,1000,250,False,False,True,False,False,False,False,False,False,False,True,11,23,1,Party,set3zombie
620,Gargantuar Mime,Gargantuar Mime,Zombies,Brainy,Set3,3,R4,Colossal_Legendary,5,5,6,5,5,6,4000,1000,False,False,True,False,False,False,False,False,False,False,True,10,46,2,"Gargantuar, Mime","set3zombie, zombielegend"
621,Evolutionary Leap,Evolutionary Leap,Zombies,Brainy,Set3,2,R3,Colossal_SuperRare,2,,,2,0,0,1000,250,False,False,False,False,False,False,True,True,False,False,True,9,29,2,History,set3zombie
622,Lizard Zombie,Gizzard Lizard,Zombies,Madcap,Set3,1,R2,Colossal_Rare,3,3,3,3,3,3,250,50,False,False,True,False,False,False,False,False,False,False,True,11,25,1,"Pet, Monster",set3zombie
623,Four-Armed Bandit,Quickdraw Con Man,Zombies,Madcap,Set3,2,R3,Colossal_SuperRare,1,1,3,1,1,3,1000,250,False,False,True,False,False,False,False,False,False,False,True,11,26,1,Monster,set3zombie
624,Zombie Middle Manager,Zombie Middle Manager,Zombies,Hearty,Set3,0,R1,Colossal_Uncommon,1,1,2,1,1,2,50,15,False,False,True,False,False,False,False,False,False,False,True,10,39,2,Professional,set3zombie
625,Primal Yeti,Primeval Yeti,Zombies,Hearty,Set3,1,R2,Colossal_Rare,5,4,4,5,4,4,250,50,False,False,True,False,False,False,False,False,False,False,True,11,25,1,"Pet, Monster",set3zombie
626,Jurassic Fossilhead,Jurassic Fossilhead,Zombies,Hearty,Set3,2,R3,Colossal_SuperRare,2,2,3,2,2,3,1000,250,False,False,True,False,False,False,False,False,False,False,True,12,24,1,"Professional, History",set3zombie
627,Stegosaurus Rider,Stompadon,Zombies,Hearty,Set3,3,R4,Colossal_Legendary,4,2,4,4,2,4,4000,1000,False,False,True,False,False,False,False,False,False,False,True,10,28,1,"History, Pet","set3zombie, zombielegend"
628,Barrel of Barrels,Barrel of Barrels,Zombies,Sneaky,Set3,0,R1,Colossal_Uncommon,2,,,2,0,0,50,50,False,False,False,False,False,False,True,True,False,False,True,9,27,2,Barrel,set3zombie
629,Blowgun Imp,Blowgun Imp,Zombies,Sneaky,Set3,1,R2,Colossal_Rare,5,3,4,5,3,4,250,50,False,False,True,False,False,False,False,False,False,False,True,13,27,1,"Dancing, Imp",set3zombie
630,Stone Gargantuar,Cursed Gargolith,Zombies,Sneaky,Set3,2,R3,Colossal_SuperRare,6,7,6,6,7,6,1000,250,False,False,True,False,False,False,False,False,False,False,True,11,106,6,"Gargantuar, Monster",set3zombie
631,Zombot Aerostatic Gondola,Zombot Aerostatic Gondola,Zombies,Sneaky,Set3,3,R4,Colossal_Legendary,6,5,6,6,5,6,4000,1000,False,False,True,False,True,False,False,False,False,False,True,11,43,2,"Science, Pirate","set3zombie, zombielegend"
632,Mesozoic Magnolia,Cro-Magnolia,Plants,Kabloom,Set3,1,R2,Colossal_Rare,3,2,4,3,2,4,250,50,False,False,True,False,False,False,False,False,False,False,True,11,31,1,Flower,set3plant
633,Grave Mistake,Grave Mistake,Plants,Smarty,Set3,0,R1,Colossal_Uncommon,2,,,2,0,0,50,15,False,False,False,False,False,False,True,False,False,False,True,7,23,2,,set3plant
634,Fireweed,Fireweed,Plants,Kabloom,Set3,2,R3,Colossal_SuperRare,2,3,2,2,3,2,1000,1000,False,False,True,False,False,False,False,False,False,False,True,9,23,1,"Flower, Root",set3plant
635,Ankylosaurus Rider,Tankylosaurus,Zombies,Madcap,Set3,3,R4,Colossal_Legendary,4,2,6,4,2,6,4000,1000,False,False,True,False,False,False,False,False,False,False,True,10,31,1,"History, Pet","set3zombie, zombielegend"
636,Cob Cannon,Cob Cannon,Plants,Solar,Set3,3,R4,Colossal_Legendary,6,4,6,6,4,6,4000,1000,False,False,True,False,False,False,False,False,False,False,True,11,46,2,Corn,"set3plant, plantlegend"
637,Trans-fig-uration,Transfiguration,Plants,Kabloom,Event,5,Event,Premium_Event,4,4,7,4,4,7,2000,500,False,False,True,False,False,False,False,False,False,False,True,10,23,1,"Leafy, Fruit",plantevent
638,Witch Hazel,Witch Hazel,Plants,Smarty,Event,5,Event,Premium_Event,4,,3,4,0,3,2000,500,False,False,True,False,False,False,False,False,False,False,True,9,42,2,Flower,plantevent
639,Ketchup Mechanic,Ketchup Mechanic,Plants,Solar,Event,5,Event,Premium_Event,3,1,1,3,1,1,1000,250,False,False,True,False,False,False,False,False,False,False,True,9,61,2,Fruit,plantevent
640,Fraidy Cat,Fraidy Cat,Zombies,Hungry,Event,5,Event,Premium_Event,1,2,2,1,2,2,1000,250,False,False,True,False,False,False,False,False,False,False,True,10,38,2,Pet,zombieevent
641,Exploding Fruitcake,Exploding Fruitcake,Zombies,Madcap,Event,5,Event,Premium_Event,2,,,2,0,0,2000,500,False,False,False,False,False,False,True,True,False,False,True,9,27,2,"Gourmet, Party",zombieevent
642,Sneezing Zombie,Sneezing Zombie,Zombies,Hungry,Event,5,Event,Premium_Event,4,2,4,4,2,4,1000,250,False,False,True,False,False,False,False,False,False,False,True,10,37,2,Party,zombieevent
643,Unexpected Gifts,Unexpected Gifts,Zombies,Madcap,Event,5,Event,Premium_Event,3,,,3,0,0,1000,250,False,False,False,False,False,False,True,True,False,False,True,9,27,2,Party,zombieevent
644,BoardAbilityView,,All,0,Board,0,R1,,0,,,0,0,0,0,0,False,False,False,False,False,False,False,False,True,True,False,6,14,1,,
645,Pumpkin Shell,Pumpkin Shell,Plants,Guardian,Set4,1,R2,Triassic_Rare,3,2,4,3,2,4,250,50,False,False,True,False,False,False,False,False,False,False,True,11,22,1,Squash,set4
646,Primal Wall-Nut,Primal Wall-Nut,Plants,Guardian,Set4,2,R3,Triassic_SuperRare,3,,8,3,0,8,1000,250,False,False,True,False,False,True,False,False,False,False,True,10,25,1,Nut,set4
647,Gilly Bean,Marine Bean,Plants,Guardian,Set4,2,R3,Triassic_SuperRare,3,3,3,3,3,3,1000,250,False,False,True,False,True,False,False,False,False,False,True,10,28,1,"Bean, Animal",set4
648,King Coconut,Loco Coco,Plants,Guardian,Set4,3,R4,Triassic_Legendary,6,3,4,6,3,4,4000,1000,False,False,True,False,False,False,False,False,False,False,True,11,39,2,"Fruit, Nut","set4, plantlegend"
649,Shelf Mushroom,Shelf Mushroom,Plants,Kabloom,Set4,1,R2,Triassic_Rare,2,2,2,2,2,2,250,250,False,False,True,False,False,False,False,False,False,False,True,11,28,1,"Mushroom, Berry",set4
650,Strawberrian,Strawberrian,Plants,Kabloom,Set4,2,R3,Triassic_SuperRare,3,3,2,3,3,2,1000,1000,False,False,True,False,False,False,False,False,False,False,True,12,43,2,Berry,set4
651,Veloci-Radish,Veloci-Radish Packmate,Plants,Kabloom,Set4,3,R4,Triassic_Legendary,3,1,3,3,1,3,4000,1000,False,False,True,False,False,False,False,False,False,False,True,10,36,2,"Root, Animal","set4, plantlegend"
653,Typical Beanstalk,Typical Beanstalk,Plants,MegaGro,Set4,0,R1,Triassic_Uncommon,3,3,3,3,3,3,50,15,False,False,True,False,False,False,False,False,False,False,True,9,41,2,"Leafy, Bean",set4
655,Pea Patch,Pea Patch,Plants,MegaGro,Set4,1,R2,Triassic_Rare,2,2,3,2,2,3,250,50,False,False,True,False,False,False,False,False,False,False,True,11,22,1,"Leafy, Peashooter",set4
656,Savage Spinach,Savage Spinach,Plants,MegaGro,Set4,2,R3,Triassic_SuperRare,4,3,6,4,3,6,1000,250,False,False,True,False,False,False,False,False,False,False,True,11,39,2,Leafy,set4
657,Apotatosaurus,Apotatosaurus,Plants,MegaGro,Set4,3,R4,Triassic_Legendary,6,5,5,6,5,5,4000,1000,False,False,True,False,False,False,False,False,False,False,True,11,36,2,"Root, Animal","set4, plantlegend"
658,Primal Peashooter,Primal Peashooter,Plants,Smarty,Set4,0,R1,Triassic_Uncommon,1,2,2,1,2,2,50,15,False,False,True,False,False,False,False,False,False,False,True,10,27,1,Peashooter,set4
659,Lilypad,Lily Pad,Plants,Smarty,Set4,1,R2,Triassic_Rare,1,,1,1,0,1,250,50,False,False,True,False,True,False,False,False,False,False,True,11,35,2,Leafy,set4
660,Rotobaga,Rotobaga,Plants,Smarty,Set4,2,R3,Triassic_SuperRare,2,2,1,2,2,1,1000,250,False,False,True,False,True,False,False,False,False,False,True,11,11,0,Root,set4
661,Shrinking Ultraviolet,Shrinking Violet,Plants,Smarty,Set4,2,R3,Triassic_SuperRare,4,,,4,0,0,1000,250,False,False,False,False,False,False,True,False,False,False,True,8,28,2,Flower,set4
662,Bird of Paradise,Bird of Paradise,Plants,Smarty,Set4,3,R4,Triassic_Legendary,5,4,5,5,4,5,4000,1000,False,False,True,False,True,False,False,False,False,False,True,11,24,1,"Flower, Animal","set4, plantlegend"
663,Green Crosshairs,Cross-Pollination,Plants,Solar,Set4,2,R3,Triassic_SuperRare,3,,,3,0,0,1000,250,False,False,False,False,False,False,True,False,False,False,True,8,36,4,"Fruit, Flower",set4
664,Eyespore,Eyespore,Plants,Solar,Set4,1,R2,Triassic_Rare,2,2,1,2,2,1,250,50,False,False,True,False,False,False,False,False,False,False,True,11,25,1,Moss,set4
665,Aloesaurus,Aloesaurus,Plants,Solar,Set4,3,R4,Triassic_Legendary,5,4,7,5,4,7,4000,1000,False,False,True,False,False,False,False,False,False,False,True,10,31,1,"Cactus, Animal","set4, plantlegend"
666,Killer Whale,Killer Whale,Zombies,Hungry,Set4,1,R2,Triassic_Rare,2,2,1,2,2,1,250,50,False,False,True,False,True,False,False,False,False,False,True,12,24,1,Pet,set4
667,Hunting Grounds,Hunting Grounds,Zombies,Hungry,Set4,2,R3,Triassic_SuperRare,2,,,2,0,0,1000,250,False,False,False,True,False,False,False,True,False,False,True,9,67,4,"History, Pet",set4
668,,,All,0,,0,R1,,0,,,0,0,0,0,0,False,False,False,False,False,False,False,False,False,True,False,6,23,1,,
669,Gargantuar-Throwing Gargantuar,Gargantuar-Throwing Gargantuar,Zombies,Hungry,Set4,3,R4,Triassic_Legendary,7,6,6,7,6,6,4000,1000,False,False,True,False,False,False,False,False,False,False,True,10,23,1,"Pirate, Gargantuar","set4, zombielegend"
670,Mustache Waxer,Mustache Waxer,Zombies,Brainy,Set4,0,R1,Triassic_Uncommon,1,2,2,1,2,2,50,15,False,False,True,False,False,False,False,False,False,False,True,10,82,4,"Professional, Mustache",set4
671,Pot of Silver,Quarterly Bonus,Zombies,Brainy,Set4,0,R1,Triassic_Uncommon,4,,,4,0,0,50,15,False,False,False,False,False,False,True,True,False,False,True,9,33,2,"Barrel, Professional",set4
672,Mustache Monument,Mustache Monument,Zombies,Brainy,Set4,1,R2,Triassic_Rare,3,1,5,3,1,5,250,50,False,False,True,False,False,False,False,False,False,False,True,11,22,1,"Mustache, History",set4
673,Barbarous Barber,Duckstache,Zombies,Brainy,Set4,2,R3,Triassic_SuperRare,3,3,2,3,3,2,1000,250,False,False,True,False,False,False,False,False,False,False,True,12,41,2,"Pet, Mustache",set4
674,Zombot Dinotronic Mechasaur,Zombot Dinotronic Mechasaur,Zombies,Brainy,Set4,3,R4,Triassic_Legendary,7,8,8,7,8,8,4000,1000,False,False,True,False,False,False,False,False,False,False,True,11,26,1,"Science, Pet","set4, zombielegend"
675,Disco Dance Floor,Disco Dance Floor,Zombies,Madcap,Set4,1,R2,Triassic_Rare,2,,3,2,0,3,250,50,False,False,True,False,False,False,False,False,False,False,True,11,22,1,"Dancing, Science",set4
676,Zombie's Best Friend,Zombie's Best Friend,Zombies,Madcap,Set4,2,R3,Triassic_SuperRare,2,2,1,2,2,1,1000,250,False,False,True,False,False,False,False,False,False,False,True,9,27,1,Pet,set4
677,Hand of Devastation,Knockout,Zombies,Hearty,Set4,2,R3,Triassic_SuperRare,3,,,3,0,0,1000,250,False,False,False,False,False,False,True,True,False,False,True,8,15,1,,set4
678,Jungle Drummer,Bobblehead,Zombies,Madcap,Set4,3,R4,Triassic_Legendary,4,2,4,4,2,4,4000,1000,False,False,True,False,False,False,False,False,False,False,True,12,44,2,"Dancing, Mustache","set4, zombielegend"
679,Turquoise Skull Zombie,Turquoise Skull Zombie,Zombies,Hearty,Set4,2,R3,Triassic_SuperRare,4,2,6,4,2,6,1000,250,False,False,True,False,False,False,False,False,False,False,True,11,38,2,"Professional, Mustache",set4
680,Angry Colosseum,Lost Colosseum,Zombies,Hearty,Set4,1,R2,Triassic_Rare,2,2,3,2,2,3,250,50,False,False,True,False,False,False,False,False,False,False,True,12,24,1,"History, Sports",set4
681,Grave Robber,Grave Robber,Zombies,Madcap,Set4,2,R3,Triassic_SuperRare,1,2,1,1,2,1,1000,250,False,False,True,False,False,False,False,False,False,False,True,11,25,1,"Mustache, Pirate",set4
682,Glamorous Gladiator,Chum Champion,Zombies,Hearty,Set4,3,R4,Triassic_Legendary,5,4,4,5,4,4,4000,1000,False,False,True,False,False,False,False,False,False,False,True,11,41,2,"History, Sports","set4, zombielegend"
683,Excavator Zombie,Excavator Zombie,Zombies,Sneaky,Set4,2,R3,Triassic_SuperRare,3,4,1,3,4,1,1000,250,False,False,True,False,False,False,False,False,False,False,True,10,24,1,"Professional, Mustache",set4
684,Buried Treasure,Buried Treasure,Zombies,Sneaky,Set4,1,R2,Triassic_Rare,1,2,2,1,2,2,250,50,False,False,True,False,False,False,False,False,False,False,True,11,29,2,"Pirate, Barrel",set4
685,Monkey Trainer,Monkey Smuggler,Zombies,Sneaky,Set4,0,R1,Triassic_Uncommon,2,2,3,2,2,3,50,15,False,False,True,False,False,False,False,False,False,False,True,10,40,2,"Pirate, Pet",set4
686,Frozen Viking,Unthawed Viking,Zombies,Sneaky,Set4,2,R3,Triassic_SuperRare,4,4,3,4,4,3,1000,250,False,False,True,False,True,False,False,False,False,False,True,12,51,3,Pirate,set4
687,Raptor Rider,Raiding Raptor,Zombies,Sneaky,Set4,3,R4,Triassic_Legendary,3,2,4,3,2,4,4000,1000,False,False,True,False,False,False,False,False,False,False,True,10,42,2,"History, Pet","set4, zombielegend"
688,Frankentuar,Frankentuar,Zombies,Madcap,Event,5,Event,Premium_Event,5,5,7,5,5,7,1000,250,False,False,True,False,False,False,False,False,False,False,True,11,29,1,"Gargantuar, Monster",zombieevent
689,Cheat Turn Into Gravediggers,,Zombies,0,Cheats,0,R1,,0,,,0,0,0,0,0,False,False,False,False,False,False,True,True,False,False,True,8,17,1,,cheats
690,Captain_Deadbeard_from_Barrel,Captain Deadbeard,Zombies,Madcap,Token,4,R0,Token,3,4,3,3,4,3,0,0,False,False,True,False,False,False,False,False,False,False,True,8,8,0,"Mustache, Pirate","deadbeard, randomzombie, randomzombiefighter, piratezombie, notplankwalker"
691,Veloci-Radish Solo,Veloci-Radish Hatchling,Plants,Kabloom,Set4,0,R1,Triassic_Uncommon,1,1,2,1,1,2,50,15,False,False,True,False,False,False,False,False,False,False,True,10,23,1,"Root, Animal",set4
