"namespace","kind","name","dump_line"
"PvZCards.Accounts","class","AADSuccessSignal","117280"
"PvZCards.Accounts","class","AADSuccessView","117807"
"PvZCards.Accounts","class","AADSuccessViewMediator","117844"
"PvZCards.Accounts","class","AccountBinder","117262"
"PvZCards.Accounts","class","AccountManager","117356"
"PvZCards.Accounts","class","InitializeAccountManagerCommand","117727"
"PvZCards.Accounts","class","LoadCrazyDaveAADCommand","117755"
"PvZCards.Accounts","class","LoadCrazyDaveAADSignal","117289"
"PvZCards.Accounts","class","SignOffAllSocialsSignal","117298"
"PvZCards.AgeGate","class","AgeAATextView","253814"
"PvZCards.AgeGate","class","AgeAATextViewMediator","253827"
"PvZCards.AgeGate","class","AgeAcceptButtonView","253867"
"PvZCards.AgeGate","class","AgeAcceptButtonViewMediator","253888"
"PvZCards.AgeGate","class","AgeGateBinder","254016"
"PvZCards.AgeGate","class","AgeGateLegalTextView","254034"
"PvZCards.AgeGate","class","AgeGateLegalTextViewMediator","254051"
"PvZCards.AgeGate","class","AgeGraphicView","254120"
"PvZCards.AgeGate","class","AgeGraphicViewMediator","254137"
"PvZCards.AgeGate","class","AgeSliderView","254192"
"PvZCards.AgeGate","class","AgeSliderViewMediator","254211"
"PvZCards.AgeGate","class","AgeTextView","254257"
"PvZCards.AgeGate","class","AgeTextViewMediator","254272"
"PvZCards.AgeGate","interface","AgeValidationService","254318"
"PvZCards.AgeGate","class","AgeValueChangedSignal","254183"
"PvZCards.AgeGate","class","BlockingDialogDismissedSignal","254613"
"PvZCards.AgeGate","class","HeroesNimbleComplianceCheckCompletedSignal","254111"
"PvZCards.AgeGate","class","LocalDataAgeValidationService","254365"
"PvZCards.AgeGate","class","RefreshAgeCommand","254661"
"PvZCards.AgeGate","class","StartAgeServiceCommand","254756"
"PvZCards.Application","class","AdjustFixedTimestepToDisablePhysicsCommand","248375"
"PvZCards.Application","class","AndroidPlatformBridge","248387"
"PvZCards.Application","class","AppContext","248461"
"PvZCards.Application","class","AppEventCatcherView","248523"
"PvZCards.Application","class","AppEventCatcherViewMediator","248546"
"PvZCards.Application","class","AppGainedFocusSignal","248974"
"PvZCards.Application","class","AppKilledException","248763"
"PvZCards.Application","class","ApplicationBinder","248660"
"PvZCards.Application","class","ApplicationErrorView","248690"
"PvZCards.Application","class","ApplicationErrorViewMediator","248702"
"PvZCards.Application","class","ApplicationKiller","248748"
"PvZCards.Application","class","ApplicationStateDebugEntrySetBuilder","248800"
"PvZCards.Application","class","ApplicationStateDebugScopeCommand","248772"
"PvZCards.Application","class","AppLostFocusSignal","248965"
"PvZCards.Application","class","ApplyQualitySettingsFromPreferences","248831"
"PvZCards.Application","class","AppMinimalRoot","248869"
"PvZCards.Application","class","AppMinimalStartBinder","248893"
"PvZCards.Application","class","AppPauseStatusChangedSignal","248983"
"PvZCards.Application","class","AppQuitSignal","248992"
"PvZCards.Application","class","AppRoot","248902"
"PvZCards.Application","class","AppStartBinder","249010"
"PvZCards.Application","class","AppStartSignal","248929"
"PvZCards.Application","class","AppTestRoot","249055"
"PvZCards.Application","class","AppTestStartBinder","249110"
"PvZCards.Application","class","AppTestStartSignal","248938"
"PvZCards.Application","class","AppVersionTracker","249147"
"PvZCards.Application","class","AssetBundleDebugEntrySetBuilder","249196"
"PvZCards.Application","class","AssetBundleDebugScopeCommand","249168"
"PvZCards.Application","struct","AssetBundleDownloadBeginArgs","253175"
"PvZCards.Application","class","AutomationFindableFinder","249251"
"PvZCards.Application","class","CalculateAssetBundlesToDownloadCommand","253330"
"PvZCards.Application","class","CancelableDelayCancelable","252769"
"PvZCards.Application","class","CardDataException","249260"
"PvZCards.Application","class","CommonContextViewInjectableBindings","249281"
"PvZCards.Application","class","CommonMediationBindings","249269"
"PvZCards.Application","class","ContextAddedSignal","248505"
"PvZCards.Application","class","ContextRemovedSignal","248514"
"PvZCards.Application","class","CopyGatsDefaultLocalFileCommand","253092"
"PvZCards.Application","class","CopyLocalizedStringsCommand","249293"
"PvZCards.Application","class","CreateSignalMemorialCommand","253182"
"PvZCards.Application","class","DebugLoggingRetainedCommandsTracker","252194"
"PvZCards.Application","class","DefineReader","249449"
"PvZCards.Application","class","EditorPlatformBridge","249500"
"PvZCards.Application","class","EnforceMinimumAppVersionCommand","249555"
"PvZCards.Application","class","ExtractAllStreamingAssetsBundlesCommand","253564"
"PvZCards.Application","class","FatalErrorSignal","248947"
"PvZCards.Application","class","FilePaths","249666"
"PvZCards.Application","class","GateForDownloadCommand","253651"
"PvZCards.Application","class","HeroesCommand","249834"
"PvZCards.Application","class","HeroesEditorCardDataProvider","249865"
"PvZCards.Application","class","HeroesMtxTransactionCallback","251163"
"PvZCards.Application","interface","HeroesNimbleAgeCompliance","251357"
"PvZCards.Application","class","HeroesNimbleAgeComplianceWrapper","251426"
"PvZCards.Application","class","HeroesNimbleApplicationEnvironment","251004"
"PvZCards.Application","interface","HeroesNimbleApplicationEnvironmentFactory","250971"
"PvZCards.Application","class","HeroesNimbleApplicationEnvironmentFactoryImpl","250980"
"PvZCards.Application","interface","HeroesNimbleApplicationEnvironmentWrapper","250992"
"PvZCards.Application","class","HeroesNimbleCheckComplianceCallback","251321"
"PvZCards.Application","interface","HeroesNimbleError","251043"
"PvZCards.Application","class","HeroesNimbleErrorWrapper","251064"
"PvZCards.Application","class","HeroesNimbleMtx","251288"
"PvZCards.Application","interface","HeroesNimbleMtxFactory","251022"
"PvZCards.Application","class","HeroesNimbleMtxFactoryImpl","251031"
"PvZCards.Application","interface","HeroesNimbleMtxTransaction","251091"
"PvZCards.Application","class","HeroesNimbleMtxTransactionWrapper","251124"
"PvZCards.Application","interface","HeroesNimbleMtxWrapper","251181"
"PvZCards.Application","class","HeroesNimbleRequestRequirementsCallback","251339"
"PvZCards.Application","class","HeroesPerfLogger","249960"
"PvZCards.Application","class","HeroesPerfTracker","250094"
"PvZCards.Application","interface","IApplicationErrorEventListener","252730"
"PvZCards.Application","class","IdentityErrorLogDataProvider","250121"
"PvZCards.Application","interface","ILastWwwRequestTracker","250273"
"PvZCards.Application","class","InitializeLocalizedFontsCommand","249421"
"PvZCards.Application","class","InitializeLocalizedStringsCommand","249369"
"PvZCards.Application","interface","InputNotifier","250145"
"PvZCards.Application","class","InputNotifierComponent","250157"
"PvZCards.Application","enum","InputNotifierKeys","250137"
"PvZCards.Application","class","InputNotifierState","250211"
"PvZCards.Application","class","IosLowEndDeviceChecker","250775"
"PvZCards.Application","class","IOSPlatformBridge","250237"
"PvZCards.Application","class","LastWwwRequestTracker","250288"
"PvZCards.Application","class","LoadAllCardDataCommand","250312"
"PvZCards.Application","class","LoadApplicationScene","250353"
"PvZCards.Application","class","LoadDataAssetListAndCopyAssetsCommand","250425"
"PvZCards.Application","class","LoadPackArtMapCommand","250590"
"PvZCards.Application","class","LoadPackDataCommand","250523"
"PvZCards.Application","class","LogBinder","250657"
"PvZCards.Application","interface","Logger","252863"
"PvZCards.Application","class","LogHistoryController","250678"
"PvZCards.Application","interface","LowEndDeviceChecker","250748"
"PvZCards.Application","class","LowEndDeviceCheckerFactory","250757"
"PvZCards.Application","class","MassTextLogger","250799"
"PvZCards.Application","class","MemoryInfo","253802"
"PvZCards.Application","class","MemoryInfoErrorLogDataProvider","250834"
"PvZCards.Application","class","MigrateExternalStorageDataCommand","250846"
"PvZCards.Application","class","MvcsContextBinder","250917"
"PvZCards.Application","interface","NativePlatformBridge","250938"
"PvZCards.Application","class","NavigateToScreenSignal","249001"
"PvZCards.Application","class","NeverLowEndDeviceChecker","250787"
"PvZCards.Application","interface","NimbleLogLevelChanger","252878"
"PvZCards.Application","interface","NimbleTelemetry","251515"
"PvZCards.Application","class","NimbleTelemetryConstants","251490"
"PvZCards.Application","class","NimbleTelemetryInitializerCommand","251450"
"PvZCards.Application","class","NimbleTelemetryWrapper","251568"
"PvZCards.Application","class","PackCollectionFactoryImpl","251651"
"PvZCards.Application","class","PackDataCollection","251621"
"PvZCards.Application","interface","PackDataCollectionFactory","251642"
"PvZCards.Application","class","PackDataModel","251663"
"PvZCards.Application","class","PeriodicRefreshStatusObserver","252505"
"PvZCards.Application","class","PurchasingDebugEntrySetBuilder","251822"
"PvZCards.Application","class","PurchasingDebugScopeCommand","251757"
"PvZCards.Application","class","PvpBinder","252069"
"PvZCards.Application","class","ReportLastUsedAppVersionToCrashlyticsCommand","252096"
"PvZCards.Application","class","RetainedCommand","252259"
"PvZCards.Application","interface","RetainedCommandsTracker","252114"
"PvZCards.Application","class","SetFakeIdentityCommand","249082"
"PvZCards.Application","class","ShakeScreenSignal","248956"
"PvZCards.Application","class","ShowGameTestScreenCommand","249119"
"PvZCards.Application","class","SignalMemorial","253210"
"PvZCards.Application","class","SkipDownloadGroupCommand","253302"
"PvZCards.Application","class","StandalonePlatformBridge","252272"
"PvZCards.Application","class","StartAssetBundleDownloadProcessCommand","253246"
"PvZCards.Application","class","StartPersistingLogHistoryCommand","252315"
"PvZCards.Application","class","StartPrimaryAssetBundleDownloadCommand","253465"
"PvZCards.Application","class","StartSecondaryAssetBundleDownloadCommand","253633"
"PvZCards.Application","interface","StatusObserver","252370"
"PvZCards.Application","class","TextFileLoaderBinder","252694"
"PvZCards.Application","class","TimedCommand","252715"
"PvZCards.Application","class","UnityApplicationErrorEventListener","252748"
"PvZCards.Application","class","UnityCancelableDelayHandler","252831"
"PvZCards.Application","class","UnityLogger","252890"
"PvZCards.Application","class","UpdateUserSharingCommand","252960"
"PvZCards.Application","class","UpdateUserSharingSignal","252951"
"PvZCards.Application","class","WaitForAssetBundleDownloadCompleteCommand","253274"
"PvZCards.Application","class","WaitForSecondsFactory","253000"
"PvZCards.Application","enum","WifiStatus","253043"
"PvZCards.Application","class","WifiStatusObserver","253012"
"PvZCards.Application","class","WritePerfLogsCommand","249998"
"PvZCards.Application","class","WritePerfLogsSignal","249989"
"PvZCards.Application","class","WwwRequestErrorLogDataProvider","253052"
"PvZCards.AssetBundles","class","AssetBundleDownloadRequest","155904"
"PvZCards.AssetBundles","class","BestHttpWorker","156006"
"PvZCards.AssetBundles","interface","Worker","156040"
"PvZCards.AssetBundles","class","WorkerDownloadInfo","156023"
"PvZCards.AssetBundles","class","WwwWorker","156302"
"PvZCards.ATT","class","ATTBinder","185827"
"PvZCards.ATT","class","ATTManager","185856"
"PvZCards.ATT","class","ATTPrePopupScreenCommand","185945"
"PvZCards.ATT","class","ATTPrePopupScreenMediator","186051"
"PvZCards.ATT","class","ATTPrePopupScreenView","186028"
"PvZCards.ATT","class","ATTRequestIDFACommand","186163"
"PvZCards.ATT","class","ATTRequestIDFASignal","186228"
"PvZCards.ATT","enum","ATTStatus","185845"
"PvZCards.ATT","class","PreATTScreenDismissedSignal","186219"
"PvZCards.Audio","class","AudioBinder","185788"
"PvZCards.Audio","class","AudioEventNameSanitizer","185806"
"PvZCards.AutomationServer","class","AutomationBinder","162479"
"PvZCards.AutomationServer","class","AutomationCaptureScreen","162544"
"PvZCards.AutomationServer","class","AutomationCardInfo","162560"
"PvZCards.AutomationServer","enum","AutomationCheatCommandType","162716"
"PvZCards.AutomationServer","class","AutomationCheatContinuousScreenshotBehavior","162690"
"PvZCards.AutomationServer","class","AutomationCheatGameInfoResponse","162911"
"PvZCards.AutomationServer","class","AutomationCheatGameInfoResponseContainer","162899"
"PvZCards.AutomationServer","class","AutomationCheatRequest","162760"
"PvZCards.AutomationServer","class","AutomationCheatRequestHandler","162850"
"PvZCards.AutomationServer","class","AutomationDragAndDropBehavior","162971"
"PvZCards.AutomationServer","class","AutomationDragAndDropRequest","162987"
"PvZCards.AutomationServer","class","AutomationDragAndDropRequestHandler","163102"
"PvZCards.AutomationServer","class","AutomationetOffersResponseContainer","163541"
"PvZCards.AutomationServer","class","AutomationGameObjectUtils","163120"
"PvZCards.AutomationServer","class","AutomationGetCardListRequest","163168"
"PvZCards.AutomationServer","class","AutomationGetCardListRequestHandler","163195"
"PvZCards.AutomationServer","class","AutomationGetCardListResponse","163225"
"PvZCards.AutomationServer","class","AutomationGetCardListResponseContainer","163213"
"PvZCards.AutomationServer","class","AutomationGetCurrentWeeklyEventInfoRequest","163240"
"PvZCards.AutomationServer","class","AutomationGetCurrentWeeklyEventInfoRequestHandler","163267"
"PvZCards.AutomationServer","class","AutomationGetCurrentWeeklyEventInfoResponse","163306"
"PvZCards.AutomationServer","class","AutomationGetCurrentWeeklyEventInfoResponseContainer","163294"
"PvZCards.AutomationServer","class","AutomationGetGameHierarchyRequest","163323"
"PvZCards.AutomationServer","class","AutomationGetGameHierarchyRequestHandler","163361"
"PvZCards.AutomationServer","class","AutomationGetGameHierarchyResponse","163397"
"PvZCards.AutomationServer","class","AutomationGetGameHierarchyResponseContainer","163385"
"PvZCards.AutomationServer","class","AutomationGetLoadTimeListRequest","163412"
"PvZCards.AutomationServer","class","AutomationGetLoadTimeListRequestHandler","163439"
"PvZCards.AutomationServer","class","AutomationGetLoadTimeListResponseContainer","163472"
"PvZCards.AutomationServer","class","AutomationGetOffersRequest","163484"
"PvZCards.AutomationServer","class","AutomationGetOffersRequestHandler","163511"
"PvZCards.AutomationServer","class","AutomationGetOffersResponse","163553"
"PvZCards.AutomationServer","class","AutomationGetPackOpeningStatsRequest","163588"
"PvZCards.AutomationServer","class","AutomationGetPackOpeningStatsRequestHandler","163648"
"PvZCards.AutomationServer","class","AutomationGetPackOpeningStatsResponse","163716"
"PvZCards.AutomationServer","class","AutomationGetPackOpeningStatsResponseContainer","163704"
"PvZCards.AutomationServer","class","AutomationGetProgressionConfigurationRequest","163731"
"PvZCards.AutomationServer","class","AutomationGetProgressionConfigurationRequestHandler","163758"
"PvZCards.AutomationServer","class","AutomationGetProgressionConfigurationResponse","163791"
"PvZCards.AutomationServer","class","AutomationGetProgressionConfigurationResponseContainer","163779"
"PvZCards.AutomationServer","class","AutomationGetUnlockedHeroesRequest","163806"
"PvZCards.AutomationServer","class","AutomationGetUnlockedHeroesRequestHandler","163844"
"PvZCards.AutomationServer","class","AutomationGetUnlockedHeroesResponse","163874"
"PvZCards.AutomationServer","class","AutomationGetUnlockedHeroesResponseContainer","163862"
"PvZCards.AutomationServer","class","AutomationGetUserIdRequest","163889"
"PvZCards.AutomationServer","class","AutomationGetUserIdRequestHandler","163927"
"PvZCards.AutomationServer","class","AutomationGetUserIdResponse","163957"
"PvZCards.AutomationServer","class","AutomationGetUserIdResponseContainer","163945"
"PvZCards.AutomationServer","class","AutomationJsonGameObject","163972"
"PvZCards.AutomationServer","class","AutomationKeepAliveRequest","164031"
"PvZCards.AutomationServer","class","AutomationLaneInfo","164058"
"PvZCards.AutomationServer","class","AutomationLoadTime","164085"
"PvZCards.AutomationServer","class","AutomationLocalizedTextRequest","164098"
"PvZCards.AutomationServer","class","AutomationLocalizedTextRequestHandler","164125"
"PvZCards.AutomationServer","class","AutomationLocalizedTextResponse","164156"
"PvZCards.AutomationServer","class","AutomationLocalizedTextResponseContainer","164144"
"PvZCards.AutomationServer","class","AutomationNodeInfo","164171"
"PvZCards.AutomationServer","class","AutomationObjectParser","164238"
"PvZCards.AutomationServer","class","AutomationOfferInfo","164265"
"PvZCards.AutomationServer","enum","AutomationPackOpeningCommandType","163568"
"PvZCards.AutomationServer","class","AutomationPingRequest","164287"
"PvZCards.AutomationServer","class","AutomationPingRequestHandler","164314"
"PvZCards.AutomationServer","class","AutomationPingResponse","164341"
"PvZCards.AutomationServer","class","AutomationPingResponseContainer","164329"
"PvZCards.AutomationServer","class","AutomationProgressionInfo","164355"
"PvZCards.AutomationServer","class","AutomationQuitRequest","164369"
"PvZCards.AutomationServer","class","AutomationQuitRequestHandler","164396"
"PvZCards.AutomationServer","interface","AutomationRequest","164437"
"PvZCards.AutomationServer","class","AutomationRequestError","164446"
"PvZCards.AutomationServer","class","AutomationRequestHandler","164484"
"PvZCards.AutomationServer","class","AutomationRequestParser","164505"
"PvZCards.AutomationServer","enum","AutomationRequestType","164408"
"PvZCards.AutomationServer","class","AutomationResponseContainerGeneric","164535"
"PvZCards.AutomationServer","class","AutomationResponseMessageGeneric","164547"
"PvZCards.AutomationServer","class","AutomationScreenshotRequest","164561"
"PvZCards.AutomationServer","class","AutomationScreenshotRequestHandler","164621"
"PvZCards.AutomationServer","class","AutomationScreenshotResponse","164651"
"PvZCards.AutomationServer","class","AutomationScreenshotResponseContainer","164639"
"PvZCards.AutomationServer","class","AutomationScrollBehavior","164710"
"PvZCards.AutomationServer","class","AutomationScrollRequest","164726"
"PvZCards.AutomationServer","class","AutomationScrollRequestHandler","164874"
"PvZCards.AutomationServer","class","AutomationServer","164932"
"PvZCards.AutomationServer","class","AutomationServerController","164974"
"PvZCards.AutomationServer","class","AutomationServerData","165065"
"PvZCards.AutomationServer","class","AutomationServerMessageParser","165092"
"PvZCards.AutomationServer","class","AutomationStartGameRequest","165120"
"PvZCards.AutomationServer","class","AutomationStartGameRequestHandler","165180"
"PvZCards.AutomationServer","class","AutomationTapBehavior","165239"
"PvZCards.AutomationServer","class","AutomationTapRequest","165255"
"PvZCards.AutomationServer","class","AutomationTapRequestHandler","165337"
"PvZCards.AutomationServer","interface","AutomationTimeRecorder","165438"
"PvZCards.AutomationServer","class","DefaultAutomationTimeRecorder","165386"
"PvZCards.AutomationServer","class","FirstCommandTimingStepCommand","165655"
"PvZCards.AutomationServer","class","GameEndTimingStepCommand","165673"
"PvZCards.AutomationServer","class","GameStartTimingStepCommand","165664"
"PvZCards.AutomationServer","class","GetAllObjectsRequest","165456"
"PvZCards.AutomationServer","class","GetAllObjectsRequestHandler","165508"
"PvZCards.AutomationServer","class","GetAllObjectsResponse","165547"
"PvZCards.AutomationServer","class","GetAllObjectsResponseContainer","165535"
"PvZCards.AutomationServer","class","NullAutomationTimeRecorder","165365"
"PvZCards.AutomationServer","class","ObjectInfo","165468"
"PvZCards.AutomationServer","class","PlayAutomatedGameCommand","165562"
"PvZCards.AutomationServer","class","RecordTimingStepCommand","165626"
"PvZCards.AutomationServer","class","TimedHttp","165701"
"PvZCards.AutomationServer","class","TimedHttpFactory","165729"
"PvZCards.AutomationServer","class","TimedJsonClassSerializationWrapper","165776"
"PvZCards.AutomationServer","class","TimedJsonWrapper","165818"
"PvZCards.AutomationServer","class","TimingData","165030"
"PvZCards.AutomationServer","enum","TimingStep","165045"
"PvZCards.AutomationServer","class","TimingStepView","165849"
"PvZCards.AutomationServer","class","TimingStepViewMediator","165869"
"PvZCards.CardFaceSprites","class","CardFaceSpriteHolder","162461"
"PvZCards.CardInspection","class","AbilityToolTipView","159962"
"PvZCards.CardInspection","class","AutoCompleteCraftingQuestsCommand","160001"
"PvZCards.CardInspection","struct","AutoCompleteQuestsContext","160041"
"PvZCards.CardInspection","class","CardInspectionColorColorizeImageView","160181"
"PvZCards.CardInspection","class","CardInspectionColorSpriteView","160199"
"PvZCards.CardInspection","class","CardInspectionColorView","160237"
"PvZCards.CardInspection","struct","CardInspectionData","161038"
"PvZCards.CardInspection","class","CardInspectionLoadableScreenRequest","161250"
"PvZCards.CardInspection","class","CardInspectionOverlayConfig","160395"
"PvZCards.CardInspection","class","CardInspectionOverlayLoadableScreenRequest","162275"
"PvZCards.CardInspection","class","CardInspectionOverlayTestController","160288"
"PvZCards.CardInspection","class","CardInspectionOverlayView","160412"
"PvZCards.CardInspection","class","CardInspectionOverlayViewMediator","160571"
"PvZCards.CardInspection","struct","CardInspectionPanelTextData","160989"
"PvZCards.CardInspection","class","CardInspectionPanelTextDataFactory","161002"
"PvZCards.CardInspection","class","CardInspectionPanelView","161064"
"PvZCards.CardInspection","class","CardInspectionPanelViewMediator","161282"
"PvZCards.CardInspection","class","CardInspectionRarityView","161490"
"PvZCards.CardInspection","class","CardInspectionStatView","161530"
"PvZCards.CardInspection","class","CardInspectionSunCostView","161554"
"PvZCards.CardInspection","interface","CraftableFrameView","162260"
"PvZCards.CardInspection","class","CraftingRequestSender","161618"
"PvZCards.CardInspection","class","CraftTransactionStartedSignal","159992"
"PvZCards.CardInspection","class","HeroInspectionPanelAvatarNudge","161920"
"PvZCards.CardInspection","class","HeroInspectionPanelView","161771"
"PvZCards.CardInspection","class","HeroInspectionPanelViewMediator","161967"
"PvZCards.CardInspection","class","InspectionItem","160326"
"PvZCards.CardInspection","class","InspectionOverlayPanelPool","160452"
"PvZCards.CardInspection","class","KeywordAbilityInfoProvider","162185"
"PvZCards.CardInspection","class","QuestAutoCompleter","160048"
"PvZCards.CardInspection","interface","RewardInspectionView","162230"
"PvZCards.CardInspection","class","ShowCardInspectionOverlayCommand","162299"
"PvZCards.CardInspection","class","ShowCardInspectionOverlaySignal","162290"
"PvZCards.CardInspection","class","TaggedTextWithTappableLinkView","162390"
"PvZCards.Catalog","class","CatalogBinder","159859"
"PvZCards.Catalog","class","CatalogHolder","159874"
"PvZCards.Catalog","class","LocalCatalogFileStringGetter","159895"
"PvZCards.Cheats","class","CheatPerformanceMemeoryFactory","157295"
"PvZCards.Cheats","interface","CheatPerformanceMemory","157307"
"PvZCards.Cheats","class","CheatPerformanceMemoryAndroid","157316"
"PvZCards.Cheats","class","CheatPerformanceMemoryZero","157331"
"PvZCards.Cheats","class","CheatsBinder","158460"
"PvZCards.Cheats","class","CheatsConfig","157575"
"PvZCards.Cheats","class","CheatsNotAllowedException","158180"
"PvZCards.Cheats","class","CheatsPerformanceMetricsView","158200"
"PvZCards.Cheats","class","CheatsPerformanceMetricsViewMediator","158282"
"PvZCards.Cheats","class","CpuPerformanceUpdater","159074"
"PvZCards.Cheats","class","DebugBinder","158436"
"PvZCards.Cheats","interface","DebugConfig","157343"
"PvZCards.Cheats","class","DebugProgressionMapMediator","159249"
"PvZCards.Cheats","class","DebugProgressionMapView","159335"
"PvZCards.Cheats","class","EditorOnlyDebugEntrySetBuilder","158506"
"PvZCards.Cheats","class","EditorOnlyDebugScopeCommand","158478"
"PvZCards.Cheats","class","FpsPerformanceUpdater","159000"
"PvZCards.Cheats","class","GatsDebugEntrySetBuilder","158562"
"PvZCards.Cheats","class","GatsDebugScopeCommand","158534"
"PvZCards.Cheats","class","HidePerformanceMetricsCommand","158599"
"PvZCards.Cheats","class","HidePerformanceMetricsSignal","158427"
"PvZCards.Cheats","class","HideTheMemoryIsTooDamnHighOverlaySignal","158772"
"PvZCards.Cheats","class","MaxMemoryReachedView","158740"
"PvZCards.Cheats","class","MaxMemoryReachedViewController","158627"
"PvZCards.Cheats","class","MaxMemoryThresholdModel","158781"
"PvZCards.Cheats","class","MemoryMonitor","158867"
"PvZCards.Cheats","class","MemoryMonitorBinder","158915"
"PvZCards.Cheats","class","MemoryPerformanceUpdater","159043"
"PvZCards.Cheats","struct","MemoryState","158800"
"PvZCards.Cheats","class","MiscellaneousPerformanceUpdater","159103"
"PvZCards.Cheats","class","NoCheatsBinder","158448"
"PvZCards.Cheats","class","NoCheatsConfig","157945"
"PvZCards.Cheats","class","OverridableThrottle","158933"
"PvZCards.Cheats","enum","PerformanceRunType","158189"
"PvZCards.Cheats","interface","PerformanceUpdater","158988"
"PvZCards.Cheats","class","PlayAutomatedGameSignal","158409"
"PvZCards.Cheats","class","ProcessInfo","158354"
"PvZCards.Cheats","class","ShowDebugPVECommand","159352"
"PvZCards.Cheats","class","ShowPerformanceMetricsCommand","159124"
"PvZCards.Cheats","class","ShowPerformanceMetricsSignal","158418"
"PvZCards.Cheats","class","StartAutomatedGameSignal","158400"
"PvZCards.Cheats","class","StartMonitoringMemoryCommand","159173"
"PvZCards.Cheats","class","StartMonitoringMemorySignal","159164"
"PvZCards.Cheats","class","TheMemoryIsTooDamnHighSignal","158819"
"PvZCards.Cheats.Automation","class","AutomatedGamePlayerContext","159428"
"PvZCards.Cheats.Automation","class","AutomatedGamePlayerRoot","159443"
"PvZCards.Cheats.Automation","class","PerformanceDebugEntrySetBuilder","159570"
"PvZCards.Cheats.Automation","class","PerformanceDebugScopeCommand","159455"
"PvZCards.Cheats.Automation","class","ShowAutomatedGameCommand","159807"
"PvZCards.CollectionScreen","class","CardTextSearch","156333"
"PvZCards.CollectionScreen","class","CollectionButtonView","156401"
"PvZCards.CollectionScreen","class","CollectionButtonViewMediator","156429"
"PvZCards.CollectionScreen","class","CollectionScreenCollectionPanelView","156521"
"PvZCards.CollectionScreen","class","CollectionScreenConfig","156636"
"PvZCards.CollectionScreen","class","CollectionScreenController","156732"
"PvZCards.CollectionScreen","class","CollectionScreenDataProvider","157138"
"PvZCards.CollectionScreen","class","CollectionScreenTestController","157179"
"PvZCards.CollectionScreen","class","CollectionScreenView","157212"
"PvZCards.CollectionScreen","class","ShowCollectionScreenCommand","157255"
"PvZCards.CollectionScreen","class","ShowCollectionScreenSignal","157246"
"PvZCards.Common","enum","Achievement","171461"
"PvZCards.Common","class","AndroidApiLevelProvider","171555"
"PvZCards.Common","class","AndroidBackButtonView","171619"
"PvZCards.Common","class","AndroidBackButtonViewMediator","171658"
"PvZCards.Common","class","AndroidMaterialAlphaFix","184744"
"PvZCards.Common","class","AnimatedScreenTransitionView","171873"
"PvZCards.Common","class","AnimateGemIncreaseSignal","176325"
"PvZCards.Common","class","AnimationEventListener","171948"
"PvZCards.Common","class","AnimationTester","171998"
"PvZCards.Common","class","AnimatorController","172007"
"PvZCards.Common","class","AnimatorSpeedController","172023"
"PvZCards.Common","class","AnimatorSyncer","172049"
"PvZCards.Common","class","AssetBundleConstants","172061"
"PvZCards.Common","class","AssetBundleDownloadCompleteEventArgs","172075"
"PvZCards.Common","class","AssetBundleDownloadErrorEventArgs","172121"
"PvZCards.Common","interface","AssetBundleDownloadManagerConfigurationProviderInterface","172167"
"PvZCards.Common","class","AssetBundleHeap","172248"
"PvZCards.Common","class","AssetBundleHelper","172328"
"PvZCards.Common","class","AssetBundleInfo","172337"
"PvZCards.Common","interface","AssetBundleInfosProviderInterface","172380"
"PvZCards.Common","class","AssetBundleInterpreter","172389"
"PvZCards.Common","class","AssetBundleManager","172695"
"PvZCards.Common","class","AssetBundlePathProvider","172839"
"PvZCards.Common","interface","AssetBundleUriCreatorInterface","172884"
"PvZCards.Common","class","AssetBundleUtilities","172893"
"PvZCards.Common","class","AssetBundleUtilitiesWrapper","172951"
"PvZCards.Common","class","AssetDatabasePathProvider","172992"
"PvZCards.Common","class","AssetLoadingSpinnerView","173901"
"PvZCards.Common","interface","AssetPathProviderInterface","173037"
"PvZCards.Common","class","AssetPathsManifest","171341"
"PvZCards.Common","class","AssetRequest","173920"
"PvZCards.Common","class","AssetUnloadScheduler","174045"
"PvZCards.Common","interface","AsyncScheduler","174084"
"PvZCards.Common","class","AsyncSchedulerComponent","174177"
"PvZCards.Common","class","AudioEventParameters","174203"
"PvZCards.Common","class","AudioEventParametersFactory","174241"
"PvZCards.Common","class","AutoGUISoundEventGenerator","174363"
"PvZCards.Common","class","AutomationFindable","174480"
"PvZCards.Common","class","AutoPinner","174492"
"PvZCards.Common","enum","BackButtonEvents","171588"
"PvZCards.Common","class","BackButtonSignal","171770"
"PvZCards.Common","enum","BackButtonStates","171579"
"PvZCards.Common","class","BlockAllInteractionMediator","174546"
"PvZCards.Common","class","BlockAllInteractionSignal","174519"
"PvZCards.Common","enum","BlockAllInteractionStatus","174510"
"PvZCards.Common","class","BlockAllInteractionView","174528"
"PvZCards.Common","class","BundleDetails","171303"
"PvZCards.Common","class","BundleInfo","171266"
"PvZCards.Common","class","CachedObjectDestroyer","180460"
"PvZCards.Common","class","CardColorUtils","174592"
"PvZCards.Common","class","CardRewardingCompleteSignal","181648"
"PvZCards.Common","interface","CardViewProvider","174625"
"PvZCards.Common","class","ChannelHistoryQueue","174637"
"PvZCards.Common","interface","ChannelListener","174951"
"PvZCards.Common","class","ChannelLoggerHistory","174675"
"PvZCards.Common","class","ChannelLoggerHistoryPersistor","174871"
"PvZCards.Common","class","ChannelLoggerHistoryPersistorFactory","174728"
"PvZCards.Common","class","ChannelLoggerHistoryQueueAdapter","174796"
"PvZCards.Common","class","ChannelLoggerServer","174921"
"PvZCards.Common","class","CloseAndroidAppCommand","178742"
"PvZCards.Common","class","ClosePCAppCommand","174963"
"PvZCards.Common","class","ColorParameter","174998"
"PvZCards.Common","class","ColorSpriteParameter","175039"
"PvZCards.Common","class","CommonMessageBoxLocalizationKeys","182710"
"PvZCards.Common","class","ConfigureGenericMessageBoxSignal","176672"
"PvZCards.Common","class","ConfigureGenericYesNoMessageBoxSignal","176746"
"PvZCards.Common","interface","CopernicusClient","175048"
"PvZCards.Common","class","CopernicusCrashPoster","184542"
"PvZCards.Common","class","CopernicusFactory","175072"
"PvZCards.Common","enum","CopernicusTables","175112"
"PvZCards.Common","class","CountDown","175188"
"PvZCards.Common","class","CountdownIntervalSignal","175140"
"PvZCards.Common","class","CountryCodeSanitizer","175213"
"PvZCards.Common","class","CrazyDaveBinder","175300"
"PvZCards.Common","class","CrazyDaveIntroCompleteSignal","175228"
"PvZCards.Common","class","CrazyDaveMessageRunner","175318"
"PvZCards.Common","class","CrazyDaveOutroCompleteSignal","175237"
"PvZCards.Common","class","CrazyDaveTappedSignal","175273"
"PvZCards.Common","class","CrazyDaveView","175477"
"PvZCards.Common","class","CrazyDaveViewMediator","175534"
"PvZCards.Common","class","CustomAnimationEventEventArgs","175671"
"PvZCards.Common","class","DebugGlobalExceptionHandlerView","175695"
"PvZCards.Common","class","DeductSunAnimationSoundEventNameBuilder","175738"
"PvZCards.Common","class","DeductSunAnimationSoundEventParametersBuilder","175753"
"PvZCards.Common","class","DefaultNarrativeStateMachine","178914"
"PvZCards.Common","class","EditorLocaleProvider","175785"
"PvZCards.Common","class","EditorSetAssetPathsManifestCommand","173077"
"PvZCards.Common","class","EditorSetBootstrapAssetPathsManifestCommand","173105"
"PvZCards.Common","class","EditorSpecifiedLocale","175772"
"PvZCards.Common","class","EnableScreenInputBlockerSignal","180733"
"PvZCards.Common","class","ExcludeFromProject","175889"
"PvZCards.Common","enum","ExclusionTarget","175879"
"PvZCards.Common","interface","FacebookInfoProvider","175908"
"PvZCards.Common","class","FileSystemTextFileLoader","175920"
"PvZCards.Common","interface","FileWriter","183583"
"PvZCards.Common","class","FireActionFromSignalCommand","175948"
"PvZCards.Common","class","ForcedRotationSetter","175976"
"PvZCards.Common","class","FormattedCountDownTextUpdaterView","175991"
"PvZCards.Common","class","FormattedCountDownTextUpdaterViewMediator","176012"
"PvZCards.Common","class","FsSerializeEnumAsString","177831"
"PvZCards.Common","class","FsSerializePretty","177821"
"PvZCards.Common","interface","FtueAssetBundleTracker","173117"
"PvZCards.Common","class","FullScreenAnimationStateBehaviour","176094"
"PvZCards.Common","class","GatsAssetBundleDownloadManagerConfigurationProvider","173138"
"PvZCards.Common","class","GatsAvailableSignal","177623"
"PvZCards.Common","class","GatsBoolValue","176314"
"PvZCards.Common","interface","GatsClientInterface","176112"
"PvZCards.Common","interface","GatsConfig","177373"
"PvZCards.Common","class","GatsFactory","176163"
"PvZCards.Common","enum","GatsFeatureToggleKeys","176270"
"PvZCards.Common","class","GatsInitializer","177533"
"PvZCards.Common","enum","GatsPlatforms","177364"
"PvZCards.Common","class","GatsThrottle","176191"
"PvZCards.Common","class","GatsThrottleEnabled","176222"
"PvZCards.Common","class","GemCounterView","176343"
"PvZCards.Common","class","GemCounterViewMediator","176367"
"PvZCards.Common","class","GenericErrorBinder","176503"
"PvZCards.Common","class","GenericErrorMessageBoxParameters","182627"
"PvZCards.Common","class","GenericErrorMessageBoxScreen","176524"
"PvZCards.Common","class","GenericErrorMessageBoxView","176542"
"PvZCards.Common","class","GenericErrorMessageBoxViewMediator","176578"
"PvZCards.Common","class","GenericMessageBoxParameters","182744"
"PvZCards.Common","class","GenericMessageBoxScreen","182717"
"PvZCards.Common","class","GenericMessageBoxView","176639"
"PvZCards.Common","class","GenericMessageBoxViewMediator","176681"
"PvZCards.Common","class","GenericYesNoMessageBoxParameters","182837"
"PvZCards.Common","class","GenericYesNoMessageBoxView","176719"
"PvZCards.Common","class","GenericYesNoMessageBoxViewMediator","176755"
"PvZCards.Common","class","GenericYesNoMessageLoadableScreen","182866"
"PvZCards.Common","class","GpgsAchievementManager","171412"
"PvZCards.Common","class","HardCodedFacebookInfoProvider","176836"
"PvZCards.Common","class","HardCodedLocaleProvider","176851"
"PvZCards.Common","class","HeadQuartersViewLoadedSignal","181639"
"PvZCards.Common","class","HeroBinder","176899"
"PvZCards.Common","class","HeroesCopernicusClient","176935"
"PvZCards.Common","class","HeroesCopernicusComponent","177119"
"PvZCards.Common","class","HeroesCopernicusLog","177140"
"PvZCards.Common","class","HeroesGatsClient","177174"
"PvZCards.Common","class","HeroesGatsComponent","177332"
"PvZCards.Common","class","HeroesGatsConfig","177382"
"PvZCards.Common","class","HeroesResourceCache","180376"
"PvZCards.Common","class","HeroesSessionInfoProvider","177411"
"PvZCards.Common","class","HeroesUnityFilePersistor","175084"
"PvZCards.Common","class","HeroRewardBinder","176914"
"PvZCards.Common","class","HideCrazyDaveSignal","175264"
"PvZCards.Common","class","HideGenericErrorMessageCommand","177442"
"PvZCards.Common","class","HideGenericErrorMessageSignal","177433"
"PvZCards.Common","interface","IAchievementManager","171478"
"PvZCards.Common","interface","IAndroidApiLevelProvider","171546"
"PvZCards.Common","interface","IdInterpreter","173185"
"PvZCards.Common","class","IdInterpreterLoader","173350"
"PvZCards.Common","class","IEnumeratorExtensions","177483"
"PvZCards.Common","class","ImageAlphaSplitTextureSetter","184660"
"PvZCards.Common","class","InitializeGatsCommand","177632"
"PvZCards.Common","class","InitializeMainThreadActionRouterCommand","178627"
"PvZCards.Common","class","InitializeNimbleRecoveredTransactionHandlerCommand","179436"
"PvZCards.Common","class","InitializeSupersonicCommand","177691"
"PvZCards.Common","interface","IPlatformProvider","177743"
"PvZCards.Common","interface","IReachabilityDetector","177760"
"PvZCards.Common","interface","IScreenPropertiesProvider","184235"
"PvZCards.Common","class","Joiner","177776"
"PvZCards.Common","class","JsonEnabledAssetConstants","177798"
"PvZCards.Common","interface","JsonEnabledAssetProcessor","177811"
"PvZCards.Common","class","KeepTopHudCountsInSyncWithInventorySignal","176334"
"PvZCards.Common","class","LandingScreenStoreTutorialStartSignal","181603"
"PvZCards.Common","class","LaneCombatEffectAnimationSoundEventNameBuilder","177840"
"PvZCards.Common","class","LaneCombatEffectAnimationSoundEventParametersBuilder","177863"
"PvZCards.Common","class","LaneCombatStartSoundEventParametersBuilder","177888"
"PvZCards.Common","class","LanguageSupporter","177906"
"PvZCards.Common","class","ListUtils","177951"
"PvZCards.Common","interface","LoadableScreen","180808"
"PvZCards.Common","class","LoadedAssetBundle","172188"
"PvZCards.Common","interface","LocaleProvider","177968"
"PvZCards.Common","interface","LocalizedStringGenerator","177998"
"PvZCards.Common","struct","LogEntry","178007"
"PvZCards.Common","interface","LoggerHistoryPersistor","174897"
"PvZCards.Common","class","LoggerHistoryUpdater","178061"
"PvZCards.Common","class","LoggingDebugEntrySetBuilder","178253"
"PvZCards.Common","class","LoggingDebugScopeCommand","178129"
"PvZCards.Common","class","LogHistoryCleaner","178388"
"PvZCards.Common","class","LogHistoryCollectionProvider","178458"
"PvZCards.Common","class","LogHistoryItem","178441"
"PvZCards.Common","class","LogUploader","178550"
"PvZCards.Common","class","LogUploadResult","178502"
"PvZCards.Common","class","LogViewShower","183076"
"PvZCards.Common","class","MainThreadActionRouter","178694"
"PvZCards.Common","class","ManifestAssetBundleInfosProvider","173457"
"PvZCards.Common","class","ManualNimbleNetwork","179338"
"PvZCards.Common","class","MapDefaultTransitionsCommand","182155"
"PvZCards.Common","class","MaterialCache","184716"
"PvZCards.Common","class","MinimizeAndroidAppSignal","178733"
"PvZCards.Common","class","MockAchievementManager","171493"
"PvZCards.Common","enum","NarrativeEvent","178819"
"PvZCards.Common","class","NarrativeNotifier","178852"
"PvZCards.Common","class","NarrativeScreenView","178757"
"PvZCards.Common","class","NarrativeScreenViewMediator","178963"
"PvZCards.Common","enum","NarrativeState","178806"
"PvZCards.Common","interface","NarrativeStateMachine","178875"
"PvZCards.Common","class","NarrativeTapTimings","178832"
"PvZCards.Common","class","NavigateToScreenCommand","179032"
"PvZCards.Common","class","NavigationButtonView","179105"
"PvZCards.Common","class","NavigationButtonViewMediator","179121"
"PvZCards.Common","enum","NavigationType","179096"
"PvZCards.Common","class","NetworkRequestSpinnerMediator","179167"
"PvZCards.Common","class","NetworkRequestSpinnerView","179228"
"PvZCards.Common","class","NimbleCustomEventLogger","179255"
"PvZCards.Common","interface","NimbleCustomEventLoggerInterface","179246"
"PvZCards.Common","interface","NimbleNetwork","179302"
"PvZCards.Common","class","NimbleNetworkWrapper","179317"
"PvZCards.Common","interface","NimbleNotificationListener","179360"
"PvZCards.Common","class","NimbleNotificationListenerImpl","179390"
"PvZCards.Common","class","NimbleRecoveredTransactionHandler","179520"
"PvZCards.Common","interface","NimbleSynergyEnvironment","179646"
"PvZCards.Common","class","NimbleSynergyEnvironmentWrapper","179658"
"PvZCards.Common","class","NullAndroidApiLevelProvider","171567"
"PvZCards.Common","class","NullFtueAssetBundleTracker","173126"
"PvZCards.Common","class","NullHistoryPersistor","174906"
"PvZCards.Common","class","NullNarrativeStateMachine","178890"
"PvZCards.Common","class","NullThrottleOverrider","183895"
"PvZCards.Common","class","OriginAchievementManager","171511"
"PvZCards.Common","class","PCEscapeViewMediator","179676"
"PvZCards.Common","class","PlatformLocaleProvider","179704"
"PvZCards.Common","class","PlatformProviderFactory","179795"
"PvZCards.Common","class","PlayNextBattleSignal","181657"
"PvZCards.Common","class","PlayPveBattleAgainSignal","181666"
"PvZCards.Common","class","PortableStringHash","179807"
"PvZCards.Common","interface","PrecacheableResource","180146"
"PvZCards.Common","class","PrefabListLoadableScreen","179895"
"PvZCards.Common","class","PrefabListLoadableScreenWithContext","180014"
"PvZCards.Common","class","PrefabPathAttribute","180119"
"PvZCards.Common","interface","PreloadableResource","180137"
"PvZCards.Common","class","PvpHistoryQueueFilter","174839"
"PvZCards.Common","class","ReadyToShowScreenSignal","181576"
"PvZCards.Common","class","RegisterGUIWithSoundGeneratorCommand","174440"
"PvZCards.Common","class","RemoteAssetBundleUriCreator","173479"
"PvZCards.Common","class","RepeatableAction","180158"
"PvZCards.Common","class","RepeatableActionInvoker","180216"
"PvZCards.Common","interface","ResourceCache","180252"
"PvZCards.Common","class","ResourceLoaderInterpreter","173511"
"PvZCards.Common","class","ResourceTracker","173587"
"PvZCards.Common","interface","ResourceUncacher","180283"
"PvZCards.Common","class","SchedulePlayerBehaviorUpdateCommand","180476"
"PvZCards.Common","class","ScrapedBundleData","173061"
"PvZCards.Common","class","ScreenCloser","180516"
"PvZCards.Common","class","ScreenCloserMediator","180532"
"PvZCards.Common","class","ScreenConfig","180788"
"PvZCards.Common","class","ScreenGrid","180655"
"PvZCards.Common","class","ScreenInputBlockerView","180718"
"PvZCards.Common","class","ScreenInputBlockerViewMediator","180742"
"PvZCards.Common","interface","ScreenLoader","180868"
"PvZCards.Common","class","ScreenLoaderBinder","181303"
"PvZCards.Common","class","ScreenLoaderImpl","181011"
"PvZCards.Common","enum","ScreenLoadType","180856"
"PvZCards.Common","class","ScreenName","181330"
"PvZCards.Common","class","ScreenNotFoundOnStackException","181294"
"PvZCards.Common","struct","ScreenPopResult","180578"
"PvZCards.Common","class","ScreenRequestFactory","181408"
"PvZCards.Common","class","ScreenRoot","181475"
"PvZCards.Common","class","ScreenShaker","181500"
"PvZCards.Common","class","ScreenShakerMediator","181521"
"PvZCards.Common","class","ScreenStackStateRecorder","181737"
"PvZCards.Common","class","ScreenTransition","181873"
"PvZCards.Common","class","ScreenTransitionConfigFactory","181953"
"PvZCards.Common","class","ScreenTransitionFactory","181968"
"PvZCards.Common","class","ScreenTransitionQueue","182083"
"PvZCards.Common","class","ScreenTransitionType","182140"
"PvZCards.Common","interface","ScreenTransitionView","171779"
"PvZCards.Common","class","ScreenTransitionViewFactory","182224"
"PvZCards.Common","class","ScreenView","180054"
"PvZCards.Common","class","ScreenViewBase","180033"
"PvZCards.Common","class","ScrimHoleInvokeObjectClickActionSignal","175291"
"PvZCards.Common","class","ScrimHoleObjectClickedSignal","175282"
"PvZCards.Common","class","ScrollerAudioEventGenerator","174323"
"PvZCards.Common","class","SendCustomNimbleEventsCommand","182299"
"PvZCards.Common","interface","SessionInfoProvider","182327"
"PvZCards.Common","class","SetAvailableSunAnimationSoundEventNameBuilder","182342"
"PvZCards.Common","class","SetAvailableSunAnimationSoundEventParametersBuilder","182357"
"PvZCards.Common","class","SetGamePhaseIndicatorSoundEventNameBuilder","182376"
"PvZCards.Common","interface","SettableText","182394"
"PvZCards.Common","class","SettingsScreenBinder","182478"
"PvZCards.Common","class","SetupVersusScreenSignal","181675"
"PvZCards.Common","struct","ShakeData","181491"
"PvZCards.Common","class","ShakeScreenNotifier","182509"
"PvZCards.Common","class","ShakeScreenNotifierMediator","182532"
"PvZCards.Common","enum","ShakeScreenType","182499"
"PvZCards.Common","class","ShowAssetBundleDownloadProgressCommand","173634"
"PvZCards.Common","class","ShowCheatPurchaseFlowSelectorSignal","181684"
"PvZCards.Common","class","ShowCrazyDaveMessageSignal","175246"
"PvZCards.Common","class","ShowCrazyDaveSignal","175255"
"PvZCards.Common","class","ShowDeviceNotSupportedMessageCommand","182584"
"PvZCards.Common","class","ShowDeviceNotSupportedMessageSignal","182575"
"PvZCards.Common","class","ShowGenericErrorMessageBoxCommand","182655"
"PvZCards.Common","class","ShowGenericErrorMessageBoxSignal","182646"
"PvZCards.Common","class","ShowGenericMessageBoxCommand","182770"
"PvZCards.Common","class","ShowGenericMessageBoxSignal","182761"
"PvZCards.Common","class","ShowGenericYesNoMessageBoxCommand","182881"
"PvZCards.Common","class","ShowGenericYesNoMessageBoxSignal","182857"
"PvZCards.Common","class","ShowOfflineForMaintenanceScreenCommand","182942"
"PvZCards.Common","class","ShowOfflineForMaintenanceSignal","182933"
"PvZCards.Common","class","ShowPlantHeadQuartersSignal","181621"
"PvZCards.Common","class","ShowQuestScreenSignal","181711"
"PvZCards.Common","class","ShowUploadLogScreenCommand","183036"
"PvZCards.Common","class","ShowUploadLogScreenSignal","183027"
"PvZCards.Common","class","ShowWhateverIsAfterTheSplashScreenSignal","181585"
"PvZCards.Common","class","ShowZombieHeadQuartersSignal","181630"
"PvZCards.Common","class","SlackCrashPoster","183133"
"PvZCards.Common","class","SlackPost","183120"
"PvZCards.Common","class","SlackPostAttachment","183105"
"PvZCards.Common","class","SoundEventExecutor","183296"
"PvZCards.Common","interface","SoundEventNameBuilder","183339"
"PvZCards.Common","class","SoundEventNameBuilderFactory","183351"
"PvZCards.Common","interface","SoundEventParametersBuilder","183363"
"PvZCards.Common","class","SoundEventParametersBuilderFactory","183375"
"PvZCards.Common","class","StarRewardsScreenVisible","181702"
"PvZCards.Common","class","StartBackgroundDownloadCommand","173691"
"PvZCards.Common","class","StartedTransitionToScreenSignal","181567"
"PvZCards.Common","class","StartNewLaneCombatSoundEventNameBuilder","183442"
"PvZCards.Common","class","StateMachineBehaviourListener","183472"
"PvZCards.Common","class","StateMachineBehaviourSignal","183547"
"PvZCards.Common","class","StopBackgroundDownloadCommand","173809"
"PvZCards.Common","class","StreamingAssetsUriCreator","173888"
"PvZCards.Common","class","StringFileWriter","183598"
"PvZCards.Common","class","SubscribeDefaultListenerToLoggingEventsCommand","183619"
"PvZCards.Common","class","SubscribeHistoryListenerToLoggingEventsCommand","183659"
"PvZCards.Common","class","SynchronousScreenTransitionView","171803"
"PvZCards.Common","interface","SystemInfoProvider","183714"
"PvZCards.Common","class","TaggedTextViewSettableText","182406"
"PvZCards.Common","class","TeamBuilderBinder","183726"
"PvZCards.Common","class","TextFileLoader","183747"
"PvZCards.Common","class","TextMeshProSettableText","182442"
"PvZCards.Common","class","TextMeshProUguiSettableText","182424"
"PvZCards.Common","class","ThrottleDecider","183773"
"PvZCards.Common","class","ThrottleLookup","183825"
"PvZCards.Common","interface","ThrottleOverrider","183874"
"PvZCards.Common","class","ThrottleValueChangedSignal","183865"
"PvZCards.Common","interface","TimeProvider","183975"
"PvZCards.Common","class","TouchableAudioEventGenerator","174287"
"PvZCards.Common","class","TrackingConstants","184008"
"PvZCards.Common","class","TransitionConfig","182066"
"PvZCards.Common","class","TryPurchaseSignal","181693"
"PvZCards.Common","interface","UniqueDeviceIdentifierProvider","184027"
"PvZCards.Common","class","UnityBuildInfoProvider","184036"
"PvZCards.Common","class","UnityChannelLogger","184074"
"PvZCards.Common","class","UnityPlayerPrefsThrottleOverrider","183919"
"PvZCards.Common","class","UnityReachabilityDetector","184177"
"PvZCards.Common","class","UnityRuntimePlatformProvider","184199"
"PvZCards.Common","class","UnityScreenPropertiesProvider","184255"
"PvZCards.Common","class","UnitySystemInfoProvider","184278"
"PvZCards.Common","class","UnityTextSettableText","182460"
"PvZCards.Common","class","UnityTimeProvider","183990"
"PvZCards.Common","class","UnityUniqueDeviceIdentifierProvider","184293"
"PvZCards.Common","class","UpdateLastSessionStartCommand","184311"
"PvZCards.Common","class","UploadLogView","184368"
"PvZCards.Common","class","UploadLogViewMediator","184415"
"PvZCards.Common","class","ViewConfigurator","184464"
"PvZCards.Common","class","WaitForGatsCommand","177660"
"PvZCards.Common","class","WebTextFileLoader","184496"
"PvZCards.Common","class","ZombieHqUnlockSequenceShownSignal","181612"
"PvZCards.Common","class","ZombieHqUnlockSequenceStartSignal","181594"
"PvZCards.Common.AssetBundles","class","AssetBundleDownloader","185071"
"PvZCards.Common.AssetBundles","class","AssetBundleGroupCache","185389"
"PvZCards.Common.AssetBundles","interface","AssetBundleGroupCacheInterface","185368"
"PvZCards.Common.AssetBundles","class","AssetBundlesDownloadProgressDebugViewController","185530"
"PvZCards.Common.AssetBundles","class","AssetBundlesDownloadProgressView","185453"
"PvZCards.Common.AssetBundles","class","AssetBundlesDownloadProgressViewMediator","185569"
"PvZCards.Common.AssetBundles","interface","BytesLoader","185736"
"PvZCards.Common.AssetBundles","class","ResourceBytesLoader","185745"
"PvZCards.Common.AssetBundles","class","UnityAssetBundleInfoProvider","185773"
"PvZCards.Common.Localization","class","DetectedLocale","184799"
"PvZCards.Common.Localization","class","DetectedLocaleExtensions","184773"
"PvZCards.Common.Localization","class","DetectedLocaleSanitizer","184921"
"PvZCards.Common.Localization","class","EditorSystemLanguageQuerier","184787"
"PvZCards.Common.Localization","interface","IDetectedLocaleSanitizer","184912"
"PvZCards.Common.Localization","interface","ILanguageQuerier","184863"
"PvZCards.Common.Localization","class","SystemLanguageQuerier","184872"
"PvZCards.Constants","class","Colors","159935"
"PvZCards.ContentDelivery","class","AssetBundleDownloadBeginSignal","141068"
"PvZCards.ContentDelivery","class","AssetBundleDownloadCompleteSignal","141077"
"PvZCards.ContentDelivery","class","AssetBundleDownloadDebugInfoSignal","141095"
"PvZCards.ContentDelivery","class","AssetBundleDownloadFailedSignal","141086"
"PvZCards.ContentDelivery","class","AssetBundleGroup","140677"
"PvZCards.ContentDelivery","class","AssetBundleManifestVersionPathsProvider","140900"
"PvZCards.ContentDelivery","class","BackgroundDownloadChecker","140695"
"PvZCards.ContentDelivery","interface","BackgroundDownloader","140713"
"PvZCards.ContentDelivery","class","BackgroundDownloadMonster","140752"
"PvZCards.ContentDelivery","class","BootstrapBundleInfosProvider","140878"
"PvZCards.ContentDelivery","class","CheckForManifestUpdatesCommand","140914"
"PvZCards.ContentDelivery","class","ContentDeliveryBinder","141104"
"PvZCards.ContentDelivery","class","DeleteOldBundleTableOfContentsCommand","141170"
"PvZCards.ContentDelivery","class","FtueAssets","141247"
"PvZCards.ContentDelivery","class","ManifestDownloadCompleteSignal","141041"
"PvZCards.ContentDelivery","class","ManifestDownloadErrorSignal","141050"
"PvZCards.ContentDelivery","class","ManifestDownloadStartSignal","141032"
"PvZCards.ContentDelivery","class","ManifestUpdater","141295"
"PvZCards.ContentDelivery","class","NullBackgroundDownloader","140731"
"PvZCards.ContentDelivery","class","PrepareFromStreamingAssetsBootstrapCommand","141391"
"PvZCards.ContentDelivery","class","RetryManifestDownloadSignal","141059"
"PvZCards.ContentDelivery","class","StartAssetBundleDownloadProcessSignal","141023"
"PvZCards.CopernicusEvents","enum","AdType","154987"
"PvZCards.CopernicusEvents","class","AllAssetBundleDownloadsFinishedSignal","150762"
"PvZCards.CopernicusEvents","class","CommonGameplayTrackerPayloadBuilder","150672"
"PvZCards.CopernicusEvents","class","CopernicusAppQuitSignal","151952"
"PvZCards.CopernicusEvents","class","CopernicusAssetBundleDownloadEvent","150721"
"PvZCards.CopernicusEvents","class","CopernicusAssetBundleDownloadEventFactory","150741"
"PvZCards.CopernicusEvents","class","CopernicusAssetBundleDownloadTracker","150771"
"PvZCards.CopernicusEvents","class","CopernicusBasePayloadBuilder","150936"
"PvZCards.CopernicusEvents","class","CopernicusBinder","151143"
"PvZCards.CopernicusEvents","class","CopernicusCommonGameplayEventData","151418"
"PvZCards.CopernicusEvents","class","CopernicusDataMergerAndSender","151186"
"PvZCards.CopernicusEvents","class","CopernicusEcommEvent","151232"
"PvZCards.CopernicusEvents","class","CopernicusFunnelEvent","151310"
"PvZCards.CopernicusEvents","enum","CopernicusFunnelEventsVersionThree","151253"
"PvZCards.CopernicusEvents","class","CopernicusFuQuestEvent","155706"
"PvZCards.CopernicusEvents","class","CopernicusGameCurrencyEvent","151365"
"PvZCards.CopernicusEvents","enum","CopernicusGameCurrencySource","151326"
"PvZCards.CopernicusEvents","enum","CopernicusGameCurrencyType","151349"
"PvZCards.CopernicusEvents","enum","CopernicusGameplayEndOfGameState","151387"
"PvZCards.CopernicusEvents","class","CopernicusGameplayEventDataHolder","151501"
"PvZCards.CopernicusEvents","class","CopernicusGameplayMatchmakingTracker","151527"
"PvZCards.CopernicusEvents","class","CopernicusGameTimeTracker","151609"
"PvZCards.CopernicusEvents","class","CopernicusPveGameplayEventData","151477"
"PvZCards.CopernicusEvents","class","CopernicusPvpGameplayEventData","151457"
"PvZCards.CopernicusEvents","class","CopernicusQuestEvent","155735"
"PvZCards.CopernicusEvents","enum","CopernicusQuestEventType","155724"
"PvZCards.CopernicusEvents","class","CopernicusSessionStartEvent","154602"
"PvZCards.CopernicusEvents","enum","CopernicusSessionStartLaunchType","154589"
"PvZCards.CopernicusEvents","class","CopernicusSocialUserEvent","151970"
"PvZCards.CopernicusEvents","class","CopernicusSocialUserTracker","151984"
"PvZCards.CopernicusEvents","class","CopernicusUIBehaviorEvent","152075"
"PvZCards.CopernicusEvents","class","CraftingEvent","151170"
"PvZCards.CopernicusEvents","enum","CraftingSource","151161"
"PvZCards.CopernicusEvents","class","DailyBattleMetricsIdsProvider","152092"
"PvZCards.CopernicusEvents","class","EA2AdSessionPayLoad","154996"
"PvZCards.CopernicusEvents","class","Ea2GameCurrencyEventReporter","152161"
"PvZCards.CopernicusEvents","class","Ea2UIBehaviorEventReporter","152231"
"PvZCards.CopernicusEvents","class","EloChangePayload","155579"
"PvZCards.CopernicusEvents","class","EndCopernicusGameplayTrackingIfDoneCommand","152302"
"PvZCards.CopernicusEvents","class","EndCopernicusGameplayTrackingSignal","151943"
"PvZCards.CopernicusEvents","class","GameEndedSignal","151871"
"PvZCards.CopernicusEvents","class","GameOverRewardsTrackerPayload","152517"
"PvZCards.CopernicusEvents","class","GameOverRewardsTrackerPayloadHolder","152489"
"PvZCards.CopernicusEvents","class","HashtableMerger","152649"
"PvZCards.CopernicusEvents","class","HeroesCopernicusInitializer","151673"
"PvZCards.CopernicusEvents","interface","ICopernicusBasePayloadBuilder","150900"
"PvZCards.CopernicusEvents","interface","ICopernicusGameTimeTracker","151591"
"PvZCards.CopernicusEvents","interface","ICopernicusInitializer","151658"
"PvZCards.CopernicusEvents","interface","IEa2GameCurrencyEventReporter","152152"
"PvZCards.CopernicusEvents","interface","IEa2UIBehaviorEventReporter","152219"
"PvZCards.CopernicusEvents","interface","IGameplayTrackerPayload","151403"
"PvZCards.CopernicusEvents","class","InitializeCopernicusAssetBundleDownloadTrackerCommand","152658"
"PvZCards.CopernicusEvents","class","InitializeCopernicusCommand","150590"
"PvZCards.CopernicusEvents","class","InitializeCopernicusGameplayTrackingCommand","152686"
"PvZCards.CopernicusEvents","class","InitializeCopernicusSignal","150581"
"PvZCards.CopernicusEvents","class","InitializeUIBehaviorTrackersCommand","152816"
"PvZCards.CopernicusEvents","interface","IPvpStarRewardsRecorder","153025"
"PvZCards.CopernicusEvents","interface","IScheduledEventBoostTracker","153873"
"PvZCards.CopernicusEvents","interface","IScheduledEventGameCurrencyEventReporter","153910"
"PvZCards.CopernicusEvents","interface","IScheduledEventGameplayRewardsTracker","153980"
"PvZCards.CopernicusEvents","interface","IScheduledEventUIBehaviorEventReporter","154041"
"PvZCards.CopernicusEvents","class","PauseOrResumeGameTimeTrackingForMetricsCommand","152609"
"PvZCards.CopernicusEvents","class","PveGameplayTrackerPayload","152856"
"PvZCards.CopernicusEvents","class","PvpGameplayTrackerPayload","152892"
"PvZCards.CopernicusEvents","enum","PvPMatchProgressMetricsEvent","152941"
"PvZCards.CopernicusEvents","class","PvPMatchProgressTracker","152963"
"PvZCards.CopernicusEvents","class","PvpStarRewardsRecorder","153034"
"PvZCards.CopernicusEvents","class","RankedPvpStarsEarnedRecordedSignal","151862"
"PvZCards.CopernicusEvents","class","RecordApplicableRankedPvpStarRewardsCommand","153053"
"PvZCards.CopernicusEvents","class","RecordAppQuitEndOfGameStateCommand","153678"
"PvZCards.CopernicusEvents","class","RecordBatteryLevelAtEndForMetricsCommand","153156"
"PvZCards.CopernicusEvents","class","RecordBatteryLevelAtStartForMetricsCommand","153196"
"PvZCards.CopernicusEvents","class","RecordBlockForMetricsCommand","153236"
"PvZCards.CopernicusEvents","class","RecordBlockForMetricsSignal","151772"
"PvZCards.CopernicusEvents","class","RecordCardPlayedForMetricsCommand","153288"
"PvZCards.CopernicusEvents","class","RecordCardPlayedForMetricsSignal","151781"
"PvZCards.CopernicusEvents","class","RecordCardRewardChoiceSelectionSignal","151853"
"PvZCards.CopernicusEvents","class","RecordDailyChallengeAttemptForDraperCommand","153364"
"PvZCards.CopernicusEvents","class","RecordDecksForMetricsSignal","151826"
"PvZCards.CopernicusEvents","class","RecordDuplicatePlayReceivedForMetricsCommand","153404"
"PvZCards.CopernicusEvents","class","RecordEndOfGameGemsForMetricsCommand","153432"
"PvZCards.CopernicusEvents","class","RecordEndOfGameNetworkStatusForMetricsCommand","153484"
"PvZCards.CopernicusEvents","class","RecordEndOfGameStateCommand","153524"
"PvZCards.CopernicusEvents","class","RecordGameFailedEndOfGameStateCommand","153650"
"PvZCards.CopernicusEvents","class","RecordGameLostEndOfGameStateCommand","153564"
"PvZCards.CopernicusEvents","class","RecordGameWonEndOfGameStateCommand","153549"
"PvZCards.CopernicusEvents","class","RecordLifetimePvpGamesForMetricsCommand","153718"
"PvZCards.CopernicusEvents","class","RecordOpponentConcededEndOfGameStateCommand","153622"
"PvZCards.CopernicusEvents","class","RecordPlayerConcededEndOfGameStateCommand","153576"
"PvZCards.CopernicusEvents","class","RecordPveEloUpdateCommand","155614"
"PvZCards.CopernicusEvents","class","RecordPveEloUpdateSignal","151844"
"PvZCards.CopernicusEvents","class","RecordTurnCountForMetricsCommand","153758"
"PvZCards.CopernicusEvents","class","RecordTurnCountForMetricsSignal","151817"
"PvZCards.CopernicusEvents","class","ReportTeamEditorEnteredForMetricsCommand","153810"
"PvZCards.CopernicusEvents","class","ReportTeamEditorEnteredForMetricsSignal","151934"
"PvZCards.CopernicusEvents","class","ReportUIBehaviorTelemetrySignal","151835"
"PvZCards.CopernicusEvents","class","ScheduledEventBoostTracker","153882"
"PvZCards.CopernicusEvents","class","ScheduledEventGameCurrencyEventReporter","153928"
"PvZCards.CopernicusEvents","class","ScheduledEventGameplayRewardsTracker","153992"
"PvZCards.CopernicusEvents","class","ScheduledEventUIBehaviorEventReporter","154050"
"PvZCards.CopernicusEvents","class","SendCopernicusAppQuitPvpGameplayEventCommand","154090"
"PvZCards.CopernicusEvents","class","SendCopernicusAssetBundleDownloadEventCommand","154187"
"PvZCards.CopernicusEvents","class","SendCopernicusAssetBundleDownloadEventSignal","151889"
"PvZCards.CopernicusEvents","class","SendCopernicusCraftingEventCommand","154239"
"PvZCards.CopernicusEvents","class","SendCopernicusCraftingEventSignal","151898"
"PvZCards.CopernicusEvents","class","SendCopernicusEcommEventCommand","154296"
"PvZCards.CopernicusEvents","class","SendCopernicusEcommEventSignal","151880"
"PvZCards.CopernicusEvents","class","SendCopernicusFunnelEventCommand","154348"
"PvZCards.CopernicusEvents","class","SendCopernicusFunnelEventSignal","151763"
"PvZCards.CopernicusEvents","class","SendCopernicusFuQuestEventCommand","155755"
"PvZCards.CopernicusEvents","class","SendCopernicusFuQuestEventSignal","151808"
"PvZCards.CopernicusEvents","class","SendCopernicusGameCurrencyEventCommand","154400"
"PvZCards.CopernicusEvents","class","SendCopernicusGameCurrencyEventSignal","151790"
"PvZCards.CopernicusEvents","class","SendCopernicusGameplayEventCommand","154452"
"PvZCards.CopernicusEvents","class","SendCopernicusGameplayEventSignal","151745"
"PvZCards.CopernicusEvents","class","SendCopernicusPvpRetryCommand","154519"
"PvZCards.CopernicusEvents","class","SendCopernicusQuestEventCommand","155831"
"PvZCards.CopernicusEvents","class","SendCopernicusQuestEventSignal","151799"
"PvZCards.CopernicusEvents","class","SendCopernicusSessionStartEventCommand","154615"
"PvZCards.CopernicusEvents","class","SendCopernicusSessionStartEventSignal","151754"
"PvZCards.CopernicusEvents","class","SendCopernicusSessionStartFromAppFocusCommand","154763"
"PvZCards.CopernicusEvents","class","SendCopernicusSessionStartFromAppLaunchCommand","154819"
"PvZCards.CopernicusEvents","class","SendCopernicusSocialUserEventCommand","154871"
"PvZCards.CopernicusEvents","class","SendCopernicusSocialUserSignal","151907"
"PvZCards.CopernicusEvents","class","SendCopernicusUIBehaviorCommand","154923"
"PvZCards.CopernicusEvents","class","SendEA2AdMetricCommand","155012"
"PvZCards.CopernicusEvents","class","SendEA2AdMetricSignal","151961"
"PvZCards.CopernicusEvents","class","SendEventToStarlightRevSDKCommand","155654"
"PvZCards.CopernicusEvents","class","SendEventToStarlightRevSDKSignal","151736"
"PvZCards.CopernicusEvents","class","StartGameTimeTrackingForMetricsCommand","152553"
"PvZCards.CopernicusEvents","enum","Status","154975"
"PvZCards.CopernicusEvents","class","StopGameTimeTrackingForMetricsCommand","152581"
"PvZCards.CopernicusEvents","struct","TeamEditorData","153798"
"PvZCards.CopernicusEvents","class","TrackPvpBackgroundEventsCommand","155088"
"PvZCards.CopernicusEvents","enum","UIBehaviorEntrySource","152020"
"PvZCards.CopernicusEvents","class","UIBehaviorEntrySourceDecider","155165"
"PvZCards.CopernicusEvents","class","UIBehaviorHandleFocusGainedCommand","155221"
"PvZCards.CopernicusEvents","class","UIBehaviorHandleFocusLostCommand","155193"
"PvZCards.CopernicusEvents","class","UIBehaviorProgressPersister","155249"
"PvZCards.CopernicusEvents","class","UIBehaviorProgressTracker","155261"
"PvZCards.CopernicusEvents","class","UIBehaviorTransitionEndSignal","151925"
"PvZCards.CopernicusEvents","class","UIBehaviorTransitionEvent","155369"
"PvZCards.CopernicusEvents","class","UIBehaviorTransitionStartSignal","151916"
"PvZCards.CopernicusEvents","class","UIBehaviorTransitionTracker","155382"
"PvZCards.CopernicusEvents","class","UIBehaviorTransitionTrackerReporter","155516"
"PvZCards.CopernicusEvents","interface","UIBehaviorTransitionTrackerReporterInterface","155504"
"PvZCards.CopernicusEvents","enum","UIBehaviorTransitionTrackerScreen","155357"
"PvZCards.CopernicusEvents","enum","UIBehaviorType","152046"
"PvZCards.Core","class","DefaultRngProvider","648492"
"PvZCards.Core","enum","PvpContextKey","648504"
"PvZCards.Core","interface","RngProvider","648513"
"PvZCards.Core.AI","class","AiBinder","673087"
"PvZCards.Core.AI","interface","AiConfiguration","671545"
"PvZCards.Core.AI","interface","AiConfigurationFactory","671575"
"PvZCards.Core.AI","class","AiContext","671584"
"PvZCards.Core.AI","interface","AiGameStateScoringValues","671667"
"PvZCards.Core.AI","class","AiMainPhaseStrategy","671751"
"PvZCards.Core.AI","class","AiMulliganPhaseStrategy","671634"
"PvZCards.Core.AI","class","AiPlayerBehaviorRunner","671784"
"PvZCards.Core.AI","class","AiSelectTargetStrategy","671655"
"PvZCards.Core.AI","interface","AiStrategyDecider","671763"
"PvZCards.Core.AI","interface","AiSuperblockPhaseStrategy","671646"
"PvZCards.Core.AI","class","BoardStateValueCalculator","671864"
"PvZCards.Core.AI","interface","CardInHandValueCalculator","671964"
"PvZCards.Core.AI","class","EndTurnAiMainPhaseStrategy","672501"
"PvZCards.Core.AI","class","EndTurnAiMulliganPhaseStrategy","672041"
"PvZCards.Core.AI","interface","EntityModelCopier","672069"
"PvZCards.Core.AI","class","EntityModelCopierBinder","673075"
"PvZCards.Core.AI","class","EnvironmentValueCalculator","672608"
"PvZCards.Core.AI","class","FighterValueCalculator","672529"
"PvZCards.Core.AI","class","FindCardAiMulliganPhaseStrategy","672168"
"PvZCards.Core.AI","class","FullEntityModelCopier","672090"
"PvZCards.Core.AI","class","KeepCardAiSuperblockPhasePhaseStrategy","672250"
"PvZCards.Core.AI","class","LocalCardInHandValueCalculator","671973"
"PvZCards.Core.AI","enum","MainPhaseStrategyKeys","671742"
"PvZCards.Core.AI","class","ManuallyConfiguredAiStrategyDecider","672278"
"PvZCards.Core.AI","class","MulliganValueCalculator","672409"
"PvZCards.Core.AI","class","NonAdvancingSeedProvider","673153"
"PvZCards.Core.AI","class","NullEntityModelCopier","672078"
"PvZCards.Core.AI","class","OpponentCardInHandValueCalculator","672013"
"PvZCards.Core.AI","class","PlayRandomCardOrEndTurnAiMainPhaseStrategy","672705"
"PvZCards.Core.AI","class","RandomStrategyEnqueuer","672648"
"PvZCards.Core.AI","class","SelectRandomTargetAiSelectTargetStrategy","672449"
"PvZCards.Core.AI","class","SimulateAndScoreAiMainPhaseStrategy","672867"
"PvZCards.Core.AI","class","SimulateAndScoreAiSelectTargetStrategy","672947"
"PvZCards.Core.AI","class","SimulateAndScoreAiSuperblockPhasePhaseStrategy","673023"
"PvZCards.Core.AI","class","SimulateAndScoreAiSurprisePhaseStrategy","672919"
"PvZCards.Core.AI","class","SimulateAndScoreStrategyEnqueuer","672765"
"PvZCards.Core.AI","class","SimulatedGameRunner","673116"
"PvZCards.Core.AI","class","SimulatedGameSpawner","673051"
"PvZCards.Core.AI","class","StripEntityModelCopier","672102"
"PvZCards.Core.AI.AiActions","class","AiActionDescriptor","673181"
"PvZCards.Core.AI.AiActions","class","AiActionExecutor","673217"
"PvZCards.Core.AI.AiActions","interface","AiActionExecutor","673199"
"PvZCards.Core.AI.AiActions","class","AiActionExecutorFactory","673291"
"PvZCards.Core.AI.AiActions","class","AiActionGenerator","673340"
"PvZCards.Core.AI.AiActions","class","AiActionQueue","673434"
"PvZCards.Core.AI.AiActions","class","AiEndMulliganActionDescriptor","673461"
"PvZCards.Core.AI.AiActions","class","AiEndMulliganActionExecutor","673482"
"PvZCards.Core.AI.AiActions","class","AiEndTurnActionDescriptor","673996"
"PvZCards.Core.AI.AiActions","class","AiEndTurnActionExecutor","674026"
"PvZCards.Core.AI.AiActions","class","AiExecuteBestScoredActionDescriptor","673541"
"PvZCards.Core.AI.AiActions","class","AiExecuteBestScoredActionExecutor","673559"
"PvZCards.Core.AI.AiActions","class","AiKeepSuperblockCardActionDescriptor","673615"
"PvZCards.Core.AI.AiActions","class","AiKeepSuperblockCardActionExecutor","673645"
"PvZCards.Core.AI.AiActions","class","AiMulliganCardActionDescriptor","673704"
"PvZCards.Core.AI.AiActions","class","AiMulliganCardActionExecutor","673725"
"PvZCards.Core.AI.AiActions","class","AiPlayCardActionDescriptor","674112"
"PvZCards.Core.AI.AiActions","class","AiPlayCardActionExecutor","674145"
"PvZCards.Core.AI.AiActions","class","AiPlayOrSaveSurpriseCardActionDescriptor","673769"
"PvZCards.Core.AI.AiActions","class","AiPlayOrSaveSurpriseCardActionExecutor","673802"
"PvZCards.Core.AI.AiActions","class","AiPlaySuperblockCardActionDescriptor","673904"
"PvZCards.Core.AI.AiActions","class","AiPlaySuperblockCardActionExecutor","673937"
"PvZCards.Core.AI.AiActions","class","AiRunSimulationActionDescriptor","674189"
"PvZCards.Core.AI.AiActions","class","AiRunSimulationActionExecutor","674225"
"PvZCards.Core.AI.AiActions","class","AiScoreActionsAndStoreBestInContextDescriptor","674271"
"PvZCards.Core.AI.AiActions","class","AiScoreActionsAndStoreBestInContextExecutor","674307"
"PvZCards.Core.AI.AiActions","class","AiSelectTargetActionDescriptor","674404"
"PvZCards.Core.AI.AiActions","class","AiSelectTargetActionExecutor","674426"
"PvZCards.Core.AI.AiActions","class","AiSimulateActionDescriptor","674485"
"PvZCards.Core.AI.AiActions","class","AiSimulateActionExecutor","674548"
"PvZCards.Core.AI.AiActions","class","AiSimulateAndScoreActionDescriptor","674609"
"PvZCards.Core.AI.AiActions","class","AiSimulateAndScoreActionExecutor","674689"
"PvZCards.Core.AI.AiActions","class","AiTwoPhaseSimulateAndScoreActionDescriptor","674785"
"PvZCards.Core.AI.AiActions","class","AiTwoPhaseSimulateAndScoreActionExecutor","674838"
"PvZCards.Core.AI.AiActions","interface","EndTurnActionDescriptor","673981"
"PvZCards.Core.AI.AiActions","interface","PlayCardActionDescriptor","674097"
"PvZCards.Core.Annotations","class","AspMvcActionAttribute","671304"
"PvZCards.Core.Annotations","class","AspMvcActionSelectorAttribute","671471"
"PvZCards.Core.Annotations","class","AspMvcAreaAttribute","671333"
"PvZCards.Core.Annotations","class","AspMvcAreaMasterLocationFormatAttribute","671244"
"PvZCards.Core.Annotations","class","AspMvcAreaPartialViewLocationFormatAttribute","671254"
"PvZCards.Core.Annotations","class","AspMvcAreaViewLocationFormatAttribute","671264"
"PvZCards.Core.Annotations","class","AspMvcControllerAttribute","671362"
"PvZCards.Core.Annotations","class","AspMvcDisplayTemplateAttribute","671431"
"PvZCards.Core.Annotations","class","AspMvcEditorTemplateAttribute","671441"
"PvZCards.Core.Annotations","class","AspMvcMasterAttribute","671391"
"PvZCards.Core.Annotations","class","AspMvcMasterLocationFormatAttribute","671274"
"PvZCards.Core.Annotations","class","AspMvcModelTypeAttribute","671401"
"PvZCards.Core.Annotations","class","AspMvcPartialViewAttribute","671411"
"PvZCards.Core.Annotations","class","AspMvcPartialViewLocationFormatAttribute","671284"
"PvZCards.Core.Annotations","class","AspMvcSupressViewErrorAttribute","671421"
"PvZCards.Core.Annotations","class","AspMvcTemplateAttribute","671451"
"PvZCards.Core.Annotations","class","AspMvcViewAttribute","671461"
"PvZCards.Core.Annotations","class","AspMvcViewLocationFormatAttribute","671294"
"PvZCards.Core.Annotations","class","BaseTypeRequiredAttribute","671023"
"PvZCards.Core.Annotations","class","CanBeNullAttribute","670862"
"PvZCards.Core.Annotations","class","CannotApplyEqualityOperatorAttribute","671012"
"PvZCards.Core.Annotations","class","ContractAnnotationAttribute","670945"
"PvZCards.Core.Annotations","class","HtmlAttributeValueAttribute","671510"
"PvZCards.Core.Annotations","class","HtmlElementAttributesAttribute","671481"
"PvZCards.Core.Annotations","enum","ImplicitUseKindFlags","671141"
"PvZCards.Core.Annotations","enum","ImplicitUseTargetFlags","671154"
"PvZCards.Core.Annotations","class","InstantHandleAttribute","671195"
"PvZCards.Core.Annotations","class","InvokerParameterNameAttribute","670907"
"PvZCards.Core.Annotations","class","LocalizationRequiredAttribute","670984"
"PvZCards.Core.Annotations","class","MeansImplicitUseAttribute","671094"
"PvZCards.Core.Annotations","class","NotifyPropertyChangedInvocatorAttribute","670917"
"PvZCards.Core.Annotations","class","NotNullAttribute","670872"
"PvZCards.Core.Annotations","class","PathReferenceAttribute","671215"
"PvZCards.Core.Annotations","class","PublicAPIAttribute","671166"
"PvZCards.Core.Annotations","class","PureAttribute","671205"
"PvZCards.Core.Annotations","class","RazorSectionAttribute","671536"
"PvZCards.Core.Annotations","class","StringFormatMethodAttribute","670882"
"PvZCards.Core.Annotations","class","UsedImplicitlyAttribute","671049"
"PvZCards.Core.Application","class","ConditionEvaluatorBinder","670524"
"PvZCards.Core.Application","class","DeserializationBinder","670572"
"PvZCards.Core.Application","class","EffectSystemBinder","670615"
"PvZCards.Core.Application","struct","ExternalBindings","670645"
"PvZCards.Core.Application","class","GameBinder","670653"
"PvZCards.Core.Application","class","InitializerBinder","670680"
"PvZCards.Core.Application","class","PerfCategories","670710"
"PvZCards.Core.Application","class","SerializationBinder","670719"
"PvZCards.Core.Application","struct","SystemBindingConfig","670604"
"PvZCards.Core.Application","class","TriggeredEffectSystemBinder","670751"
"PvZCards.Core.Application","class","TriggeredEffectSystemBinding","670772"
"PvZCards.Core.Application","struct","TurnStructureBinder","670807"
"PvZCards.Core.Data","class","AddCardToTopOfDeckConfig","670157"
"PvZCards.Core.Data","class","BoardConfig","670284"
"PvZCards.Core.Data","class","CombatTutorialConfig","670067"
"PvZCards.Core.Data","class","CreateLaneConfig","670080"
"PvZCards.Core.Data","class","CutsceneEventConfig","669888"
"PvZCards.Core.Data","class","DeckMeta","669671"
"PvZCards.Core.Data","enum","DesignStatus","670314"
"PvZCards.Core.Data","class","DragCardToLaneTutorialEventConfig","669828"
"PvZCards.Core.Data","class","DrawCardCalloutConfig","670189"
"PvZCards.Core.Data","class","EnableSurprisePhaseConfig","670095"
"PvZCards.Core.Data","class","ForceSuperpowerDrawConfig","670143"
"PvZCards.Core.Data","class","GameEventConfig","669783"
"PvZCards.Core.Data","class","GameEventDismissConfig","670010"
"PvZCards.Core.Data","enum","GameEventDismissType","669979"
"PvZCards.Core.Data","class","GameEventTriggerConfig","669993"
"PvZCards.Core.Data","enum","GameEventTriggerType","669963"
"PvZCards.Core.Data","class","GroupCost","670248"
"PvZCards.Core.Data","class","HeroConfig","670211"
"PvZCards.Core.Data","class","HeroIntroductionConfig","670112"
"PvZCards.Core.Data","class","HeroLevelData","670230"
"PvZCards.Core.Data","enum","HeroSelectionMode","670304"
"PvZCards.Core.Data","class","LaneEntry","670269"
"PvZCards.Core.Data","class","MessageEventConfig","670023"
"PvZCards.Core.Data","enum","MessageNarrator","669952"
"PvZCards.Core.Data","enum","MessageViewType","669940"
"PvZCards.Core.Data","class","MissingPvpRankDataException","670475"
"PvZCards.Core.Data","class","MoveCardToTopOfDeckConfig","670128"
"PvZCards.Core.Data","class","NodeConfig","670402"
"PvZCards.Core.Data","enum","NodeRepresentationType","670326"
"PvZCards.Core.Data","class","PhaseTime","670485"
"PvZCards.Core.Data","class","PlayerConfig","670340"
"PvZCards.Core.Data","class","PlayerInventoryDto","669685"
"PvZCards.Core.Data","class","PlayerInventoryDtoConverter","669709"
"PvZCards.Core.Data","class","PlayerInventoryDtoTranslator","669742"
"PvZCards.Core.Data","class","PointerEventConfig","669861"
"PvZCards.Core.Data","enum","PointerPositionType","669851"
"PvZCards.Core.Data","class","PostGameConfig","670372"
"PvZCards.Core.Data","class","PreGameConfig","670357"
"PvZCards.Core.Data","class","ProgressionConfig","669764"
"PvZCards.Core.Data","class","PvpRankConfig","670448"
"PvZCards.Core.Data","class","PvpTierConfig","670432"
"PvZCards.Core.Data","class","RepresentationConfig","670387"
"PvZCards.Core.Data","interface","RevSDKInfoProvider","775683"
"PvZCards.Core.Data","class","ScrimConfig","670050"
"PvZCards.Core.Data","class","ScriptedPlayEventConfig","669799"
"PvZCards.Core.Data","class","ScriptedTurnEventConfig","669813"
"PvZCards.Core.Data","class","SuggestedActionTelemetryConfig","670170"
"PvZCards.Core.Data","class","SuperblockEventConfig","669909"
"PvZCards.Core.Data","class","TelemetryConfig","669923"
"PvZCards.Core.Data","class","TurnTimerConfig","670503"
"PvZCards.Core.DeckEditor","class","DeckEditorDeckValidator","669607"
"PvZCards.Core.DeckEditor","class","DeckEditorUtils","669650"
"PvZCards.Core.Serialization","class","DefaultDeserializer","668709"
"PvZCards.Core.Serialization","class","DefaultSerializer","668785"
"PvZCards.Core.Serialization","interface","Deserializer","668841"
"PvZCards.Core.Serialization","class","JsonWrapper","668850"
"PvZCards.Core.Serialization","class","MappedDeserializer","668868"
"PvZCards.Core.Serialization","class","ReferenceTypeDeserializer","668898"
"PvZCards.Core.Serialization","class","ReferenceTypeSerializer","669044"
"PvZCards.Core.Serialization","class","ReflectionUtils","668773"
"PvZCards.Core.Serialization","class","SerializationException","668947"
"PvZCards.Core.Serialization","class","SerializedListGetter","668956"
"PvZCards.Core.Serialization","class","SerializedObjectCreator","669013"
"PvZCards.Core.Serialization","class","SerializedTypeGetter","668986"
"PvZCards.Core.Serialization","interface","Serializer","669004"
"PvZCards.Core.Serialization","class","TypeNotFoundException","669074"
"PvZCards.Core.Serialization.Components","class","EffectEntitiesDescriptorDeserializer","669377"
"PvZCards.Core.Serialization.Components","class","EffectEntitiesDescriptorSerializer","669423"
"PvZCards.Core.Serialization.Components","class","EffectValueDescriptorDeserializer","669239"
"PvZCards.Core.Serialization.Components","class","EffectValueDescriptorSerializer","669260"
"PvZCards.Core.Serialization.Components","class","ShowTriggeredIconDeserializer","669278"
"PvZCards.Core.Serialization.Components","class","ShowTriggeredIconSerializer","669293"
"PvZCards.Core.Serialization.Components","class","SubtypesDeserializer","669311"
"PvZCards.Core.Serialization.Components","class","SubtypesSerializer","669326"
"PvZCards.Core.Serialization.Components","class","TagsDeserializer","669344"
"PvZCards.Core.Serialization.Components","class","TagsSerializer","669359"
"PvZCards.Core.Serialization.Components.Data","class","EntityAssociationSerializer","669455"
"PvZCards.Core.Serialization.Components.Data","class","GrantedTriggeredAbilitiesSerializer","669473"
"PvZCards.Core.Serialization.Components.Data","class","ModifiableCounterGroupDeserializer","669517"
"PvZCards.Core.Serialization.Components.Data","class","ModifiableCounterGroupSerializer","669538"
"PvZCards.Core.Serialization.Components.Data","class","ModifiableIntDeserializer","669563"
"PvZCards.Core.Serialization.Components.Data","class","ModifiableIntSerializer","669578"
"PvZCards.Core.Serialization.Engine","class","EntityDeserializer","669155"
"PvZCards.Core.Serialization.Engine","class","EntitySerializer","669195"
"PvZCards.Core.Serialization.Queries","class","CompositeQueryDeserializer","669083"
"PvZCards.Core.Serialization.Queries","class","EntityQuerySerializer","669114"
"PvZCards.Core.Services","interface","ConcedeService","667493"
"PvZCards.Core.Services","interface","DeckDataService","667913"
"PvZCards.Core.Services","class","DynamicDifficultyConfig","667516"
"PvZCards.Core.Services","class","DynamicDifficultyConfigMap","667497"
"PvZCards.Core.Services","interface","DynamicDifficultyDataService","667533"
"PvZCards.Core.Services","interface","DynamicDifficultyService","667542"
"PvZCards.Core.Services","interface","EndMulliganService","667996"
"PvZCards.Core.Services","interface","EndSuperblockService","667922"
"PvZCards.Core.Services","interface","EndTurnService","668355"
"PvZCards.Core.Services","class","FailingService","667606"
"PvZCards.Core.Services","interface","ForceEndTurnService","667618"
"PvZCards.Core.Services","class","GameInitializerService","668395"
"PvZCards.Core.Services","class","GameStarter","668637"
"PvZCards.Core.Services","interface","HeroDataService","667926"
"PvZCards.Core.Services","interface","HorribleFailureService","667622"
"PvZCards.Core.Services","class","LocalConcedeService","667638"
"PvZCards.Core.Services","class","LocalEndMulliganService","668000"
"PvZCards.Core.Services","class","LocalEndSuperblockService","667938"
"PvZCards.Core.Services","class","LocalEndTurnService","668484"
"PvZCards.Core.Services","class","LocalForceEndTurnService","667711"
"PvZCards.Core.Services","class","LocalGameInitializerService","668265"
"PvZCards.Core.Services","class","LocalHorribleFailureServie","667626"
"PvZCards.Core.Services","class","LocalMulliganService","668095"
"PvZCards.Core.Services","class","LocalPlayCardService","668527"
"PvZCards.Core.Services","class","LocalPlaySuperblockCardService","668168"
"PvZCards.Core.Services","class","LocalSelectTargetService","668411"
"PvZCards.Core.Services","class","LocalStartGameService","668609"
"PvZCards.Core.Services","interface","MulliganService","668091"
"PvZCards.Core.Services","interface","NodeDataService","668256"
"PvZCards.Core.Services","class","NullDynamicDifficultyService","667594"
"PvZCards.Core.Services","interface","PlayCardService","668689"
"PvZCards.Core.Services","interface","PlayerBehaviorRunner","668693"
"PvZCards.Core.Services","interface","PlaySuperblockCardService","668338"
"PvZCards.Core.Services","interface","ProgressionDataService","668342"
"PvZCards.Core.Services","class","PveDynamicDifficultyService","667551"
"PvZCards.Core.Services","class","SelectRandomTargetService","667840"
"PvZCards.Core.Services","interface","SelectTargetService","668351"
"PvZCards.Core.Services","interface","StartGameService","668705"
"PvZCards.Core.Systems","class","AdditionalTargetValidator","655454"
"PvZCards.Core.Systems","class","AfterlifeSystem","653652"
"PvZCards.Core.Systems","class","ArmorSystem","653707"
"PvZCards.Core.Systems","class","AttackBuffRemover","653845"
"PvZCards.Core.Systems","class","AttackInLaneSystem","658557"
"PvZCards.Core.Systems","class","BlockingStateRemovalSystem","653762"
"PvZCards.Core.Systems","class","BuffRemover","653793"
"PvZCards.Core.Systems","class","BuffSystem","660259"
"PvZCards.Core.Systems","class","CardDeathSystem","660441"
"PvZCards.Core.Systems","class","ChargeBlockMeterSystem","654499"
"PvZCards.Core.Systems","class","CheckFrenzySystem","657224"
"PvZCards.Core.Systems","struct","Comparison","662200"
"PvZCards.Core.Systems","class","ConcedeSystem","654557"
"PvZCards.Core.Systems","class","ContinuousEffectGroupCompleteSystem","653953"
"PvZCards.Core.Systems","class","ContinuousEffectQueuingSystem","654588"
"PvZCards.Core.Systems","class","ContinuousEffectSystem","658636"
"PvZCards.Core.Systems","class","CopyStatsSystem","653984"
"PvZCards.Core.Systems","class","CreateCardInDeckSystem","654652"
"PvZCards.Core.Systems","class","CreateCardSystem","658770"
"PvZCards.Core.Systems","class","CreateLaneSystem","658846"
"PvZCards.Core.Systems","class","CreationSourceAssigner","656935"
"PvZCards.Core.Systems","class","DamageCanceller","658130"
"PvZCards.Core.Systems","class","DamageEffectRedirectorSystem","654713"
"PvZCards.Core.Systems","class","DamageEffectValueValidationSystem","657209"
"PvZCards.Core.Systems","class","DamageImmunitySystem","658147"
"PvZCards.Core.Systems","class","DamageSystem","660365"
"PvZCards.Core.Systems","class","DeadlyDamageDeathSystem","658315"
"PvZCards.Core.Systems","class","DeadlyDamageSystem","658239"
"PvZCards.Core.Systems","class","DeductSunCostOnPlaySystem","660624"
"PvZCards.Core.Systems","class","DestroyCardSystem","660697"
"PvZCards.Core.Systems","class","DieOnDrawSystem","655066"
"PvZCards.Core.Systems","class","DiscardFromDeckSystem","660749"
"PvZCards.Core.Systems","class","DiscardFromPlaySystem","660822"
"PvZCards.Core.Systems","class","DiscardQueuingSystem","654896"
"PvZCards.Core.Systems","class","DiscardSuperpowerCardSystem","658931"
"PvZCards.Core.Systems","class","DrawCardAbilitySystem","658992"
"PvZCards.Core.Systems","class","DrawCardFromSubsetSystem","654972"
"PvZCards.Core.Systems","class","DrawCardFromSuperpowerPoolSystem","659068"
"PvZCards.Core.Systems","class","DrawCardsEachTurnSystem","660956"
"PvZCards.Core.Systems","class","DrawCardSystem","661027"
"PvZCards.Core.Systems","class","DrawHandSystem","661115"
"PvZCards.Core.Systems","class","DrawInitialSuperpowerSystem","658350"
"PvZCards.Core.Systems","class","DummyDrawCardSystem","655127"
"PvZCards.Core.Systems","class","EffectByTargetSorter","662298"
"PvZCards.Core.Systems","class","EffectEntityByIdSorter","662252"
"PvZCards.Core.Systems","class","EffectEntityDamageMultiplierSystem","657429"
"PvZCards.Core.Systems","class","EffectEntityTriggeredSystem","655197"
"PvZCards.Core.Systems","class","EffectEntityValidator","655326"
"PvZCards.Core.Systems","class","EffectSourceValiator","655298"
"PvZCards.Core.Systems","class","EffectSystemFactory","660579"
"PvZCards.Core.Systems","class","EffectTargetValidator","655411"
"PvZCards.Core.Systems","class","EffectValidationSystem","655246"
"PvZCards.Core.Systems","class","EffectValueValidationSystem","657194"
"PvZCards.Core.Systems","class","EndMulliganSystem","658415"
"PvZCards.Core.Systems","class","EndMulliganTimerSystem","655485"
"PvZCards.Core.Systems","class","EndOfTurnAbilityRemovalSystem","658495"
"PvZCards.Core.Systems","class","EndOfTurnBlockForAiSystem","659120"
"PvZCards.Core.Systems","class","EndOfTurnBuffRemovalSystem","661308"
"PvZCards.Core.Systems","class","ExtraAttackRecorderSystem","655534"
"PvZCards.Core.Systems","class","ExtraAttackSystem","661192"
"PvZCards.Core.Systems","class","FloorDeltaCalculator","660247"
"PvZCards.Core.Systems","class","FrenzySystem","655565"
"PvZCards.Core.Systems","class","GainSunSystem","659178"
"PvZCards.Core.Systems","class","GrantAbilitySystem","658196"
"PvZCards.Core.Systems","class","GrantableAbilityRemover","657497"
"PvZCards.Core.Systems","class","GrantMinHealthSourceSystem","657101"
"PvZCards.Core.Systems","class","GrantTriggeredAbilitySystem","655608"
"PvZCards.Core.Systems","class","GravestoneMaker","657867"
"PvZCards.Core.Systems","class","GravestoneShuffler","657003"
"PvZCards.Core.Systems","class","HealSystem","661262"
"PvZCards.Core.Systems","class","HealthBuffRemover","653876"
"PvZCards.Core.Systems","class","HeraldSystem","655711"
"PvZCards.Core.Systems","class","HeroBlockingSystem","659254"
"PvZCards.Core.Systems","class","HeroWillDieSystem","655796"
"PvZCards.Core.Systems","class","KeepSuperblockCardSystem","659414"
"PvZCards.Core.Systems","class","LaneCombatPhaseSystem","661372"
"PvZCards.Core.Systems","class","LaneCombatSystem","661460"
"PvZCards.Core.Systems","class","LanePlacementDataFactory","658834"
"PvZCards.Core.Systems","struct","ListSorter","655827"
"PvZCards.Core.Systems","class","LocationSorter","662209"
"PvZCards.Core.Systems","class","LoseByDeckSystem","655864"
"PvZCards.Core.Systems","class","LoseByHealthSystem","662721"
"PvZCards.Core.Systems","class","MarkInitialDrawSystem","658464"
"PvZCards.Core.Systems","class","MessageSystem","659463"
"PvZCards.Core.Systems","class","MinHealthSystem","657934"
"PvZCards.Core.Systems","class","MixedUpGravediggerSystem","654054"
"PvZCards.Core.Systems","class","ModifySunCostSystem","657316"
"PvZCards.Core.Systems","class","MoveCardToLanesSystem","660098"
"PvZCards.Core.Systems","class","MoveCardToTopOfDeckSystem","659509"
"PvZCards.Core.Systems","class","MoveToDiscardPileSystem","655900"
"PvZCards.Core.Systems","class","MulliganPhaseSystem","659590"
"PvZCards.Core.Systems","class","MulliganSystem","659685"
"PvZCards.Core.Systems","class","MultiplierSystem","657389"
"PvZCards.Core.Systems","class","NextFighterAbilityRemovalSystem","655949"
"PvZCards.Core.Systems","class","NoExtraAttackSystem","656026"
"PvZCards.Core.Systems","class","OriginalTargetCardGuidTaggingSystem","654119"
"PvZCards.Core.Systems","class","PlayEnvironmentToLaneSystem","656075"
"PvZCards.Core.Systems","class","PlayerByDeckComparer","655852"
"PvZCards.Core.Systems","class","PlayerByHealthComparer","662709"
"PvZCards.Core.Systems","class","PlayFighterOnFighterSystem","654153"
"PvZCards.Core.Systems","class","PlayFighterToLanesSystem","661545"
"PvZCards.Core.Systems","class","PlayOneTimeEffectSystem","661645"
"PvZCards.Core.Systems","class","PlaySuperblockCardSystem","659761"
"PvZCards.Core.Systems","class","PrepopulateCardPoolSystem","656151"
"PvZCards.Core.Systems","class","RedirectAbilityEndSystem","656203"
"PvZCards.Core.Systems","class","RedirectAbilityStartSystem","656503"
"PvZCards.Core.Systems","class","RedirectedDamageEffectSystem","656546"
"PvZCards.Core.Systems","class","RemoveBuffSystem","660192"
"PvZCards.Core.Systems","class","RemoveDisplacedFighterSystem","654283"
"PvZCards.Core.Systems","class","RemoveExtraCardsInDeckSystem","656234"
"PvZCards.Core.Systems","class","RemoveGrantAbilitySystem","657528"
"PvZCards.Core.Systems","class","RemoveMinHealthSourceSystem","657132"
"PvZCards.Core.Systems","class","RemoveModifySunCostSystem","657574"
"PvZCards.Core.Systems","class","RemoveTriggeredAbilitySystem","656299"
"PvZCards.Core.Systems","class","ResetLaneCombatHistorySystem","656589"
"PvZCards.Core.Systems","class","ResetSunCostOnPlaySystem","654348"
"PvZCards.Core.Systems","class","ReturnCardToPlayersDeckSystem","661757"
"PvZCards.Core.Systems","class","ReturnToHandFromPlaySystem","659804"
"PvZCards.Core.Systems","class","RevealPhaseSystem","661872"
"PvZCards.Core.Systems","class","RevealSystem","661963"
"PvZCards.Core.Systems","class","SelectTargetSystem","660488"
"PvZCards.Core.Systems","class","SetStatSystem","656384"
"PvZCards.Core.Systems","class","ShuffleCardPoolSystem","662067"
"PvZCards.Core.Systems","class","ShuffleDecksAtStartOfGameSystem","662009"
"PvZCards.Core.Systems","class","ShuffleGravestonesSystem","656972"
"PvZCards.Core.Systems","class","ShuffleSuperpowerPoolsAtStartOfGameSystem","659907"
"PvZCards.Core.Systems","class","SlowSystem","659965"
"PvZCards.Core.Systems","class","SourceDamageMultiplierSystem","657463"
"PvZCards.Core.Systems","class","StartGameSystem","660017"
"PvZCards.Core.Systems","class","StartMulliganTimerSystem","656454"
"PvZCards.Core.Systems","class","StateCheckSystem","656647"
"PvZCards.Core.Systems","class","SunCostBuffRemover","653907"
"PvZCards.Core.Systems","class","SunCountBuffRemover","653938"
"PvZCards.Core.Systems","class","SunCountSystem","662098"
"PvZCards.Core.Systems","class","SuperBlockEffectQueuingSystem","656678"
"PvZCards.Core.Systems","class","TransformIntoCardFromSubsetSystem","656733"
"PvZCards.Core.Systems","class","TrickDamageImmunitySystem","654391"
"PvZCards.Core.Systems","class","TriggeredAbilityEndSystem","657617"
"PvZCards.Core.Systems","class","TriggeredAbilityStartSystem","660048"
"PvZCards.Core.Systems","class","TriggeredEffectHistorySystem","657163"
"PvZCards.Core.Systems","class","TriggeredEffectQueuingSystem","662338"
"PvZCards.Core.Systems","class","TriggeredEffectResolverSystem","657666"
"PvZCards.Core.Systems","class","TriggerSystem","662447"
"PvZCards.Core.Systems","interface","TriggerSystem","662435"
"PvZCards.Core.Systems","class","TurnCountSystem","662570"
"PvZCards.Core.Systems","class","TurnInterruptTimerSystem","657769"
"PvZCards.Core.Systems","class","TurnIntoGravestoneSystem","657836"
"PvZCards.Core.Systems","class","TurnSystem","662616"
"PvZCards.Core.Systems","class","TurnTimerSystem","658017"
"PvZCards.Core.Systems","class","UnhealableSystem","654450"
"PvZCards.Core.Systems","class","UnslowSystem","658084"
"PvZCards.Core.Systems","class","ValidatedEffectBlackList","655231"
"PvZCards.Core.Systems.Utilities","class","ActiveTargetRemover","662878"
"PvZCards.Core.Systems.Utilities","class","AttackCalculator","666274"
"PvZCards.Core.Systems.Utilities","struct","AttackData","664177"
"PvZCards.Core.Systems.Utilities","class","AttackInAdjacentLanesEffectBuilder","663990"
"PvZCards.Core.Systems.Utilities","class","AttackInAllLanesEffectBuilder","664032"
"PvZCards.Core.Systems.Utilities","class","AttackResetter","666289"
"PvZCards.Core.Systems.Utilities","class","AttackValueProvider","664275"
"PvZCards.Core.Systems.Utilities","class","BlockRecorder","662937"
"PvZCards.Core.Systems.Utilities","class","BuffRecalculator","662961"
"PvZCards.Core.Systems.Utilities","struct","CardCreationData","663080"
"PvZCards.Core.Systems.Utilities","class","CardCreationDataFactory","663090"
"PvZCards.Core.Systems.Utilities","struct","CardDataCriteria","662973"
"PvZCards.Core.Systems.Utilities","class","CardFromSubsetFinder","663001"
"PvZCards.Core.Systems.Utilities","class","CardInPlayDiscarder","666320"
"PvZCards.Core.Systems.Utilities","class","CardPoolModifier","665551"
"PvZCards.Core.Systems.Utilities","interface","CardPoolModifier","665530"
"PvZCards.Core.Systems.Utilities","class","CardResetter","665010"
"PvZCards.Core.Systems.Utilities","class","ChooseTargetEffectCreator","666195"
"PvZCards.Core.Systems.Utilities","class","CombatEffectCreator","666432"
"PvZCards.Core.Systems.Utilities","class","ComponentHealthCalculator","666920"
"PvZCards.Core.Systems.Utilities","class","CompositeTurnEffectsFactory","666508"
"PvZCards.Core.Systems.Utilities","interface","ConditionEvaluator","665306"
"PvZCards.Core.Systems.Utilities","class","ContextEntityConditionEvaluator","665161"
"PvZCards.Core.Systems.Utilities","interface","ContextEntityProvider","666543"
"PvZCards.Core.Systems.Utilities","class","ContinuousEffectApplier","663690"
"PvZCards.Core.Systems.Utilities","class","ContinuousEffectRemover","663775"
"PvZCards.Core.Systems.Utilities","class","CreateCardValidator","663836"
"PvZCards.Core.Systems.Utilities","class","CreatedCardAbilityGranter","663136"
"PvZCards.Core.Systems.Utilities","class","CreatedCardPlacer","663170"
"PvZCards.Core.Systems.Utilities","struct","DamageData","664196"
"PvZCards.Core.Systems.Utilities","class","DamageListBuilder","663925"
"PvZCards.Core.Systems.Utilities","class","DamageRecorder","663339"
"PvZCards.Core.Systems.Utilities","class","DamageUtility","663351"
"PvZCards.Core.Systems.Utilities","class","DeckModifier","665670"
"PvZCards.Core.Systems.Utilities","class","DeckRetriever","666565"
"PvZCards.Core.Systems.Utilities","class","DefaultOwnerAssigner","663876"
"PvZCards.Core.Systems.Utilities","class","DiscardPileModifier","666593"
"PvZCards.Core.Systems.Utilities","class","DiscardPileRetriever","666624"
"PvZCards.Core.Systems.Utilities","class","EffectCreator","665800"
"PvZCards.Core.Systems.Utilities","class","EffectDescriptorConverter","666164"
"PvZCards.Core.Systems.Utilities","class","EffectEntityConverter","666112"
"PvZCards.Core.Systems.Utilities","interface","EffectEntityFinder","666652"
"PvZCards.Core.Systems.Utilities","class","EffectEntityProvider","663360"
"PvZCards.Core.Systems.Utilities","class","EffectEntitySourceProvider","663372"
"PvZCards.Core.Systems.Utilities","class","EffectValueConditionEvaluator","663387"
"PvZCards.Core.Systems.Utilities","class","EffectValueCopier","663907"
"PvZCards.Core.Systems.Utilities","class","EntityDestroyer","665315"
"PvZCards.Core.Systems.Utilities","class","EntityStateFactory","664660"
"PvZCards.Core.Systems.Utilities","class","EnvironmentPlacer","663399"
"PvZCards.Core.Systems.Utilities","class","FaceDownUtils","662757"
"PvZCards.Core.Systems.Utilities","class","FighterDamageEffectCreator","664047"
"PvZCards.Core.Systems.Utilities","class","FixedSunCountIncrementor","666871"
"PvZCards.Core.Systems.Utilities","class","ForcedSuperblockFinder","663423"
"PvZCards.Core.Systems.Utilities","class","GenericEffectEntityFinder","666704"
"PvZCards.Core.Systems.Utilities","class","GrantableAbilityResetter","665176"
"PvZCards.Core.Systems.Utilities","class","GrantableTriggeredAbilityResetter","663440"
"PvZCards.Core.Systems.Utilities","class","HandModifier","666886"
"PvZCards.Core.Systems.Utilities","class","HealthResetter","666938"
"PvZCards.Core.Systems.Utilities","class","HeroBlockMeterModifier","664309"
"PvZCards.Core.Systems.Utilities","class","HeroBlockValidator","665361"
"PvZCards.Core.Systems.Utilities","class","InvalidCardGuidException","663653"
"PvZCards.Core.Systems.Utilities","class","KillerRecorder","664346"
"PvZCards.Core.Systems.Utilities","class","LaneByCombatOrderComparer","666969"
"PvZCards.Core.Systems.Utilities","struct","LaneCombatData","664206"
"PvZCards.Core.Systems.Utilities","class","LaneContainsConditionEvaluator","664383"
"PvZCards.Core.Systems.Utilities","class","LaneModifier","667044"
"PvZCards.Core.Systems.Utilities","class","LocationFinder","663507"
"PvZCards.Core.Systems.Utilities","class","LossProccessor","663522"
"PvZCards.Core.Systems.Utilities","class","MappedConditionEvaluator","665392"
"PvZCards.Core.Systems.Utilities","class","MarkerComponentResetter","664422"
"PvZCards.Core.Systems.Utilities","class","ModifiableCounterGroupCalculator","663589"
"PvZCards.Core.Systems.Utilities","class","MultiplierCalculator","664444"
"PvZCards.Core.Systems.Utilities","enum","MultiplierContext","664434"
"PvZCards.Core.Systems.Utilities","class","NamedAbilityProvider","662787"
"PvZCards.Core.Systems.Utilities","class","NullContextEntityProvider","666553"
"PvZCards.Core.Systems.Utilities","class","OncePerGameConditionEvaluator","664593"
"PvZCards.Core.Systems.Utilities","class","OncePerTurnConditionEvaluator","664605"
"PvZCards.Core.Systems.Utilities","class","OneTimeEffectZoneModifier","667087"
"PvZCards.Core.Systems.Utilities","class","PlayableLocationEntityFinder","666981"
"PvZCards.Core.Systems.Utilities","class","PlayerEntityFinder","667121"
"PvZCards.Core.Systems.Utilities","class","PlayerInfoConditionEvaluator","664617"
"PvZCards.Core.Systems.Utilities","class","PlayerPhaseEffectsFactory","667200"
"PvZCards.Core.Systems.Utilities","class","PlayerSorter","665204"
"PvZCards.Core.Systems.Utilities","class","PooledCardRetriever","663601"
"PvZCards.Core.Systems.Utilities","class","PrimaryTargetEffectCreator","665858"
"PvZCards.Core.Systems.Utilities","class","QueryEntityConditionEvaluator","663662"
"PvZCards.Core.Systems.Utilities","class","RandomSunCountIncrementor","667356"
"PvZCards.Core.Systems.Utilities","class","ScriptedPlayFinder","665418"
"PvZCards.Core.Systems.Utilities","class","SecondaryTargetContextSetter","666262"
"PvZCards.Core.Systems.Utilities","class","SecondaryTargetEffectCreator","665982"
"PvZCards.Core.Systems.Utilities","struct","SecondaryTargetingData","665790"
"PvZCards.Core.Systems.Utilities","class","SelfEntityProvider","665247"
"PvZCards.Core.Systems.Utilities","class","SelfLaneContainsConditionEvaluator","664398"
"PvZCards.Core.Systems.Utilities","class","SourceEntityProvider","667414"
"PvZCards.Core.Systems.Utilities","class","SpecialAbilityChecker","664724"
"PvZCards.Core.Systems.Utilities","class","SplashDamageEffectBuilder","664014"
"PvZCards.Core.Systems.Utilities","class","StatCalculator","664736"
"PvZCards.Core.Systems.Utilities","class","StatUtils","662802"
"PvZCards.Core.Systems.Utilities","class","SunCostCalculator","664809"
"PvZCards.Core.Systems.Utilities","class","SunCostResetter","664824"
"PvZCards.Core.Systems.Utilities","class","SunCountCalculator","665518"
"PvZCards.Core.Systems.Utilities","interface","SunCountIncrementor","667426"
"PvZCards.Core.Systems.Utilities","class","SuperpowerPoolModifier","665661"
"PvZCards.Core.Systems.Utilities","class","TargetableFighterChecker","664225"
"PvZCards.Core.Systems.Utilities","class","TargetEntityFinder","665679"
"PvZCards.Core.Systems.Utilities","class","TargetEntityProvider","667435"
"PvZCards.Core.Systems.Utilities","class","TargetLaneContainsConditionEvaluator","664410"
"PvZCards.Core.Systems.Utilities","class","TriggeredEffectAdditionalTargetFinder","664855"
"PvZCards.Core.Systems.Utilities","class","TriggeredEffectGrouper","664898"
"PvZCards.Core.Systems.Utilities","class","TriggeredEffectTargetChooser","665275"
"PvZCards.Core.Systems.Utilities","class","TriggeredEffectTargetScoper","664944"
"PvZCards.Core.Systems.Utilities","class","TriggerValidator","666661"
"PvZCards.Core.Systems.Utilities","interface","TurnEffectsFactory","667447"
"PvZCards.Core.Systems.Utilities","class","TypedTurnEffectsFactory","667456"
"PvZCards.Core.Utilities","class","AddCardToTopOfDeckInitializer","648522"
"PvZCards.Core.Utilities","class","AiPlayerSelectionData","652205"
"PvZCards.Core.Utilities","class","AquaticValidator","650322"
"PvZCards.Core.Utilities","interface","AsyncStringGetter","650044"
"PvZCards.Core.Utilities","struct","BlockingPhaseState","651444"
"PvZCards.Core.Utilities","enum","BlockingPhaseType","651430"
"PvZCards.Core.Utilities","class","BoardAbilityInitializer","648565"
"PvZCards.Core.Utilities","class","BoardInitializer","650465"
"PvZCards.Core.Utilities","class","CanPlayFighterInSurprisePhaseValidator","648596"
"PvZCards.Core.Utilities","class","CardCopier","648639"
"PvZCards.Core.Utilities","class","CardData","648666"
"PvZCards.Core.Utilities","class","CardDatabase","648807"
"PvZCards.Core.Utilities","class","CardDataLoaderAndMapper","650508"
"PvZCards.Core.Utilities","class","CardDataMapper","648882"
"PvZCards.Core.Utilities","interface","CardDataProvider","648855"
"PvZCards.Core.Utilities","interface","CardDataSetter","648873"
"PvZCards.Core.Utilities","class","CardEntityFactory","650529"
"PvZCards.Core.Utilities","interface","CardEntityStringFormatter","648909"
"PvZCards.Core.Utilities","class","CardGuidFinder","650638"
"PvZCards.Core.Utilities","class","CardGuidRecognizer","648934"
"PvZCards.Core.Utilities","class","CardPhaseBlackListValidator","650756"
"PvZCards.Core.Utilities","class","CardPhaseWhiteListValidator","650678"
"PvZCards.Core.Utilities","struct","CardPoolInitializationData","649038"
"PvZCards.Core.Utilities","class","CardPoolInitializer","649048"
"PvZCards.Core.Utilities","class","CardsInLaneInitializer","650834"
"PvZCards.Core.Utilities","class","CardTypeUtils","652618"
"PvZCards.Core.Utilities","class","Clock","653486"
"PvZCards.Core.Utilities","class","CompositeValidator","652532"
"PvZCards.Core.Utilities","class","ConcedeValidator","648952"
"PvZCards.Core.Utilities","class","CountingImmediateAsyncStringGetter","650069"
"PvZCards.Core.Utilities","class","CreateLaneInitializer","650928"
"PvZCards.Core.Utilities","class","CreationSourceFinder","648983"
"PvZCards.Core.Utilities","class","DeckData","652214"
"PvZCards.Core.Utilities","class","DeckDataFinder","648998"
"PvZCards.Core.Utilities","class","DeckFactory","652566"
"PvZCards.Core.Utilities","class","DeckInitializer","649070"
"PvZCards.Core.Utilities","class","DeckUtils","652597"
"PvZCards.Core.Utilities","class","DefaultEloCalculator","649301"
"PvZCards.Core.Utilities","class","DefaultEntityStringFormatter","649104"
"PvZCards.Core.Utilities","class","DiscardPileCleaner","649169"
"PvZCards.Core.Utilities","class","DiscardPileUtils","652606"
"PvZCards.Core.Utilities","class","DrawSuperpowerHelper","650365"
"PvZCards.Core.Utilities","class","DummyCardFactory","650962"
"PvZCards.Core.Utilities","interface","EffectComparer","649228"
"PvZCards.Core.Utilities","class","EffectDataComparer","649238"
"PvZCards.Core.Utilities","class","EffectEntityUtils","651005"
"PvZCards.Core.Utilities","interface","EloCalculator","649292"
"PvZCards.Core.Utilities","class","EntityCountComparer","649326"
"PvZCards.Core.Utilities","class","EntityUtils","651096"
"PvZCards.Core.Utilities","class","EnvironmentValidator","649344"
"PvZCards.Core.Utilities","class","FailReasonFinder","651208"
"PvZCards.Core.Utilities","class","FailReasonModel","651273"
"PvZCards.Core.Utilities","class","FighterOnFighterValidator","649393"
"PvZCards.Core.Utilities","class","FighterValidator","652698"
"PvZCards.Core.Utilities","interface","FindFailure","651236"
"PvZCards.Core.Utilities","class","ForcedSuperblockInitializer","651245"
"PvZCards.Core.Utilities","class","ForceSuperpowerDrawInitializer","649428"
"PvZCards.Core.Utilities","struct","GameError","649695"
"PvZCards.Core.Utilities","enum","GameErrorCode","649679"
"PvZCards.Core.Utilities","class","GameEventInitializer","651288"
"PvZCards.Core.Utilities","class","GameFacade","649471"
"PvZCards.Core.Utilities","interface","GameFacadeDecider","649649"
"PvZCards.Core.Utilities","class","GameInitializationData","651418"
"PvZCards.Core.Utilities","class","GameModel","649710"
"PvZCards.Core.Utilities","enum","GameOverState","649669"
"PvZCards.Core.Utilities","enum","GameState","649658"
"PvZCards.Core.Utilities","class","GameStateCopier","649775"
"PvZCards.Core.Utilities","class","GameStateData","649862"
"PvZCards.Core.Utilities","class","GameStateDataFactory","649880"
"PvZCards.Core.Utilities","class","GameStateUtils","651457"
"PvZCards.Core.Utilities","class","GrantableAbilityTypeUtils","650023"
"PvZCards.Core.Utilities","class","GrantableTriggeredAbilityCreator","649950"
"PvZCards.Core.Utilities","class","GrantableTriggeredAbilityValueSetter","650127"
"PvZCards.Core.Utilities","class","GrantedAbilityEffectComparer","649258"
"PvZCards.Core.Utilities","class","GuidOnlyCardEntityStringFormatter","648918"
"PvZCards.Core.Utilities","class","HandUtils","652778"
"PvZCards.Core.Utilities","interface","IFileReader","650499"
"PvZCards.Core.Utilities","class","ImmediateAsyncStringGetter","650053"
"PvZCards.Core.Utilities","class","InHandValidator","651653"
"PvZCards.Core.Utilities","interface","Invalidatable","650161"
"PvZCards.Core.Utilities","class","InvalidPlayerIdException","649766"
"PvZCards.Core.Utilities","interface","IPlayerInitializer","652035"
"PvZCards.Core.Utilities","class","LaneCombatantData","651684"
"PvZCards.Core.Utilities","class","LaneCombatResult","651701"
"PvZCards.Core.Utilities","class","LaneCombatUtils","651720"
"PvZCards.Core.Utilities","class","LaneUtils","652790"
"PvZCards.Core.Utilities","class","LimboUtility","650170"
"PvZCards.Core.Utilities","class","LocalServiceBinder","650185"
"PvZCards.Core.Utilities","class","ManualCountingAsyncStringGetter","650096"
"PvZCards.Core.Utilities","enum","MatchResult","649273"
"PvZCards.Core.Utilities","enum","MatchResultReason","649283"
"PvZCards.Core.Utilities","class","MissingAssetIdException","650669"
"PvZCards.Core.Utilities","class","MoveCardToTopOfDeckInitializer","651838"
"PvZCards.Core.Utilities","class","MtRandom","650197"
"PvZCards.Core.Utilities","class","MulliganCardFinder","650259"
"PvZCards.Core.Utilities","class","MulliganValidator","650294"
"PvZCards.Core.Utilities","class","NullValidator","652551"
"PvZCards.Core.Utilities","class","OneTimeEffectValidator","652817"
"PvZCards.Core.Utilities","class","OpenLaneValidator","652890"
"PvZCards.Core.Utilities","class","OrderedCardPoolSorter","653036"
"PvZCards.Core.Utilities","class","OrderedCardPoolUtils","652939"
"PvZCards.Core.Utilities","class","PlayBuilder","651881"
"PvZCards.Core.Utilities","class","PlayCardHelper","651915"
"PvZCards.Core.Utilities","class","PlayerBuilder","653051"
"PvZCards.Core.Utilities","class","PlayerComparer","652000"
"PvZCards.Core.Utilities","interface","PlayerDataService","653122"
"PvZCards.Core.Utilities","class","PlayerFactory","653131"
"PvZCards.Core.Utilities","class","PlayerInitializationData","651400"
"PvZCards.Core.Utilities","class","PlayerInitializationDataFactory","653159"
"PvZCards.Core.Utilities","class","PlayerInitializer","653244"
"PvZCards.Core.Utilities","class","PlayerInitializerImpl","652018"
"PvZCards.Core.Utilities","class","PlayerSelectionDataParsingException","652184"
"PvZCards.Core.Utilities","class","PlayerSelectionDataSerializer","652096"
"PvZCards.Core.Utilities","class","PlayerTurnValidator","652491"
"PvZCards.Core.Utilities","class","PlayerUtils","653308"
"PvZCards.Core.Utilities","class","PlayTypeUtils","652193"
"PvZCards.Core.Utilities","class","ScriptedPlayInitializer","653372"
"PvZCards.Core.Utilities","class","ServiceFactory","652231"
"PvZCards.Core.Utilities","class","ServiceSubscription","652391"
"PvZCards.Core.Utilities","class","StateCheckEffectAdder","652417"
"PvZCards.Core.Utilities","class","SunValidator","653409"
"PvZCards.Core.Utilities","class","SuperblockCardValidator","652460"
"PvZCards.Core.Utilities","class","SuperpowerInitializer","649087"
"PvZCards.Core.Utilities","class","SuperpowerPoolUtils","653476"
"PvZCards.Core.Utilities","class","TurnCountComparer","653498"
"PvZCards.Core.Utilities","class","TurnCountGetter","653515"
"PvZCards.Core.Utilities","struct","TurnPhase","653364"
"PvZCards.Core.Utilities","class","TurnTimeUtility","653547"
"PvZCards.Core.Utilities","class","UnplayableValidator","653566"
"PvZCards.Core.Utilities","interface","Validator","653597"
"PvZCards.Core.Utilities","class","ValidatorFactory","653606"
"PvZCards.Crafting","class","CraftBroker","139942"
"PvZCards.Crafting","class","CraftCardCommand","140133"
"PvZCards.Crafting","class","CraftCardDto","140060"
"PvZCards.Crafting","class","CraftCardRequest","140094"
"PvZCards.Crafting","class","CraftCardResponseDto","140108"
"PvZCards.Crafting","class","CraftCardSignal","140124"
"PvZCards.Crafting","class","CraftingBinder","140346"
"PvZCards.Crafting","class","CraftTransaction","140367"
"PvZCards.Crafting","interface","ExcessCardsDataProvider","140434"
"PvZCards.Crafting","class","ExcessCardsDataProviderImpl","140443"
"PvZCards.Crafting","class","ExtraCardsRecycler","140541"
"PvZCards.Crafting","class","RecycleExtraCardsRequest","140496"
"PvZCards.Crafting","class","SellAllExtraCardsDto","140483"
"PvZCards.Crashlytics","class","CrashlyticsAppIsShuttingDownCommand","122941"
"PvZCards.Crashlytics","class","CrashlyticsReportEnhancer","122969"
"PvZCards.Crashlytics","interface","CrashReportEnhancer","123036"
"PvZCards.Crashlytics","class","CrashReportEnhancerKeys","123063"
"PvZCards.Crashlytics","class","InitilizeCrashlyticsCommand","123077"
"PvZCards.Crashlytics","class","MockCrashlyticsReportEnhancer","123120"
"PvZCards.Crashlytics","class","ReportAssetVersionToCrashlyticsCommand","123166"
"PvZCards.Crashlytics","class","SetCrashlyticsIdentityCommand","123194"
"PvZCards.DailyBattle","class","ClearDailyBattleRetryTimerCommand","138892"
"PvZCards.DailyBattle","class","ClientGameOverDailyBattleRewardsGenerator","136917"
"PvZCards.DailyBattle","class","DailyBattleBinder","137032"
"PvZCards.DailyBattle","class","DailyBattleConfig","137088"
"PvZCards.DailyBattle","class","DailyBattleConfigDataService","137132"
"PvZCards.DailyBattle","class","DailyBattleConfigScriptableObject","137179"
"PvZCards.DailyBattle","class","DailyBattleCumulativeRewardsEntryForUnity","137234"
"PvZCards.DailyBattle","class","DailyBattleCumulativeRewardSetForUnity","137248"
"PvZCards.DailyBattle","class","DailyBattleCycleConfig","137068"
"PvZCards.DailyBattle","class","DailyBattleDayChangeDetector","137308"
"PvZCards.DailyBattle","class","DailyBattleDayChangedSignal","137260"
"PvZCards.DailyBattle","class","DailyBattleDayMarkerAdapter","137455"
"PvZCards.DailyBattle","struct","DailyBattleDayMarkerData","137445"
"PvZCards.DailyBattle","class","DailyBattleDayMarkerTestController","137407"
"PvZCards.DailyBattle","class","DailyBattleDayMarkerView","137416"
"PvZCards.DailyBattle","class","DailyBattleDebugEntrySetBuilder","137591"
"PvZCards.DailyBattle","class","DailyBattleDebugScopeCommand","137467"
"PvZCards.DailyBattle","class","DailyBattleIconMap","137780"
"PvZCards.DailyBattle","class","DailyBattleIconMapEntry","137797"
"PvZCards.DailyBattle","class","DailyBattleProgressUtility","137826"
"PvZCards.DailyBattle","class","DailyBattleRetryTimer","137936"
"PvZCards.DailyBattle","class","DailyBattleRetryTimerStatusChangedSignal","137927"
"PvZCards.DailyBattle","class","DailyBattleRewards","137110"
"PvZCards.DailyBattle","class","DailyBattleRewardsComponentDataFactory","138019"
"PvZCards.DailyBattle","class","DailyBattleRewardsComponentFactory","138098"
"PvZCards.DailyBattle","class","DailyBattleSnapshotModel","138111"
"PvZCards.DailyBattle","class","DailyBattleSystemConfig","137054"
"PvZCards.DailyBattle","class","DailyBattleSystemConfigValidator","138147"
"PvZCards.DailyBattle","class","DailyBattleUtility","138178"
"PvZCards.DailyBattle","class","GeneratedStartDates","138320"
"PvZCards.DailyBattle","class","InitializeSkipDailyBattleRetryTimerAdEventListenerCommand","138984"
"PvZCards.DailyBattle","class","LandingScreenDailyBattleMediator","138413"
"PvZCards.DailyBattle","class","LandingScreenDailyBattleView","138359"
"PvZCards.DailyBattle","class","RewardComponentAdapter","138615"
"PvZCards.DailyBattle","class","RewardsComponent","138535"
"PvZCards.DailyBattle","class","RewardsWidgetData","138654"
"PvZCards.DailyBattle","class","SetDailyBattleCompleteCommand","138725"
"PvZCards.DailyBattle","class","SetDailyBattleCompleteParams","138703"
"PvZCards.DailyBattle","class","SetDailyBattleCompleteSignal","138716"
"PvZCards.DailyBattle","class","SetDailyBattleRetryTimerCommand","138849"
"PvZCards.DailyBattle","class","ShowDailyBattleScreenCommand","138944"
"PvZCards.DailyBattle","class","ShowDailyBattleScreenSignal","138935"
"PvZCards.DailyBattle","class","SkipDailyBattleRetryTimerAdEventDecider","139012"
"PvZCards.DailyBattle","class","SkipDailyBattleRetryTimerAdEventListener","139064"
"PvZCards.DailyBattle","class","SkipDailyBattleRetryTimerWithAdCommand","139141"
"PvZCards.DailyBattle","class","SkipDailyBattleRetryTimerWithAdSignal","139132"
"PvZCards.DailyBattle","class","StartDailyBattleDayChangeDetectorCommand","137367"
"PvZCards.DailyBattle","class","StartDatesMapping","138346"
"PvZCards.DailyLoginCalendar","class","CurrencyHolder","133928"
"PvZCards.DailyLoginCalendar","class","DailyLoginCalendarBinder","133758"
"PvZCards.DailyLoginCalendar","class","DailyLoginCalendarCommand","134180"
"PvZCards.DailyLoginCalendar","class","DailyLoginCalendarConfig","133856"
"PvZCards.DailyLoginCalendar","class","DailyLoginCalendarConfigResponse","133828"
"PvZCards.DailyLoginCalendar","class","DailyLoginCalendarConfigScriptableObject","134147"
"PvZCards.DailyLoginCalendar","class","DailyLoginCalendarServices","134356"
"PvZCards.DailyLoginCalendar","class","DailyLoginCalendarView","134592"
"PvZCards.DailyLoginCalendar","class","DailyLoginCalendarViewMediator","134762"
"PvZCards.DailyLoginCalendar","class","DailyLoginChallengeBadgeCounterView","135105"
"PvZCards.DailyLoginCalendar","class","DailyLoginChallengeBadgeCounterViewMediator","135213"
"PvZCards.DailyLoginCalendar","class","DailyLoginCompleteCurrentStreakTestSignal","135593"
"PvZCards.DailyLoginCalendar","class","DailyLoginConfigurationDataService","135493"
"PvZCards.DailyLoginCalendar","class","DailyLoginDateTimeChangedTestSignal","135584"
"PvZCards.DailyLoginCalendar","class","DailyLoginDayConfig","133870"
"PvZCards.DailyLoginCalendar","class","DailyLoginDebugEntrySetBuilder","135680"
"PvZCards.DailyLoginCalendar","class","DailyLoginDebugScopeCommand","135556"
"PvZCards.DailyLoginCalendar","class","DailyLoginInfoMediator","135866"
"PvZCards.DailyLoginCalendar","class","DailyLoginInfoView","135811"
"PvZCards.DailyLoginCalendar","class","DailyLoginNotificationsSignal","134162"
"PvZCards.DailyLoginCalendar","class","DailyLoginProgress","134044"
"PvZCards.DailyLoginCalendar","class","DailyLoginProgressConfig","134006"
"PvZCards.DailyLoginCalendar","class","DailyLoginRewardImageConfigScriptable","135930"
"PvZCards.DailyLoginCalendar","class","DailyLoginRewardMediator","136027"
"PvZCards.DailyLoginCalendar","class","DailyLoginRewards","133912"
"PvZCards.DailyLoginCalendar","enum","DailyLoginRewardType","134134"
"PvZCards.DailyLoginCalendar","class","DailyLoginRewardView","135960"
"PvZCards.DailyLoginCalendar","class","DailyLoginStreakDayChangedTestSignal","135602"
"PvZCards.DailyLoginCalendar","class","DailyLoginTelemetryService","136228"
"PvZCards.DailyLoginCalendar","class","DailyLoginTimesUpSignal","134171"
"PvZCards.DailyLoginCalendar","class","DailyProgressStreakCountResponse","134562"
"PvZCards.DailyLoginCalendar","class","DayPrefabItemView","136290"
"PvZCards.DailyLoginCalendar","interface","IDailyLoginCalendarServices","134208"
"PvZCards.DailyLoginCalendar","interface","IDailyLoginConfigProvider","135413"
"PvZCards.DailyLoginCalendar","interface","IDailyLoginTelemetryService","136213"
"PvZCards.DailyLoginCalendar","class","JsonDailyLoginCalendarDataReaderService","135541"
"PvZCards.DailyLoginCalendar","class","MilestoneItemView","136347"
"PvZCards.DailyLoginCalendar","class","RewardData","136180"
"PvZCards.DailyLoginCalendar","class","RewardImageConfig","135946"
"PvZCards.DailyLoginCalendar","class","RewardPopUpData","136195"
"PvZCards.DailyLoginCalendar","enum","RewardStatus","134121"
"PvZCards.DailyLoginCalendar","class","ShowDailyLoginCalendarCommand","136397"
"PvZCards.DailyLoginCalendar","class","ShowDailyLoginCalendarInfoCommand","136458"
"PvZCards.DailyLoginCalendar","class","ShowDailyLoginCalendarInfoSignal","136449"
"PvZCards.DailyLoginCalendar","class","ShowDailyLoginCalendarRewardCommand","136519"
"PvZCards.DailyLoginCalendar","class","ShowDailyLoginCalendarRewardSignal","136510"
"PvZCards.DailyLoginCalendar","class","ShowDailyLoginCalendarSignal","136388"
"PvZCards.DailyLoginCalendar","class","StatusObjects","136276"
"PvZCards.DailyLoginCalendar","class","StreakProgress","134058"
"PvZCards.DailyLoginCalendar","class","StreakRestoreConfig","134105"
"PvZCards.DailyLoginCalendar","class","StreakRestoreMediator","136625"
"PvZCards.DailyLoginCalendar","class","StreakRestoreView","136583"
"PvZCards.DailyLoginCalendar","class","StreakRewardConfig","133898"
"PvZCards.DailyLoginCalendar","class","StreakRewardSetConfig","133884"
"PvZCards.DailyLoginCalendar","class","StreakSetProgress","134088"
"PvZCards.DailyLoginCalendar","class","StreakUIView","136825"
"PvZCards.DailyLoginCalendar","class","UpdateDailyLoginProgressRequest","134578"
"PvZCards.DeckEditor","class","CancelLockedItemSignal","133381"
"PvZCards.DeckEditor","class","CardFilterView","130426"
"PvZCards.DeckEditor","enum","CardLocation","131166"
"PvZCards.DeckEditor","class","CardScreenBaseController","130496"
"PvZCards.DeckEditor","class","CardScreenCardCountHolder","130820"
"PvZCards.DeckEditor","class","CardScreenCardCountHolderDiffCalculator","130865"
"PvZCards.DeckEditor","class","CardScreenConfig","130907"
"PvZCards.DeckEditor","interface","CardScreenController","130874"
"PvZCards.DeckEditor","interface","CardScreenDataProvider","130898"
"PvZCards.DeckEditor","class","CardScreenPanelManager","130929"
"PvZCards.DeckEditor","class","CardScreenView","131103"
"PvZCards.DeckEditor","class","CopernicusDeckEditorMetricsSender","131190"
"PvZCards.DeckEditor","class","CopernicusDeckEditorMetricsTracker","131279"
"PvZCards.DeckEditor","class","DeckEditorCardSorter","131354"
"PvZCards.DeckEditor","class","DeckEditorCardSpriteCache","131418"
"PvZCards.DeckEditor","class","DeckEditorCardViewHolder","131475"
"PvZCards.DeckEditor","class","DeckEditorConfig","131522"
"PvZCards.DeckEditor","class","DeckEditorController","131615"
"PvZCards.DeckEditor","interface","DeckEditorDeckSaver","131535"
"PvZCards.DeckEditor","class","DeckEditorFlyingCardStarter","131999"
"PvZCards.DeckEditor","class","DeckEditorFtueFromScriptConfig","132499"
"PvZCards.DeckEditor","class","DeckEditorFtueFromScriptController","132598"
"PvZCards.DeckEditor","class","DeckEditorFtueScript","132036"
"PvZCards.DeckEditor","class","DeckEditorFtueStep","132054"
"PvZCards.DeckEditor","class","DeckEditorFtueStepClearBouncingArrows","132069"
"PvZCards.DeckEditor","class","DeckEditorFtueStepCollapseUnderlays","132081"
"PvZCards.DeckEditor","class","DeckEditorFtueStepCompleteFunnelStep","132093"
"PvZCards.DeckEditor","class","DeckEditorFtueStepMarkFtueDone","132108"
"PvZCards.DeckEditor","class","DeckEditorFtueStepProgressToNextScreen","132120"
"PvZCards.DeckEditor","class","DeckEditorFtueStepSaveAsDefaultDeck","132132"
"PvZCards.DeckEditor","class","DeckEditorFtueStepShowBouncingArrowOnCard","132144"
"PvZCards.DeckEditor","class","DeckEditorFtueStepShowBouncingArrowOnCardsNotInDeck","132160"
"PvZCards.DeckEditor","class","DeckEditorFtueStepShowBouncingArrowOnCardsNotInDeckExcept","132175"
"PvZCards.DeckEditor","class","DeckEditorFtueStepShowScrim","132190"
"PvZCards.DeckEditor","class","DeckEditorFtueStepWaitForAllCardsToBeAdded","132205"
"PvZCards.DeckEditor","class","DeckEditorFtueStepWaitForAnyMove","132224"
"PvZCards.DeckEditor","class","DeckEditorFtueStepWaitForDeckToBeFull","132243"
"PvZCards.DeckEditor","class","DeckEditorFtueTutorialTrigger","132805"
"PvZCards.DeckEditor","class","DeckEditorInstantiatingView","132262"
"PvZCards.DeckEditor","class","DeckEditorInstantiatingViewMediator","132316"
"PvZCards.DeckEditor","class","DeckEditorLoadableScreen","132396"
"PvZCards.DeckEditor","class","DeckEditorView","132421"
"PvZCards.DeckEditor","enum","DeckEditUsageStatus","131178"
"PvZCards.DeckEditor","class","DeckNameInputView","132465"
"PvZCards.DeckEditor","class","DefaultDeckEditorDeckSaver","131553"
"PvZCards.DeckEditor","class","InvalidDeckComponent","132948"
"PvZCards.DeckEditor","class","InvalidDeckComponentMediator","133004"
"PvZCards.DeckEditor","class","LockedItemSignal","133372"
"PvZCards.DeckEditor","class","PlayerDeckDeckEditorDataProvider","133047"
"PvZCards.DeckEditor","class","ShowDeckEditorCommand","133125"
"PvZCards.DeckEditor","class","ShowDeckEditorForActiveDeckCommand","133198"
"PvZCards.DeckEditor","class","ShowDeckEditorForActiveDeckSignal","133189"
"PvZCards.DeckEditor","class","ShowDeckEditorForPlayerDeckCommand","133320"
"PvZCards.DeckEditor","class","ShowDeckEditorForPlayerDeckSignal","133311"
"PvZCards.DeckEditor","class","ShowDeckEditorFtueCommand","132841"
"PvZCards.DeckEditor","class","ShowDeckEditorFtueSignal","132832"
"PvZCards.DeckEditor","class","ShowDeckEditorSignal","133116"
"PvZCards.DeckEditor","class","ShowDeckSelectorForActiveDeckCommand","133271"
"PvZCards.DeckEditor","class","ShowDeckSelectorForActiveDeckSignal","133262"
"PvZCards.DeckEditor","class","ShowLockedItemToastCommand","133390"
"PvZCards.DeckEditor","class","SplitNewAndOldDeckEditorCardSorter","131965"
"PvZCards.DeckEditor.Ftue","class","FtueDeckEditorDataProvider","133702"
"PvZCards.DeckEditor.Ftue","class","FtueDeckEditorDeckSaver","133734"
"PvZCards.DeckEditor.Selector","class","DeckSelectedSignal","133532"
"PvZCards.DeckEditor.Selector","class","DeckSelectorDeleteDeckCommand","133443"
"PvZCards.DeckEditor.Selector","class","DeckSelectorDeleteDeckSignal","133434"
"PvZCards.DeckEditor.Selector","class","MarkedUnlockedHeroesSeenCommand","133492"
"PvZCards.DeckEditor.Selector","class","MarkedUnlockedHeroesSeenSignal","133483"
"PvZCards.DeckEditor.Selector","class","RefreshDeckSelectionSignal","133541"
"PvZCards.DeckEditor.Selector","class","SelectDeckCommand","133550"
"PvZCards.DeckEditor.Selector","class","ShowDeckSelectorScreenCommand","133638"
"PvZCards.DeckEditor.Selector","class","ShowDeckSelectorScreenSignal","133629"
"PvZCards.DeckRecipes","interface","CardPurchaseCostCalculator","128556"
"PvZCards.DeckRecipes","class","CraftToGemsConversionCardPurchaseCostCalculator","128571"
"PvZCards.DeckRecipes","enum","DeckRecipeAcquisitionMethod","128644"
"PvZCards.DeckRecipes","class","DeckRecipeAcquisitionMethodCalculator","128656"
"PvZCards.DeckRecipes","interface","DeckRecipeConfigProvider","128705"
"PvZCards.DeckRecipes","class","DeckRecipeDataUtils","129840"
"PvZCards.DeckRecipes","class","DeckRecipeDeckCreator","129828"
"PvZCards.DeckRecipes","class","DeckRecipeInfoScreenContext","128920"
"PvZCards.DeckRecipes","enum","DeckRecipeInfoScreenShownFrom","128910"
"PvZCards.DeckRecipes","class","DeckRecipeInfoScreenView","128771"
"PvZCards.DeckRecipes","class","DeckRecipeInfoScreenViewMediator","129010"
"PvZCards.DeckRecipes","class","DeckRecipeListHeaderAdapter","129562"
"PvZCards.DeckRecipes","struct","DeckRecipeListHeaderData","129553"
"PvZCards.DeckRecipes","class","DeckRecipeListHeaderView","129531"
"PvZCards.DeckRecipes","class","DeckRecipeOwnershipCalculator","129807"
"PvZCards.DeckRecipes","class","DeckRecipeOwnershipData","129792"
"PvZCards.DeckRecipes","class","DeckRecipePackSpriteLoader","129583"
"PvZCards.DeckRecipes","class","DeckRecipeProgressForFtueGenerator","129640"
"PvZCards.DeckRecipes","class","DeckRecipeProgressGenerator","129710"
"PvZCards.DeckRecipes","class","DeckRecipeProvider","129753"
"PvZCards.DeckRecipes","class","DeckRecipesConfig","128714"
"PvZCards.DeckRecipes","class","DeckRecipeWarningScreenContext","129873"
"PvZCards.DeckRecipes","class","DeckRecipeWarningScreenMediator","129886"
"PvZCards.DeckRecipes","class","DeckRecipeWarningScreenView","129849"
"PvZCards.DeckRecipes","class","FancyPanelDeckRecipeHeaderItem","129574"
"PvZCards.DeckRecipes","class","FileAssetDeckRecipeConfigProvider","128726"
"PvZCards.DeckRecipes","class","JsonDeckRecipesDataReaderService","128756"
"PvZCards.DeckRecipes","class","PurchaseDeckRecipeCommand","129950"
"PvZCards.DeckRecipes","class","PurchaseDeckRecipeSignal","129941"
"PvZCards.DeckRecipes","class","RecipeDeckAssociator","130383"
"PvZCards.DeckRecipes","class","RecipeDeckBuilder","130280"
"PvZCards.DeckRecipes","class","ShowDeckRecipeInfoScreenCommand","130037"
"PvZCards.DeckRecipes","class","ShowDeckRecipeInfoScreenSignal","130028"
"PvZCards.DeckRecipes","class","ShowDeckRecipeWarningScreenConfig","130137"
"PvZCards.DeckRecipes","class","ShowDeckRecipeWarningScreenIfNecessaryCommand","130149"
"PvZCards.DeckRecipes","class","ShowDeckRecipeWarningScreenSignal","130128"
"PvZCards.Decks","class","ConvertCustomDeckListsToPlayerDecksCommand","127178"
"PvZCards.Decks","class","CustomDeckLimitEnforcer","127252"
"PvZCards.Decks","interface","CustomDeckListProvider","127320"
"PvZCards.Decks","class","CustomDeckListProviderImpl","127332"
"PvZCards.Decks","class","DeckIdCollisionException","127651"
"PvZCards.Decks","class","DeckListConverter","127364"
"PvZCards.Decks","class","DecksBinder","127413"
"PvZCards.Decks","interface","DecksDeltaHolder","127446"
"PvZCards.Decks","class","DecksDeltaHolderImpl","127511"
"PvZCards.Decks","interface","DecksHolder","127431"
"PvZCards.Decks","class","DecksHolderImpl","127464"
"PvZCards.Decks","interface","ISyncDecksSanitizer","128347"
"PvZCards.Decks","class","LocalCustomDeckListPersister","127308"
"PvZCards.Decks","class","PlayerDeckCollectionDeltaPersister","127573"
"PvZCards.Decks","class","PlayerDeckCollectionPersister","127561"
"PvZCards.Decks","class","PlayerDeckCollectionSyncPersister","127585"
"PvZCards.Decks","interface","PlayerDeckProvider","127597"
"PvZCards.Decks","class","PlayerDeckProviderImpl","127692"
"PvZCards.Decks","class","RecentDeckHelper","127863"
"PvZCards.Decks","class","SelectedDeckPersister","127924"
"PvZCards.Decks","class","SelectedDeckProvider","128006"
"PvZCards.Decks","class","SyncDecksCommand","128154"
"PvZCards.Decks","class","SyncDecksSanitizer","128464"
"PvZCards.Decks","class","SyncIfDecksChangedCommand","128528"
"PvZCards.Decks","class","SyncIfDecksChangedSignal","128519"
"PvZCards.DeckSelector","class","BuiltDeckSelectorElements","126992"
"PvZCards.DeckSelector","class","BuiltDeckSelectorElementsForHero","127006"
"PvZCards.DeckSelector","class","DeckLists","126356"
"PvZCards.DeckSelector","class","DeckSelectorDeckOrderGenerator","126237"
"PvZCards.DeckSelector","class","DeckSorter","126328"
"PvZCards.DeckSelector","class","FancyDeckSelectionPanelView","126370"
"PvZCards.DeckSelector","class","FancyDeckSelectionPanelViewMediator","126413"
"PvZCards.DeckSelector","class","FancyDeckSelectorScreenMediatorBase","126651"
"PvZCards.DeckSelector","class","FancyDeckWidgetDataFactory","127023"
"PvZCards.DeckSelector","class","HeroAndDeckLists","126343"
"PvZCards.DeckSelector","class","SocialLayerFancyDeckSelectorScreenViewMediator","127111"
"PvZCards.DeckSelector","class","UnlockedHeroAndDeckSorter","126313"
"PvZCards.Draper","class","ConsecutiveWinLossUpdaterFactory","123234"
"PvZCards.Draper","interface","ConsecutiveWinLossUpdaterInterface","123286"
"PvZCards.Draper","class","DeviceInfoDraperAttributesProvider","123298"
"PvZCards.Draper","class","DisableDraperInterstitialsCommand","123335"
"PvZCards.Draper","class","DisableDraperInterstitialsSignal","123326"
"PvZCards.Draper","class","DraperAdEventNimbleTelemetryEmitter","123363"
"PvZCards.Draper","class","DraperAdShownSignal","124157"
"PvZCards.Draper","class","DraperAttributeNames","123448"
"PvZCards.Draper","class","DraperAttributesAggregator","123518"
"PvZCards.Draper","class","DraperAttributesAggregatorFactory","123548"
"PvZCards.Draper","interface","DraperAttributesAggregatorFactoryInterface","123539"
"PvZCards.Draper","interface","DraperAttributesAggregatorInterface","123506"
"PvZCards.Draper","interface","DraperAttributesBuilderInterface","123696"
"PvZCards.Draper","interface","DraperAttributesProviderInterface","123705"
"PvZCards.Draper","class","DraperBaseWrapper","124124"
"PvZCards.Draper","class","DraperBinder","123714"
"PvZCards.Draper","class","DraperInitializerCommand","123771"
"PvZCards.Draper","class","DraperPlacementAsyncStringGetter","123934"
"PvZCards.Draper","class","DraperPlacementMultipleAdsAsyncStringGetter","123996"
"PvZCards.Draper","class","DraperPlacementNames","124008"
"PvZCards.Draper","class","DraperPlacementSingleAdAsyncStringGetter","123984"
"PvZCards.Draper","interface","DraperService","124031"
"PvZCards.Draper","class","DraperServiceHolder","124067"
"PvZCards.Draper","class","HeroesDraperAttributesBuilder","124166"
"PvZCards.Draper","interface","HeroesDraperClient","124198"
"PvZCards.Draper","class","HeroesDraperClientImpl","124318"
"PvZCards.Draper","interface","HeroesDraperInterstitialCoordinator","124437"
"PvZCards.Draper","class","HeroesDraperInterstitialCoordinatorImpl","124512"
"PvZCards.Draper","class","HeroesNativeAdProviderActionDelegatee","124620"
"PvZCards.Draper","class","HeroQuestProgressDraperAttributesProvider","124691"
"PvZCards.Draper","class","InitializeWinsSinceSessionStartDraperCommand","126085"
"PvZCards.Draper","enum","InterstitialCoordinatorEvent","124424"
"PvZCards.Draper","enum","InterstitialCoordinatorState","124413"
"PvZCards.Draper","interface","ITimeSinceLastDraperAdTracker","125961"
"PvZCards.Draper","class","LoadAndShowSessionStartDraperInterstitialCommand","124734"
"PvZCards.Draper","class","LoadOrCancelLandingScreenDraperInterstitialCommand","124762"
"PvZCards.Draper","class","NullDraperService","124046"
"PvZCards.Draper","class","PlayerProgressDraperAttributesProvider","124860"
"PvZCards.Draper","class","PurchaseInfoDraperAttributesProvider","124944"
"PvZCards.Draper","class","PveWinLossUpdater","125016"
"PvZCards.Draper","class","PvpHistoryDraperAttributesProvider","126184"
"PvZCards.Draper","class","PvpProgressDraperAttributesProvider","125050"
"PvZCards.Draper","class","PvpWinLossUpdater","125096"
"PvZCards.Draper","class","RateMyAppForIosAdProvider","125130"
"PvZCards.Draper","class","RateMyAppForIosIad","125152"
"PvZCards.Draper","class","RateUsAdClickedCommand","125186"
"PvZCards.Draper","class","RateUsAdClickedSignal","125177"
"PvZCards.Draper","class","RecordLastPvpDateForDraperCommand","125313"
"PvZCards.Draper","class","RecordLossForDraperCommand","125285"
"PvZCards.Draper","class","RecordTotalHeroUsagesForDraperCommand","125365"
"PvZCards.Draper","class","RecordWinForDraperCommand","125214"
"PvZCards.Draper","class","ScheduledEventsDraperAttributesProvider","125405"
"PvZCards.Draper","class","ShowScreenFromDraperAdCommand","125437"
"PvZCards.Draper","class","ShowScreenSignal","124611"
"PvZCards.Draper","class","StartOneClickPurchaseSignal","124602"
"PvZCards.Draper","class","StaticDraperAttributesProvider","125555"
"PvZCards.Draper","class","StorePromoDraperAttributesProvider","125840"
"PvZCards.Draper","class","TeamInfoDraperAttributesProvider","125888"
"PvZCards.Draper","class","TimeSinceLastDraperAdTracker","125973"
"PvZCards.Draper","class","TotalHeroUsagesDraperAttributesProvider","126042"
"PvZCards.Draper","class","UpdateWinsSinceSessionStartDraperCommand","126113"
"PvZCards.Editor","class","ViewMapException","122914"
"PvZCards.Engine","class","BaseService","754715"
"PvZCards.Engine","class","BlockingEffect","754910"
"PvZCards.Engine","class","ChannelLogger","754125"
"PvZCards.Engine","enum","ChannelLoggerLevel","754071"
"PvZCards.Engine","interface","Component","754759"
"PvZCards.Engine","class","ContinuousEffectCollection","754164"
"PvZCards.Engine","class","CopyUtils","754343"
"PvZCards.Engine","interface","DeepCopyable","754334"
"PvZCards.Engine","class","Effect","754847"
"PvZCards.Engine","interface","EffectCollection","754949"
"PvZCards.Engine","class","EffectCollectionProcessor","755070"
"PvZCards.Engine","class","EffectContext","754363"
"PvZCards.Engine","class","EffectData","754826"
"PvZCards.Engine","interface","EffectProcessor","754388"
"PvZCards.Engine","class","EffectQueue","754991"
"PvZCards.Engine","class","EffectRouter","754422"
"PvZCards.Engine","interface","EffectSystem","755704"
"PvZCards.Engine","struct","EffectTag","754795"
"PvZCards.Engine","class","EffectTagCollection","754783"
"PvZCards.Engine","enum","EffectTagType","754763"
"PvZCards.Engine","class","Entity","755113"
"PvZCards.Engine","class","EntityFinder","755240"
"PvZCards.Engine","class","EntityModel","755431"
"PvZCards.Engine","class","EntityNotFoundException","755490"
"PvZCards.Engine","interface","EntityQuery","755499"
"PvZCards.Engine","class","EntityQueryContext","755275"
"PvZCards.Engine","class","EntityQueryUtils","755508"
"PvZCards.Engine","class","EntityState","754458"
"PvZCards.Engine","enum","FactionType","754481"
"PvZCards.Engine","class","FactionUtils","754195"
"PvZCards.Engine","class","FriendInformation","754491"
"PvZCards.Engine","class","FriendsInformationCache","754503"
"PvZCards.Engine","class","GuidGenerator","755358"
"PvZCards.Engine","interface","HealthCalculator","755376"
"PvZCards.Engine","class","History","755520"
"PvZCards.Engine","class","IdentityReconciliationHistory","754528"
"PvZCards.Engine","class","IdentityReconciliationSelections","754515"
"PvZCards.Engine","class","InstanceManager","755652"
"PvZCards.Engine","class","LogChannels","754565"
"PvZCards.Engine","interface","LogLevelChanger","754083"
"PvZCards.Engine","class","MultipleComponentsException","755572"
"PvZCards.Engine","class","NonBlockingEffect","754895"
"PvZCards.Engine","class","NullLogger","754623"
"PvZCards.Engine","class","Pool","755581"
"PvZCards.Engine","interface","Poolable","755643"
"PvZCards.Engine","class","PoolableList","755391"
"PvZCards.Engine","enum","PvpMode","754638"
"PvZCards.Engine","class","Record","755868"
"PvZCards.Engine","enum","RecordKey","755809"
"PvZCards.Engine","enum","RecordType","755713"
"PvZCards.Engine","interface","Resolvable","754814"
"PvZCards.Engine","interface","Service","754690"
"PvZCards.Engine","enum","ServiceFailure","754649"
"PvZCards.Engine","class","SuperBlockEffectCollection","754222"
"PvZCards.Engine","class","SynchronousServiceRunner","754252"
"PvZCards.Engine","interface","Trigger","755985"
"PvZCards.Engine","class","TriggerData","754277"
"PvZCards.Engine","class","TriggeredEffectCollection","754310"
"PvZCards.Engine","class","TypeMismatchException","755989"
"PvZCards.Engine","class","UnresolvableBlockingEffect","754934"
"PvZCards.Engine.Components","class","AbilityCounter","763919"
"PvZCards.Engine.Components","struct","AbilityValue","763911"
"PvZCards.Engine.Components","enum","AbilityValueType","763902"
"PvZCards.Engine.Components","class","ActiveTargets","763383"
"PvZCards.Engine.Components","enum","AdditionalTargetType","766594"
"PvZCards.Engine.Components","class","Afterlife","763475"
"PvZCards.Engine.Components","class","Aquatic","763484"
"PvZCards.Engine.Components","class","Armor","763493"
"PvZCards.Engine.Components","class","Attack","763523"
"PvZCards.Engine.Components","class","AttackInLaneEffectDescriptor","763548"
"PvZCards.Engine.Components","class","AttackOverride","763430"
"PvZCards.Engine.Components","class","AttacksInAllLanes","763439"
"PvZCards.Engine.Components","class","AttacksOnlyInAdjacentLanes","763448"
"PvZCards.Engine.Components","class","Blocking","763457"
"PvZCards.Engine.Components","class","BoardAbility","763569"
"PvZCards.Engine.Components","class","BuffEffectDescriptor","763578"
"PvZCards.Engine.Components","class","BuffTrigger","763604"
"PvZCards.Engine.Components","class","Burst","763613"
"PvZCards.Engine.Components","class","CanPlayFighterInSurprisePhase","763622"
"PvZCards.Engine.Components","class","Card","764708"
"PvZCards.Engine.Components","enum","CardColor","765123"
"PvZCards.Engine.Components","class","CardIdQueue","763824"
"PvZCards.Engine.Components","class","CardPoolOverflow","763466"
"PvZCards.Engine.Components","enum","CardStat","763410"
"PvZCards.Engine.Components","class","ChargeBlockMeterEffectDescriptor","763631"
"PvZCards.Engine.Components","interface","Color","765140"
"PvZCards.Engine.Components","class","CombatEndTrigger","763652"
"PvZCards.Engine.Components","class","CombatStartTrigger","763661"
"PvZCards.Engine.Components","interface","Condition","765144"
"PvZCards.Engine.Components","class","Continuous","765148"
"PvZCards.Engine.Components","class","ContinuousEffectsCompleteEffect","763670"
"PvZCards.Engine.Components","class","CopyCardEffectDescriptor","763679"
"PvZCards.Engine.Components","class","CopyStatsEffectDescriptor","763702"
"PvZCards.Engine.Components","class","CreateCardEffectDescriptor","764736"
"PvZCards.Engine.Components","class","CreateCardFromSubsetEffectDescriptor","764446"
"PvZCards.Engine.Components","class","CreateCardInDeckEffectDescriptor","763720"
"PvZCards.Engine.Components","class","CreateInFront","764468"
"PvZCards.Engine.Components","class","CreateLane","764758"
"PvZCards.Engine.Components","class","CreationSource","764010"
"PvZCards.Engine.Components","class","DamageEffectDescriptor","765157"
"PvZCards.Engine.Components","class","DamageEffectRedirector","765933"
"PvZCards.Engine.Components","class","DamageEffectRedirectorContext","763743"
"PvZCards.Engine.Components","class","DamageEffectRedirectorDescriptor","763770"
"PvZCards.Engine.Components","class","DamageImmunity","766747"
"PvZCards.Engine.Components","class","DamageTrigger","764477"
"PvZCards.Engine.Components","class","Dead","764236"
"PvZCards.Engine.Components","class","Deadly","764486"
"PvZCards.Engine.Components","class","DeadlyDamage","764495"
"PvZCards.Engine.Components","class","Deck","765178"
"PvZCards.Engine.Components","class","DeckAssociation","765197"
"PvZCards.Engine.Components","class","DeckElement","765215"
"PvZCards.Engine.Components","class","DestroyCardEffectDescriptor","765224"
"PvZCards.Engine.Components","class","DestroyCardTrigger","764504"
"PvZCards.Engine.Components","class","DiesWhenDrawingOnEmpyDeck","764245"
"PvZCards.Engine.Components","class","DiscardFromPlayTrigger","765236"
"PvZCards.Engine.Components","class","DiscardPile","765245"
"PvZCards.Engine.Components","class","DiscardPileAssociation","765263"
"PvZCards.Engine.Components","class","DiscardPileElement","765284"
"PvZCards.Engine.Components","class","DisplacedFighter","764172"
"PvZCards.Engine.Components","class","DrawCardEffectDescriptor","765302"
"PvZCards.Engine.Components","class","DrawCardFromSubsetEffectDescriptor","764513"
"PvZCards.Engine.Components","class","DrawCardFromSubsetTrigger","763788"
"PvZCards.Engine.Components","class","DrawCardTrigger","764535"
"PvZCards.Engine.Components","class","DrawConfig","765323"
"PvZCards.Engine.Components","class","DrawnCardCostMultiplier","763797"
"PvZCards.Engine.Components","class","DrawOrder","763848"
"PvZCards.Engine.Components","interface","EffectDescriptor","765343"
"PvZCards.Engine.Components","class","EffectEntities","765370"
"PvZCards.Engine.Components","class","EffectEntitiesDescriptor","765388"
"PvZCards.Engine.Components","class","EffectEntity","765406"
"PvZCards.Engine.Components","class","EffectEntityGrouping","764779"
"PvZCards.Engine.Components","class","EffectValueCondition","764254"
"PvZCards.Engine.Components","class","EffectValueDescriptor","764901"
"PvZCards.Engine.Components","class","EnterBoardTrigger","763806"
"PvZCards.Engine.Components","class","EntityAssociation","765352"
"PvZCards.Engine.Components","class","EntityFilter","765427"
"PvZCards.Engine.Components","class","Environment","763815"
"PvZCards.Engine.Components","class","EvolutionRestriction","763857"
"PvZCards.Engine.Components","class","Evolvable","763875"
"PvZCards.Engine.Components","class","Evolved","763884"
"PvZCards.Engine.Components","class","ExtraAttackEffectDescriptor","765445"
"PvZCards.Engine.Components","class","ExtraAttackTrigger","764544"
"PvZCards.Engine.Components","class","FaceDown","765457"
"PvZCards.Engine.Components","interface","Faction","765466"
"PvZCards.Engine.Components","class","ForcedSuperblock","764797"
"PvZCards.Engine.Components","class","FreeSunCost","764820"
"PvZCards.Engine.Components","class","Frenzy","764553"
"PvZCards.Engine.Components","class","FromBurst","763893"
"PvZCards.Engine.Components","class","GainSunEffectDescriptor","764829"
"PvZCards.Engine.Components","class","GrantAbilityEffectDescriptor","764562"
"PvZCards.Engine.Components","class","GrantableAbility","764604"
"PvZCards.Engine.Components","enum","GrantableAbilityType","764646"
"PvZCards.Engine.Components","class","GrantedTriggeredAbilities","763956"
"PvZCards.Engine.Components","class","GrassTerrain","765470"
"PvZCards.Engine.Components","class","GravestoneSpy","764001"
"PvZCards.Engine.Components","class","Graveyard","764028"
"PvZCards.Engine.Components","class","Hand","765479"
"PvZCards.Engine.Components","class","HandAssociation","765501"
"PvZCards.Engine.Components","class","HandElement","765519"
"PvZCards.Engine.Components","class","HealEffectDescriptor","765537"
"PvZCards.Engine.Components","class","Health","765558"
"PvZCards.Engine.Components","class","HealTrigger","764672"
"PvZCards.Engine.Components","class","HeraldEntities","765379"
"PvZCards.Engine.Components","class","Hero","765587"
"PvZCards.Engine.Components","class","HeroHealthMultiplier","764681"
"PvZCards.Engine.Components","class","HighgroundTerrain","765606"
"PvZCards.Engine.Components","class","InitialDraw","764699"
"PvZCards.Engine.Components","class","InLimbo","764274"
"PvZCards.Engine.Components","class","Lane","765651"
"PvZCards.Engine.Components","class","LaneCombatEndTrigger","764852"
"PvZCards.Engine.Components","class","LaneCombatHistory","764861"
"PvZCards.Engine.Components","class","LaneCombatStartTrigger","764883"
"PvZCards.Engine.Components","class","LaneElement","765720"
"PvZCards.Engine.Components","enum","LaneOrder","765626"
"PvZCards.Engine.Components","struct","LanePlacementData","765636"
"PvZCards.Engine.Components","enum","LaneType","765615"
"PvZCards.Engine.Components","class","LastLane","764037"
"PvZCards.Engine.Components","class","LethalDamageList","766223"
"PvZCards.Engine.Components","class","MarkedForDeath","764892"
"PvZCards.Engine.Components","class","MarkerComponent","765741"
"PvZCards.Engine.Components","class","MinHealth","765015"
"PvZCards.Engine.Components","class","MinHealthSource","765024"
"PvZCards.Engine.Components","class","MixedUpGravediggerEffectDescriptor","764058"
"PvZCards.Engine.Components","interface","ModifiableIntStat","763514"
"PvZCards.Engine.Components","class","ModifySunCostEffectDescriptor","764922"
"PvZCards.Engine.Components","class","MoveCardToLanesEffectDescriptor","765756"
"PvZCards.Engine.Components","class","MoveCardToTopOfDeck","764947"
"PvZCards.Engine.Components","class","MoveTrigger","764970"
"PvZCards.Engine.Components","class","Mulligan","764979"
"PvZCards.Engine.Components","class","Multiplier","764399"
"PvZCards.Engine.Components","class","MultiplyDamage","764076"
"PvZCards.Engine.Components","class","Multishot","764988"
"PvZCards.Engine.Components","class","Mustache","764085"
"PvZCards.Engine.Components","enum","NamedAbilityType","764369"
"PvZCards.Engine.Components","class","NoExtraAttacks","764094"
"PvZCards.Engine.Components","class","OncePerGameCondition","764997"
"PvZCards.Engine.Components","class","OncePerTurnCondition","765006"
"PvZCards.Engine.Components","class","OneTimeEffectZone","765768"
"PvZCards.Engine.Components","class","OneTimeEffectZoneElement","765786"
"PvZCards.Engine.Components","class","OrderedCardPool","765804"
"PvZCards.Engine.Components","class","OrderedScriptedPlays","765834"
"PvZCards.Engine.Components","class","Owner","765855"
"PvZCards.Engine.Components","class","PersistsAfterTransform","764103"
"PvZCards.Engine.Components","class","Plants","765876"
"PvZCards.Engine.Components","class","Player","765885"
"PvZCards.Engine.Components","class","PlayerIdData","765042"
"PvZCards.Engine.Components","class","PlayerInfoCondition","765055"
"PvZCards.Engine.Components","class","PlaysFaceDown","765906"
"PvZCards.Engine.Components","class","PlayTrigger","765915"
"PvZCards.Engine.Components","class","PrimarySuperpower","764301"
"PvZCards.Engine.Components","class","PrimaryTargetFilter","766634"
"PvZCards.Engine.Components","class","PrimaryTargets","766677"
"PvZCards.Engine.Components","class","QueryEntityCondition","764427"
"PvZCards.Engine.Components","enum","QueryEntityConditionEvaluationType","764418"
"PvZCards.Engine.Components","class","QueryMultiplier","765073"
"PvZCards.Engine.Components","class","Rarity","765104"
"PvZCards.Engine.Components","enum","RarityValue","765091"
"PvZCards.Engine.Components","interface","Redirector","764310"
"PvZCards.Engine.Components","interface","RemovableEffectDescriptor","765924"
"PvZCards.Engine.Components","class","ReturnCardToPlayersDeckEffectDescriptor","765942"
"PvZCards.Engine.Components","class","ReturnToHandFromPlayEffectDescriptor","765954"
"PvZCards.Engine.Components","class","ReturnToHandTrigger","764112"
"PvZCards.Engine.Components","class","RevealPhaseEndTrigger","764314"
"PvZCards.Engine.Components","class","RevealTrigger","765966"
"PvZCards.Engine.Components","class","ScriptedPlay","765975"
"PvZCards.Engine.Components","class","SecondaryTargetFilter","766643"
"PvZCards.Engine.Components","class","SecondaryTargets","766686"
"PvZCards.Engine.Components","class","SelfEntityFilter","766052"
"PvZCards.Engine.Components","class","SelfLaneEntityFilter","766061"
"PvZCards.Engine.Components","class","SetStatEffectDescriptor","764121"
"PvZCards.Engine.Components","class","ShowTriggeredIcon","764323"
"PvZCards.Engine.Components","class","ShuffleGravestonesEffectDescriptor","765995"
"PvZCards.Engine.Components","class","Slowed","766070"
"PvZCards.Engine.Components","class","SlowedTrigger","766079"
"PvZCards.Engine.Components","class","SlowEffectDescriptor","766088"
"PvZCards.Engine.Components","enum","SpecialAbilityType","764347"
"PvZCards.Engine.Components","class","SplashDamage","764381"
"PvZCards.Engine.Components","class","Springboard","764145"
"PvZCards.Engine.Components","class","Springboarded","764154"
"PvZCards.Engine.Components","class","StatOverrideProvider","763421"
"PvZCards.Engine.Components","class","Strikethrough","766100"
"PvZCards.Engine.Components","class","Subtypes","766109"
"PvZCards.Engine.Components","class","SunCoins","766343"
"PvZCards.Engine.Components","class","SunCost","766361"
"PvZCards.Engine.Components","class","SunCounter","766383"
"PvZCards.Engine.Components","class","SunGainedMultiplier","766127"
"PvZCards.Engine.Components","class","SuperBlockCard","766007"
"PvZCards.Engine.Components","class","SuperBlocker","766440"
"PvZCards.Engine.Components","class","SuperBlockHistory","766145"
"PvZCards.Engine.Components","class","SuperblockHistoryException","766172"
"PvZCards.Engine.Components","class","SuperBlockTable","766422"
"PvZCards.Engine.Components","class","SuperBlockTableEntry","766405"
"PvZCards.Engine.Components","class","Superpower","766462"
"PvZCards.Engine.Components","class","SuperpowerPool","766471"
"PvZCards.Engine.Components","class","SuperpowerPoolAssociation","766489"
"PvZCards.Engine.Components","class","SuperpowerPoolElement","766507"
"PvZCards.Engine.Components","class","Surprise","766516"
"PvZCards.Engine.Components","class","SurprisePhaseStartTrigger","766016"
"PvZCards.Engine.Components","class","Tags","766181"
"PvZCards.Engine.Components","class","TargetAttackMultiplier","766025"
"PvZCards.Engine.Components","class","TargetAttackOrHealthMultiplier","766043"
"PvZCards.Engine.Components","interface","TargetDescriptor","766525"
"PvZCards.Engine.Components","class","TargetedEffectComponent","766534"
"PvZCards.Engine.Components","class","TargetEntityFilter","766603"
"PvZCards.Engine.Components","class","TargetHealthMultiplier","766034"
"PvZCards.Engine.Components","class","TargetLaneEntityFilter","766202"
"PvZCards.Engine.Components","class","Targets","766652"
"PvZCards.Engine.Components","class","TargetsCardAndLaneComponent","766211"
"PvZCards.Engine.Components","enum","TargetScopeSortMethod","766584"
"PvZCards.Engine.Components","enum","TargetScopeSortValue","766574"
"PvZCards.Engine.Components","enum","TargetScopeType","766565"
"PvZCards.Engine.Components","enum","TargetSelectionType","766546"
"PvZCards.Engine.Components","enum","TargetStep","766556"
"PvZCards.Engine.Components","class","Teamup","766695"
"PvZCards.Engine.Components","interface","Terrain","766707"
"PvZCards.Engine.Components","class","TimedTurns","766247"
"PvZCards.Engine.Components","class","TransformIntoCardFromSubsetEffectDescriptor","766256"
"PvZCards.Engine.Components","class","TransformWithCreationSource","764181"
"PvZCards.Engine.Components","enum","TrickImmunityType","764208"
"PvZCards.Engine.Components","class","Triggered","766277"
"PvZCards.Engine.Components","class","TriggeredThisGame","766286"
"PvZCards.Engine.Components","class","TriggeredThisTurn","766295"
"PvZCards.Engine.Components","class","TriggerSourceFilter","766711"
"PvZCards.Engine.Components","class","TriggerTargetFilter","766720"
"PvZCards.Engine.Components","class","Truestrike","766304"
"PvZCards.Engine.Components","class","TurnCounter","766729"
"PvZCards.Engine.Components","class","TurnInterruptTimer","766313"
"PvZCards.Engine.Components","class","TurnIntoGravestoneEffectDescriptor","766322"
"PvZCards.Engine.Components","class","TurnStartTrigger","766334"
"PvZCards.Engine.Components","class","TurnTimer","766759"
"PvZCards.Engine.Components","class","Unhealable","764199"
"PvZCards.Engine.Components","class","Unplayable","766777"
"PvZCards.Engine.Components","class","Untrickable","764218"
"PvZCards.Engine.Components","class","Unusable","764227"
"PvZCards.Engine.Components","class","WaterTerrain","766786"
"PvZCards.Engine.Components","class","Zombies","766795"
"PvZCards.Engine.Components.Data","enum","ActivationTime","766863"
"PvZCards.Engine.Components.Data","class","CardPoolEntry","766804"
"PvZCards.Engine.Components.Data","class","IntModifier","766872"
"PvZCards.Engine.Components.Data","struct","ModifiableCounterEntry","766824"
"PvZCards.Engine.Components.Data","class","ModifiableCounterGroup","766838"
"PvZCards.Engine.Components.Data","class","ModifiableInt","766894"
"PvZCards.Engine.Data","class","AwardedQuests","762474"
"PvZCards.Engine.Data","class","BoosterPackContents","762792"
"PvZCards.Engine.Data","class","ClientQuestData","763079"
"PvZCards.Engine.Data","class","CustomDeckList","762535"
"PvZCards.Engine.Data","class","CustomDeckListCollection","762551"
"PvZCards.Engine.Data","enum","DateConflictResolutionLogic","763298"
"PvZCards.Engine.Data","enum","DynamicTagType","763272"
"PvZCards.Engine.Data","class","EventProgress","762863"
"PvZCards.Engine.Data","class","EventProgressConverter","762883"
"PvZCards.Engine.Data","class","HeroQuestChain","762488"
"PvZCards.Engine.Data","class","IndividualQuest","762502"
"PvZCards.Engine.Data","class","IndividualQuestProgressDto","763144"
"PvZCards.Engine.Data","enum","InventoryType","762781"
"PvZCards.Engine.Data","class","JsonClassDeserializationWrapper","762592"
"PvZCards.Engine.Data","class","LocalData","762674"
"PvZCards.Engine.Data","enum","NamedDates","763286"
"PvZCards.Engine.Data","class","NewCardData","762449"
"PvZCards.Engine.Data","class","NewCardTracker","762462"
"PvZCards.Engine.Data","class","NodeWinLossRecord","762961"
"PvZCards.Engine.Data","enum","PlayerDataLevel","762663"
"PvZCards.Engine.Data","class","PlayerDeck","762745"
"PvZCards.Engine.Data","class","PlayerDeckCollection","762764"
"PvZCards.Engine.Data","class","PlayerInfoSummaryDto","763002"
"PvZCards.Engine.Data","class","PlayerInventory","762906"
"PvZCards.Engine.Data","class","ProductSummary","763035"
"PvZCards.Engine.Data","class","ProgressionData","762987"
"PvZCards.Engine.Data","class","ProgressionNodeRecord","762975"
"PvZCards.Engine.Data","class","PurchaseHistorySummary","763017"
"PvZCards.Engine.Data","class","QuestEventProgression","763053"
"PvZCards.Engine.Data","class","QuestProgress","763130"
"PvZCards.Engine.Data","class","QuestProgressDto","763158"
"PvZCards.Engine.Data","class","QuestProgression","763114"
"PvZCards.Engine.Data","class","QuestReward","762518"
"PvZCards.Engine.Data","enum","QuestType","763066"
"PvZCards.Engine.Data","class","SpkiHashCache","763170"
"PvZCards.Engine.Data","class","UnopenedBoosterPack","762843"
"PvZCards.Engine.Data","class","User","763308"
"PvZCards.Engine.Data","class","UserDates","763368"
"PvZCards.Engine.Data","enum","UserTag","763183"
"PvZCards.Engine.Dtos","class","ClientPvpResponseDto","761698"
"PvZCards.Engine.Dtos","class","CommandFailureResponseDto","761777"
"PvZCards.Engine.Dtos","class","CommandFailureResponseReason","761791"
"PvZCards.Engine.Dtos","class","CommandSuccessResponseDto","761807"
"PvZCards.Engine.Dtos","class","CommitGemsPurchaseRequestDto","761857"
"PvZCards.Engine.Dtos","struct","DeckResponseDto","761874"
"PvZCards.Engine.Dtos","class","EnvelopeMessageDataType","761833"
"PvZCards.Engine.Dtos","class","EnvelopeMessageType","761819"
"PvZCards.Engine.Dtos","class","GameCommandDto","762059"
"PvZCards.Engine.Dtos","interface","ISerializationPlatform","761882"
"PvZCards.Engine.Dtos","class","JoinGameWithTicketCommandDto","761673"
"PvZCards.Engine.Dtos","class","JoinRequestDto","761899"
"PvZCards.Engine.Dtos","class","JoinResponseDto","761927"
"PvZCards.Engine.Dtos","class","NodeDefault","762136"
"PvZCards.Engine.Dtos","class","Play","762006"
"PvZCards.Engine.Dtos","class","PlayerSelectionData","762071"
"PvZCards.Engine.Dtos","enum","PlayType","761984"
"PvZCards.Engine.Dtos","class","PvpConfig","762148"
"PvZCards.Engine.Dtos","class","PvpData","762203"
"PvZCards.Engine.Dtos","class","PvpEnvelopeMessage","762311"
"PvZCards.Engine.Dtos","class","PvpSeasonHistory","761461"
"PvZCards.Engine.Dtos","class","PvpSeasonPlayerData","761479"
"PvZCards.Engine.Dtos","class","RawDeckDataComparer","762124"
"PvZCards.Engine.Dtos","class","RewardConfigDto","761585"
"PvZCards.Engine.Dtos","class","RewardDto","761607"
"PvZCards.Engine.Dtos","class","RngSeedData","762326"
"PvZCards.Engine.Dtos","class","ServerErrorResponseDto","762378"
"PvZCards.Engine.Effects","class","AttackInLaneEffect","760143"
"PvZCards.Engine.Effects","class","BuffEffect","760171"
"PvZCards.Engine.Effects","class","ChargeBlockMeterEffect","760206"
"PvZCards.Engine.Effects","class","CheckDeathEffect","760224"
"PvZCards.Engine.Effects","class","CheckFrenzyEffect","760245"
"PvZCards.Engine.Effects","class","CheckSuperBlockEffect","760254"
"PvZCards.Engine.Effects","class","ChooseTargetBlockingEffect","760272"
"PvZCards.Engine.Effects","class","ChooseTargetPhaseEndEffect","760290"
"PvZCards.Engine.Effects","class","ChooseTargetPhaseStartEffect","760299"
"PvZCards.Engine.Effects","class","CombatPhaseEndEffect","760308"
"PvZCards.Engine.Effects","class","CombatPhasePreStartEffect","760317"
"PvZCards.Engine.Effects","class","CombatPhaseStartEffect","760326"
"PvZCards.Engine.Effects","class","ConcedeEffect","760335"
"PvZCards.Engine.Effects","class","CopyCardEffect","759930"
"PvZCards.Engine.Effects","class","CopyStatsEffect","759950"
"PvZCards.Engine.Effects","class","CreateCardEffect","760344"
"PvZCards.Engine.Effects","class","CreateCardFromSubsetEffect","760363"
"PvZCards.Engine.Effects","class","CreateCardInDeckEffect","760382"
"PvZCards.Engine.Effects","class","CreatedCardEffect","760402"
"PvZCards.Engine.Effects","class","DamageEffect","760411"
"PvZCards.Engine.Effects","class","DeathByDeckEffect","760441"
"PvZCards.Engine.Effects","enum","DeckPosition","761230"
"PvZCards.Engine.Effects","class","DestroyCardEffect","760450"
"PvZCards.Engine.Effects","class","DiscardFromDeckEffect","760459"
"PvZCards.Engine.Effects","class","DiscardFromPlayEffect","760478"
"PvZCards.Engine.Effects","class","DiscardSuperpowerCardEffect","760487"
"PvZCards.Engine.Effects","class","DrawCardAbilityEffect","760506"
"PvZCards.Engine.Effects","class","DrawCardEffect","760524"
"PvZCards.Engine.Effects","class","DrawCardFromSubsetAbilityEffect","760556"
"PvZCards.Engine.Effects","class","DrawCardFromSubsetEffect","760575"
"PvZCards.Engine.Effects","class","DrawCardFromSuperpowerPoolEffect","760609"
"PvZCards.Engine.Effects","enum","EffectDuration","760628"
"PvZCards.Engine.Effects","enum","EffectValue","760638"
"PvZCards.Engine.Effects","class","EffectValueComparer","760657"
"PvZCards.Engine.Effects","class","EndMulliganEffect","760672"
"PvZCards.Engine.Effects","class","EndOfTurnBlockingEffect","760681"
"PvZCards.Engine.Effects","class","ExtraAttackEffect","760690"
"PvZCards.Engine.Effects","class","ExtraAttackInLaneEffect","760162"
"PvZCards.Engine.Effects","class","FrenzyEffect","759959"
"PvZCards.Engine.Effects","class","GainSunEffect","760727"
"PvZCards.Engine.Effects","class","GenericMessageEffect","761010"
"PvZCards.Engine.Effects","class","GrantAbilityEffect","760699"
"PvZCards.Engine.Effects","class","GrantTriggeredAbilityEffect","759968"
"PvZCards.Engine.Effects","class","GrantTriggeredAbilityEffectDescriptor","759987"
"PvZCards.Engine.Effects","class","HealEffect","760748"
"PvZCards.Engine.Effects","class","KeepSuperblockCardEffect","760772"
"PvZCards.Engine.Effects","class","LaneCombatEndEffect","760790"
"PvZCards.Engine.Effects","class","LaneCombatPreStartEffect","760799"
"PvZCards.Engine.Effects","class","LaneCombatStartEffect","760808"
"PvZCards.Engine.Effects","class","LoseEffect","760817"
"PvZCards.Engine.Effects","class","MainPhaseBlockingEffect","760826"
"PvZCards.Engine.Effects","class","MarkInitialDrawEffect","760835"
"PvZCards.Engine.Effects","interface","MessageEffect","760844"
"PvZCards.Engine.Effects","class","MixedUpGravediggerEffect","760013"
"PvZCards.Engine.Effects","class","ModifySunCostEffect","760853"
"PvZCards.Engine.Effects","class","MoveCardToLanesEffect","760873"
"PvZCards.Engine.Effects","class","MoveToDiscardPileEffect","760891"
"PvZCards.Engine.Effects","class","MulliganEffect","760909"
"PvZCards.Engine.Effects","class","MulliganPhaseBlockingEffect","760918"
"PvZCards.Engine.Effects","class","MulliganPhaseEndEffect","760927"
"PvZCards.Engine.Effects","class","MulliganPhaseStartEffect","760939"
"PvZCards.Engine.Effects","class","NullEffect","760022"
"PvZCards.Engine.Effects","class","PhaseEffect","760951"
"PvZCards.Engine.Effects","class","PlantMainPhaseStartEffect","760973"
"PvZCards.Engine.Effects","class","PlayCardEffect","760982"
"PvZCards.Engine.Effects","class","PlayerPhaseEndEffect","761001"
"PvZCards.Engine.Effects","class","PlaySuperblockCardEffect","761080"
"PvZCards.Engine.Effects","class","PrepopulateCardPoolEffect","760037"
"PvZCards.Engine.Effects","class","RedirectAbilityEndEffect","760055"
"PvZCards.Engine.Effects","class","RedirectAbilityStartEffect","761089"
"PvZCards.Engine.Effects","class","RedirectedDamageEffect","761108"
"PvZCards.Engine.Effects","interface","RedirectedEffect","761126"
"PvZCards.Engine.Effects","class","RemoveBuffEffect","761212"
"PvZCards.Engine.Effects","class","RemoveGrantAbilityEffect","761130"
"PvZCards.Engine.Effects","class","RemoveModifySunCostEffect","761149"
"PvZCards.Engine.Effects","class","RemoveTriggeredAbilityEffect","760064"
"PvZCards.Engine.Effects","class","ResetLaneCombatHistoryEffect","761167"
"PvZCards.Engine.Effects","class","ReturnCardToPlayersDeckEffect","761240"
"PvZCards.Engine.Effects","class","ReturnToHandFromPlayEffect","761176"
"PvZCards.Engine.Effects","class","RevealEffect","761258"
"PvZCards.Engine.Effects","class","RevealPhaseEndEffect","761267"
"PvZCards.Engine.Effects","class","RevealPhaseStartEffect","761276"
"PvZCards.Engine.Effects","class","SelectTargetEffect","761285"
"PvZCards.Engine.Effects","class","SetStatEffect","760092"
"PvZCards.Engine.Effects","class","ShuffleCardPoolEffect","761311"
"PvZCards.Engine.Effects","class","ShuffleGravestonesEffect","761185"
"PvZCards.Engine.Effects","class","SlowEffect","761320"
"PvZCards.Engine.Effects","class","StartGameEffect","761329"
"PvZCards.Engine.Effects","class","StateCheckEffect","760113"
"PvZCards.Engine.Effects","enum","StatModOperation","760082"
"PvZCards.Engine.Effects","class","SuperblockPhaseBlockingEffect","761194"
"PvZCards.Engine.Effects","class","SuperblockPhaseEndEffect","761031"
"PvZCards.Engine.Effects","class","SuperblockPhaseStartEffect","761040"
"PvZCards.Engine.Effects","class","SurprisePhaseBlockingEffect","761338"
"PvZCards.Engine.Effects","class","SurprisePhaseStartEffect","761347"
"PvZCards.Engine.Effects","enum","TargetingPhase","760263"
"PvZCards.Engine.Effects","class","TransformedCardEffect","761356"
"PvZCards.Engine.Effects","class","TransformIntoCardFromSubsetEffect","761365"
"PvZCards.Engine.Effects","class","TriggeredAbilityEndEffect","761062"
"PvZCards.Engine.Effects","class","TriggeredAbilityStartEffect","761383"
"PvZCards.Engine.Effects","class","TriggeredEffect","760122"
"PvZCards.Engine.Effects","class","TurnEndEffect","761401"
"PvZCards.Engine.Effects","class","TurnIntoGravestoneEffect","761410"
"PvZCards.Engine.Effects","class","TurnStartCompleteEffect","761419"
"PvZCards.Engine.Effects","class","TurnStartEffect","761431"
"PvZCards.Engine.Effects","class","UnslowEffect","761452"
"PvZCards.Engine.Effects","class","ZombieMainPhaseStartEffect","761071"
"PvZCards.Engine.Performance","class","DummyPerfTracker","756049"
"PvZCards.Engine.Performance","class","NullPerfTracker","756034"
"PvZCards.Engine.Performance","class","PerfTracker","756019"
"PvZCards.Engine.Queries","class","AdjacentLaneQuery","758827"
"PvZCards.Engine.Queries","class","AlwaysMatchesQuery","758288"
"PvZCards.Engine.Queries","class","AttackComparisonQuery","758849"
"PvZCards.Engine.Queries","class","BehindSameLaneQuery","758871"
"PvZCards.Engine.Queries","class","BlockMeterValueQuery","758306"
"PvZCards.Engine.Queries","class","CardGuidQuery","758328"
"PvZCards.Engine.Queries","class","CardsInHandQuery","758349"
"PvZCards.Engine.Queries","class","CheatCardQuery","758374"
"PvZCards.Engine.Queries","struct","CombatOrderExtents","759072"
"PvZCards.Engine.Queries","class","CompositeAllQuery","759085"
"PvZCards.Engine.Queries","class","CompositeAnyQuery","759097"
"PvZCards.Engine.Queries","class","CompositeQuery","759109"
"PvZCards.Engine.Queries","class","CustomTagQuery","759183"
"PvZCards.Engine.Queries","class","DamageTakenComparisonQuery","758889"
"PvZCards.Engine.Queries","class","DrawnCardQuery","758392"
"PvZCards.Engine.Queries","class","EffectEntityOwnerIsAliveQuery","759204"
"PvZCards.Engine.Queries","class","EffectEntityOwnerWillTriggerEffectsQuery","759222"
"PvZCards.Engine.Queries","class","EffectSourceQuery","759243"
"PvZCards.Engine.Queries","class","FighterQuery","759267"
"PvZCards.Engine.Queries","class","HasComponentQuery","759285"
"PvZCards.Engine.Queries","class","HasNamedAbilityQuery","758512"
"PvZCards.Engine.Queries","class","HealthComparisonQuery","759004"
"PvZCards.Engine.Queries","class","InAdjacentLaneQuery","759036"
"PvZCards.Engine.Queries","class","InEnvironmentQuery","758410"
"PvZCards.Engine.Queries","class","InFrontSameLaneQuery","759320"
"PvZCards.Engine.Queries","class","InHandQuery","759338"
"PvZCards.Engine.Queries","class","InLaneAdjacentToLaneQuery","758983"
"PvZCards.Engine.Queries","class","InLaneQuery","759725"
"PvZCards.Engine.Queries","class","InLaneSameAsLaneQuery","759356"
"PvZCards.Engine.Queries","class","InOneTimeEffectZoneQuery","758434"
"PvZCards.Engine.Queries","class","InSameLaneQuery","759383"
"PvZCards.Engine.Queries","class","InUnopposedLaneQuery","759407"
"PvZCards.Engine.Queries","class","IsActiveQuery","758911"
"PvZCards.Engine.Queries","class","IsAliveQuery","759428"
"PvZCards.Engine.Queries","class","IsTargetableInFieldOfPlayQuery","759446"
"PvZCards.Engine.Queries","class","IsTrickableQuery","758452"
"PvZCards.Engine.Queries","class","KilledByQuery","758485"
"PvZCards.Engine.Queries","class","LacksComponentQuery","759672"
"PvZCards.Engine.Queries","class","LaneOfIndexQuery","759704"
"PvZCards.Engine.Queries","class","LaneWithMatchingEnvironmentQuery","758533"
"PvZCards.Engine.Queries","class","LaneWithMatchingFighterQuery","758554"
"PvZCards.Engine.Queries","class","LaneWithoutFighterForPlayerQuery","759743"
"PvZCards.Engine.Queries","class","LaneWithTeamupQuery","758575"
"PvZCards.Engine.Queries","class","LastLaneOfSelfQuery","758599"
"PvZCards.Engine.Queries","class","LocationListFinder","759374"
"PvZCards.Engine.Queries","class","ModifiedAttackQuery","758929"
"PvZCards.Engine.Queries","class","ModifiedHealthQuery","758947"
"PvZCards.Engine.Queries","class","NotQuery","759764"
"PvZCards.Engine.Queries","class","NullQuery","759788"
"PvZCards.Engine.Queries","class","OnTerrainQuery","759806"
"PvZCards.Engine.Queries","class","OpenLaneQuery","759468"
"PvZCards.Engine.Queries","class","OpponentQuery","759830"
"PvZCards.Engine.Queries","class","OriginalTargetCardGuidQuery","758620"
"PvZCards.Engine.Queries","class","PlayerWithEmptyDeckQuery","758965"
"PvZCards.Engine.Queries","class","SameFactionQuery","758638"
"PvZCards.Engine.Queries","class","SameLaneAsTargetQuery","759500"
"PvZCards.Engine.Queries","class","SameLaneQuery","759518"
"PvZCards.Engine.Queries","class","SelfQuery","759851"
"PvZCards.Engine.Queries","class","SourceQuery","759539"
"PvZCards.Engine.Queries","class","SpringboardedOnSelfQuery","758656"
"PvZCards.Engine.Queries","class","StatComparisonEvaluator","759567"
"PvZCards.Engine.Queries","enum","StatComparisonOperator","759557"
"PvZCards.Engine.Queries","class","SubsetQuery","758674"
"PvZCards.Engine.Queries","class","SubtypeQuery","759585"
"PvZCards.Engine.Queries","class","SunCostComparisonQuery","758695"
"PvZCards.Engine.Queries","class","SunCostPlusNComparisonQuery","758717"
"PvZCards.Engine.Queries","class","SunCounterComparisonQuery","759606"
"PvZCards.Engine.Queries","class","TargetableInPlayFighterQuery","758739"
"PvZCards.Engine.Queries","class","TargetCardGuidQuery","758766"
"PvZCards.Engine.Queries","class","TargetQuery","759869"
"PvZCards.Engine.Queries","class","TrickQuery","759628"
"PvZCards.Engine.Queries","class","TurnCountQuery","758784"
"PvZCards.Engine.Queries","class","WasInSameLaneAsSelfQuery","758806"
"PvZCards.Engine.Queries","class","WillTriggerEffectsQuery","759646"
"PvZCards.Engine.Queries","class","WillTriggerOnDeathEffectsQuery","759887"
"PvZCards.Engine.Queries","class","ZeroHealthQuery","759912"
"PvZCards.Engine.Records","class","AbilityGrantedRecord","756851"
"PvZCards.Engine.Records","class","AbilityRemovedRecord","756876"
"PvZCards.Engine.Records","class","AttackBuffExpirationRecord","756885"
"PvZCards.Engine.Records","class","BlockRecord","756910"
"PvZCards.Engine.Records","class","BuffRecord","756949"
"PvZCards.Engine.Records","class","CardIdData","757148"
"PvZCards.Engine.Records","class","CardMoveRecord","756981"
"PvZCards.Engine.Records","class","CardResetRecord","757013"
"PvZCards.Engine.Records","class","CardReturnedToPlayersDeckRecord","757037"
"PvZCards.Engine.Records","class","ChargeBlockMeterRecord","757062"
"PvZCards.Engine.Records","class","ChooseTargetPhaseEndRecord","757094"
"PvZCards.Engine.Records","class","ChooseTargetPhaseStartRecord","757103"
"PvZCards.Engine.Records","class","CombatPhaseEndRecord","757112"
"PvZCards.Engine.Records","class","CombatPhaseStartRecord","757121"
"PvZCards.Engine.Records","class","ConcedeRecord","757130"
"PvZCards.Engine.Records","class","CreateBoardAbilityRecord","756524"
"PvZCards.Engine.Records","class","CreateCardInLaneRecord","757168"
"PvZCards.Engine.Records","class","CreateCardsInDeckRecord","756542"
"PvZCards.Engine.Records","class","CreateEnvironmentInLaneRecord","756551"
"PvZCards.Engine.Records","class","CreateLaneRecord","757200"
"PvZCards.Engine.Records","class","DamageRecord","757225"
"PvZCards.Engine.Records","class","DeadlyDamageRecord","757648"
"PvZCards.Engine.Records","class","DestroyCardRecord","757283"
"PvZCards.Engine.Records","class","DiscardFromDeckRecord","757292"
"PvZCards.Engine.Records","class","DiscardFromPlayRecord","757327"
"PvZCards.Engine.Records","class","DiscardSuperpowerCardRecord","757348"
"PvZCards.Engine.Records","class","DrawCardFromSuperpowerPoolRecord","757380"
"PvZCards.Engine.Records","class","DrawCardRecord","757426"
"PvZCards.Engine.Records","class","DrawHandPhaseEndRecord","757461"
"PvZCards.Engine.Records","class","DrawHandPhaseStartRecord","757470"
"PvZCards.Engine.Records","class","DrawPlayerHandRecord","757479"
"PvZCards.Engine.Records","class","EffectRecord","757488"
"PvZCards.Engine.Records","class","EndInterruptTimerRecord","757537"
"PvZCards.Engine.Records","class","EndMulliganRecord","757546"
"PvZCards.Engine.Records","class","EndMulliganTimerRecord","757555"
"PvZCards.Engine.Records","class","EndTurnTimerRecord","757564"
"PvZCards.Engine.Records","class","ExtraAttackCancelledRecord","756569"
"PvZCards.Engine.Records","class","ExtraAttackRecord","756578"
"PvZCards.Engine.Records","class","FrenzyAttackRecord","756587"
"PvZCards.Engine.Records","class","GainSunRecord","757573"
"PvZCards.Engine.Records","class","HealCancelledRecord","756596"
"PvZCards.Engine.Records","class","HealRecord","757605"
"PvZCards.Engine.Records","class","HealthBuffExpirationRecord","757623"
"PvZCards.Engine.Records","class","KeepSuperblockRecord","757657"
"PvZCards.Engine.Records","class","LaneCombatEndRecord","757682"
"PvZCards.Engine.Records","class","LaneCombatStartRecord","757700"
"PvZCards.Engine.Records","class","LoseRecord","757718"
"PvZCards.Engine.Records","class","MinHealthBlockRecord","758249"
"PvZCards.Engine.Records","class","ModifySunCostRecord","757736"
"PvZCards.Engine.Records","class","MulliganCardRecord","757761"
"PvZCards.Engine.Records","class","MulliganPhaseEndRecord","757770"
"PvZCards.Engine.Records","class","MulliganPhaseStartRecord","757779"
"PvZCards.Engine.Records","class","NullDamageRecord","757788"
"PvZCards.Engine.Records","class","PhaseResumeRecord","757806"
"PvZCards.Engine.Records","class","PlantMainPhaseStartRecord","757815"
"PvZCards.Engine.Records","class","PlayCardToLanesRecord","757824"
"PvZCards.Engine.Records","class","PlayEnvironmentRecord","756695"
"PvZCards.Engine.Records","class","PlayerPhaseEndRecord","757873"
"PvZCards.Engine.Records","class","PlayFighterOnFighterRecord","756605"
"PvZCards.Engine.Records","class","PlayOneTimeEffectRecord","757882"
"PvZCards.Engine.Records","class","PlaySuperblockPhaseStartRecord","757917"
"PvZCards.Engine.Records","class","PlaySuperblockRecord","757942"
"PvZCards.Engine.Records","class","RecordFormatter","756734"
"PvZCards.Engine.Records","class","RedirectAbilityEndRecord","756765"
"PvZCards.Engine.Records","class","RedirectAbilityStartRecord","757967"
"PvZCards.Engine.Records","class","RemoveDisplacedFighterRecord","756651"
"PvZCards.Engine.Records","class","ReturnToHandFromPlayRecord","758017"
"PvZCards.Engine.Records","class","RevealPhaseEndRecord","756774"
"PvZCards.Engine.Records","class","RevealRecord","758032"
"PvZCards.Engine.Records","class","SetStatRecord","756783"
"PvZCards.Engine.Records","class","ShuffleGravestoneRecord","757985"
"PvZCards.Engine.Records","class","SlowRecord","758041"
"PvZCards.Engine.Records","class","StartGameRecord","758059"
"PvZCards.Engine.Records","class","StartInterruptTimerRecord","758068"
"PvZCards.Engine.Records","class","StartMulliganTimerRecord","758077"
"PvZCards.Engine.Records","class","StartTurnTimerRecord","758086"
"PvZCards.Engine.Records","class","SunCostDeductedRecord","758095"
"PvZCards.Engine.Records","class","SunCountIncrementedRecord","758127"
"PvZCards.Engine.Records","class","TransformIntoCardFromSubsetInHandRecord","756801"
"PvZCards.Engine.Records","class","TransformIntoCardFromSubsetRecord","758159"
"PvZCards.Engine.Records","class","TriggeredAbilityEndRecord","756792"
"PvZCards.Engine.Records","class","TriggeredAbilityGrantedRecord","756669"
"PvZCards.Engine.Records","class","TriggeredAbilityRemovedRecord","756826"
"PvZCards.Engine.Records","class","TriggeredAbilityStartRecord","758198"
"PvZCards.Engine.Records","class","TurnIntoGravestoneRecord","758207"
"PvZCards.Engine.Records","class","TurnStartCompleteRecord","758222"
"PvZCards.Engine.Records","class","TurnStartRecord","758231"
"PvZCards.Engine.Records","class","UnslowRecord","758050"
"PvZCards.Engine.Records","class","ZombieMainPhaseStartRecord","758270"
"PvZCards.Engine.Records","class","ZombieSurprisePhaseStartRecord","758279"
"PvZCards.Engine.Utilities","class","DateTimeUtils","756101"
"PvZCards.Engine.Utilities","class","DictionaryUtilities","756141"
"PvZCards.Engine.Utilities","interface","EntityStringFormatter","756194"
"PvZCards.Engine.Utilities","class","ExpiredIntModifierMatcher","756073"
"PvZCards.Engine.Utilities","class","FunnelPersistence","756221"
"PvZCards.Engine.Utilities","class","GroupedIntModifierMatcher","756085"
"PvZCards.Engine.Utilities","interface","IActionRouter","756276"
"PvZCards.Engine.Utilities","class","IdOnlyEntityStringFormatter","756203"
"PvZCards.Engine.Utilities","interface","IExecutable","756267"
"PvZCards.Engine.Utilities","class","InjectorUtil","756288"
"PvZCards.Engine.Utilities","interface","IntModifierMatcher","756064"
"PvZCards.Engine.Utilities","interface","IRoutineRunner","756297"
"PvZCards.Engine.Utilities","interface","ISyncCoordinator","756309"
"PvZCards.Engine.Utilities","class","ListUtilities","756357"
"PvZCards.Engine.Utilities","class","ModifiableIntCalculator","756381"
"PvZCards.Engine.Utilities","class","PlayerParameters","756394"
"PvZCards.Engine.Utilities","class","RarityUtils","756441"
"PvZCards.Engine.Utilities","class","ServerSyncResults","756333"
"PvZCards.Engine.Utilities","enum","SyncDataType","756453"
"PvZCards.Engine.Utilities","enum","SyncLevelRequired","756467"
"PvZCards.Engine.Utilities","enum","SyncStatus","756345"
"PvZCards.Engine.Utilities","class","UIBehaviorProgressPersistence","756478"
"PvZCards.Game","interface","AbilityGrantableTarget","202868"
"PvZCards.Game","class","AbilityGrantedRecordProcessor","196385"
"PvZCards.Game","class","AbilityGrantedToHeroAnimationFactory","196437"
"PvZCards.Game","class","AbilityRecordGroupFinder","196455"
"PvZCards.Game","class","AbilityRemovedFromHeroAnimationFactory","196446"
"PvZCards.Game","class","AbilityRemovedRecordProcessor","196492"
"PvZCards.Game","enum","ActionExecutionMethod","242747"
"PvZCards.Game","class","ActivateBlockMeterAnimation","196544"
"PvZCards.Game","class","ActivateEndButtonEffectAnimation","196593"
"PvZCards.Game","class","ActivateTargetToolTipHintSignal","215623"
"PvZCards.Game","class","ActiveInGameQuests","220831"
"PvZCards.Game","class","AddAssetBundleInterpreterCommand","195624"
"PvZCards.Game","class","AddGrantableAbilityAnimation","200533"
"PvZCards.Game","class","AddToTopOfDeckEventComponent","196645"
"PvZCards.Game","class","AddTurnStructureCommand","196664"
"PvZCards.Game","class","AddUnityResourceLoaderInterpreterCommand","195688"
"PvZCards.Game","class","AffinityCalculator","196738"
"PvZCards.Game","class","AiActionExecutionMethodDecider","242757"
"PvZCards.Game","class","AiConfigurationAsset","196811"
"PvZCards.Game","class","AiConfigurationFactoryFromAsset","196866"
"PvZCards.Game","class","AiConfigurationFromAsset","196830"
"PvZCards.Game","class","AiGameStateScoringCardValueOverrides","196882"
"PvZCards.Game","class","AiGameStateScoringValuesAsset","196921"
"PvZCards.Game","class","AiGameStateScoringValuesFromAsset","196959"
"PvZCards.Game","class","AiMulliganScoringTagValueOverrides","196907"
"PvZCards.Game","class","AiPlayerBehavior","197085"
"PvZCards.Game","class","AiProgressIndicatorView","197161"
"PvZCards.Game","class","AiProgressIndicatorViewMediator","197185"
"PvZCards.Game","class","AllInstancesOfPlayCardTrigger","214462"
"PvZCards.Game","class","AllInstancesOfRecordTrigger","214392"
"PvZCards.Game","class","AllyLaneViewElementProvider","222795"
"PvZCards.Game","class","AllyMulliganCardAnimation","197252"
"PvZCards.Game","class","AlternateAnimatorComponent","197438"
"PvZCards.Game","interface","AnimationEventAction","197488"
"PvZCards.Game","class","AnimationEventActionFactory","198412"
"PvZCards.Game","class","AnimationEventCommandContainer","198529"
"PvZCards.Game","class","AnimationEventData","201036"
"PvZCards.Game","enum","AnimationEventType","198580"
"PvZCards.Game","class","AssetBundleEnvironmentHandlerDecider","195740"
"PvZCards.Game","class","AssetBundleVersionTracker","195801"
"PvZCards.Game","class","AssetPathsManifestLoader","196267"
"PvZCards.Game","class","AssetVersionAssociation","195870"
"PvZCards.Game","class","AssetVersionMap","195887"
"PvZCards.Game","class","AssetVersionMapReader","195908"
"PvZCards.Game","interface","AttackAnimation","198607"
"PvZCards.Game","interface","AttackAnimationFactory","198625"
"PvZCards.Game","class","AttackComponent","198637"
"PvZCards.Game","class","AttackIconDecider","201494"
"PvZCards.Game","class","AutoDeckBuilder","198903"
"PvZCards.Game","struct","AutoDeckBuilderResults","198660"
"PvZCards.Game","class","AvatarStateMachine","199128"
"PvZCards.Game","class","BaseGameRoot","215326"
"PvZCards.Game","class","BeforeCombatWithBlockTrigger","214342"
"PvZCards.Game","class","BinaryDataService","221300"
"PvZCards.Game","class","BinaryJsonFallBackDataService","221330"
"PvZCards.Game","interface","BinaryLoader","220989"
"PvZCards.Game","class","BindConfigurationDecider","199182"
"PvZCards.Game","class","BindMultiplayerConfigUrlsCommand","199194"
"PvZCards.Game","class","BlockEventAction","197828"
"PvZCards.Game","class","BlockingCardPlayedSignal","223448"
"PvZCards.Game","class","BlockingPredictor","232685"
"PvZCards.Game","class","BlockMeterAnimationProperties","223458"
"PvZCards.Game","struct","BlockMeterCharge","199222"
"PvZCards.Game","class","BlockMeterChargeQueue","199238"
"PvZCards.Game","enum","BlockMeterFillDirection","199321"
"PvZCards.Game","class","BlockMeterTextAnimation","199259"
"PvZCards.Game","class","BlockMeterViewComponent","199331"
"PvZCards.Game","class","BlockRecordProcessor","199368"
"PvZCards.Game","class","BoardAbilityView","199420"
"PvZCards.Game","class","BoardAssetBundlePathCreator","223914"
"PvZCards.Game","class","BoardAssetUnloader","199657"
"PvZCards.Game","class","BoardEntry","228172"
"PvZCards.Game","class","BoardFactionShellNameDecider","224120"
"PvZCards.Game","class","BoardLoadedSignal","215686"
"PvZCards.Game","class","BoardNameDecider","199736"
"PvZCards.Game","class","BoardShellNames","223905"
"PvZCards.Game","class","BoardTappedSignal","215641"
"PvZCards.Game","class","BoardViewComponent","199811"
"PvZCards.Game","class","BoardViewMediator","199826"
"PvZCards.Game","class","BoardViewMediator_PC","199888"
"PvZCards.Game","class","BounceEventAction","198292"
"PvZCards.Game","interface","BuffableStatTarget","202923"
"PvZCards.Game","class","BuffAnimationController","199997"
"PvZCards.Game","interface","BuffAnimationFactory","200201"
"PvZCards.Game","class","BuffCardEffectAnimation","200049"
"PvZCards.Game","class","BuffComponent","200229"
"PvZCards.Game","class","BuffEventAction","197862"
"PvZCards.Game","class","BuffRecordProcessor","200289"
"PvZCards.Game","class","CachePlaysCommand","200359"
"PvZCards.Game","class","CallTriggerAnimation","200423"
"PvZCards.Game","class","CallTriggerRemoveGrantAbilityAnimationFactory","200411"
"PvZCards.Game","class","CameraController","200459"
"PvZCards.Game","class","CameraHandle","200483"
"PvZCards.Game","class","CameraResizer","195519"
"PvZCards.Game","class","CanvasResizer","195568"
"PvZCards.Game","class","CardAbilityGrantedAnimationFactory","200512"
"PvZCards.Game","class","CardAbilityRemovedAnimationFactory","200596"
"PvZCards.Game","class","CardAbilityToToolTipMapper","200656"
"PvZCards.Game","class","CardAssetsTask","200811"
"PvZCards.Game","class","CardAssetUnloader","203874"
"PvZCards.Game","interface","CardAvatarAnimationEventListener","197476"
"PvZCards.Game","class","CardAvatarAssetTask","200937"
"PvZCards.Game","interface","CardAvatarView","200949"
"PvZCards.Game","class","CardAvatarViewComponent","201072"
"PvZCards.Game","class","CardBackAssetTask","201255"
"PvZCards.Game","interface","CardBackView","201270"
"PvZCards.Game","class","CardBackViewComponent","201287"
"PvZCards.Game","class","CardDamageAnimation","201327"
"PvZCards.Game","class","CardDraggedSignal","215533"
"PvZCards.Game","class","CardEntry","201388"
"PvZCards.Game","class","CardEntryGroup","201409"
"PvZCards.Game","class","CardFrameAssetTask","201431"
"PvZCards.Game","class","CardFrameIconSprites","201443"
"PvZCards.Game","enum","CardFrameIconType","201472"
"PvZCards.Game","class","CardFrameIconView","201633"
"PvZCards.Game","class","CardFrameOnBoardSprites","201690"
"PvZCards.Game","class","CardFrameOnBoardSpriteView","202029"
"PvZCards.Game","struct","CardFrameSpriteData","202159"
"PvZCards.Game","enum","CardFrameType","202146"
"PvZCards.Game","interface","CardFrameView","201707"
"PvZCards.Game","class","CardFrameViewComponent","201829"
"PvZCards.Game","class","CardFrameViewFrameSprites","202057"
"PvZCards.Game","class","CardHealAnimation","202177"
"PvZCards.Game","class","CardHitAreaConfig","204007"
"PvZCards.Game","class","CardHoverStateChangedEventArgs","201352"
"PvZCards.Game","class","CardInHandController","202200"
"PvZCards.Game","class","CardInHandFromHolderAssetTask","202298"
"PvZCards.Game","class","CardInHandPressedSignal","215506"
"PvZCards.Game","class","CardInHandReleasedSignal","215542"
"PvZCards.Game","class","CardInHandSelectionChangedSignal","215830"
"PvZCards.Game","class","CardInHandStateMachine","202365"
"PvZCards.Game","class","CardInspectabilityChecker","202386"
"PvZCards.Game","class","CardInspectionUtilities","202490"
"PvZCards.Game","class","CardMoveRecordProcessor","202626"
"PvZCards.Game","class","CardPlayabilitySetter","202666"
"PvZCards.Game","class","CardPlayedTrigger","214239"
"PvZCards.Game","class","CardPlayTriggerUtility","214227"
"PvZCards.Game","class","CardResetEffectAnimation","202745"
"PvZCards.Game","class","CardResetRecordProcessor","202807"
"PvZCards.Game","class","CardRotationTweener","197400"
"PvZCards.Game","class","CardShellAssetTask","202847"
"PvZCards.Game","interface","CardShellPieceProvider","200780"
"PvZCards.Game","interface","CardTarget","202880"
"PvZCards.Game","class","CardTextConstants","202944"
"PvZCards.Game","class","CardTextGenerator","203014"
"PvZCards.Game","class","CardTimelinePlayer","203081"
"PvZCards.Game","class","CardToLoadDescriptor","224188"
"PvZCards.Game","class","CardTooltipTextFactory","203106"
"PvZCards.Game","class","CardToolTipViewComponent","203207"
"PvZCards.Game","interface","CardView","203294"
"PvZCards.Game","class","CardViewAddIconAnimation","204390"
"PvZCards.Game","class","CardViewComponent","203472"
"PvZCards.Game","class","CardViewConfiguration","203938"
"PvZCards.Game","class","CardViewConstants","203776"
"PvZCards.Game","class","CardViewDeleter","203813"
"PvZCards.Game","class","CardViewFactory","203956"
"PvZCards.Game","class","CardViewIconUtils","204029"
"PvZCards.Game","class","CardViewMapper","204078"
"PvZCards.Game","class","CardViewMediator","204148"
"PvZCards.Game","class","CardViewRemoveIconAnimation","204353"
"PvZCards.Game","struct","CardViewState","204311"
"PvZCards.Game","class","CardViewStateFactory","204325"
"PvZCards.Game","interface","CardVisualEffect","204482"
"PvZCards.Game","class","CardVisualEffectManager","204570"
"PvZCards.Game","enum","CardVisualEffectType","204472"
"PvZCards.Game","class","ChargeBlockMeterAnimation","204600"
"PvZCards.Game","class","ChargeBlockMeterEventAction","198211"
"PvZCards.Game","class","ChargeBlockMeterRecordProcessor","204649"
"PvZCards.Game","class","CheckForGameErrorCommand","204677"
"PvZCards.Game","class","ChooseTargetPhaseEndSignal","215794"
"PvZCards.Game","class","ChooseTargetPhaseStartSignal","215785"
"PvZCards.Game","class","ClearPlayerProgressCommand","204717"
"PvZCards.Game","class","ClearPlayerProgressSignal","215947"
"PvZCards.Game","class","ClearProgressionNodeProgressCommand","204745"
"PvZCards.Game","class","ClearProgressionNodeProgressSignal","215956"
"PvZCards.Game","class","CloseExitMatchDialogCommand","204794"
"PvZCards.Game","class","CloseExitMatchDialogSignal","204785"
"PvZCards.Game","class","Colorizer","204822"
"PvZCards.Game","class","CombatAnimationFactory","206593"
"PvZCards.Game","class","CombatAnimationSequenceFactory","206538"
"PvZCards.Game","class","CombatPhaseStartPredictor","232644"
"PvZCards.Game","class","CombatPhaseStartRecordProcessor","204844"
"PvZCards.Game","class","CombatPhaseStartSignal","215758"
"PvZCards.Game","class","CombatTutorialAnimation","204917"
"PvZCards.Game","class","CombatTutorialEventComponent","205028"
"PvZCards.Game","class","CombatTutorialRecordProcessor","205046"
"PvZCards.Game","class","CombatTutorialRecordProcessorFactory","205139"
"PvZCards.Game","class","CompositeEventAction","197571"
"PvZCards.Game","class","ConcedeCommand","205269"
"PvZCards.Game","class","ConcedeForOpponentCommand","205201"
"PvZCards.Game","class","ConcedeForOpponentSignal","216055"
"PvZCards.Game","class","ConcedeForPlayerCommand","205167"
"PvZCards.Game","class","ConcedeRecordProcessor","205355"
"PvZCards.Game","class","ConcedForPlayerSignal","216046"
"PvZCards.Game","class","ConfigurableDeckDataService","205488"
"PvZCards.Game","class","ConfigurableNodeDataService","205506"
"PvZCards.Game","class","CopernicusPvpCheaterMetrics","205524"
"PvZCards.Game","class","CreateBoardAbilitiesViewCommand","205552"
"PvZCards.Game","class","CreateBoardAbilityAnimation","205624"
"PvZCards.Game","class","CreateBoardAbilityEventAction","198391"
"PvZCards.Game","class","CreateCardAnimation","205659"
"PvZCards.Game","class","CreateCardEventAction","197951"
"PvZCards.Game","class","CreateEnvironmentAnimation","205744"
"PvZCards.Game","class","CreateEnvironmentEventAction","197978"
"PvZCards.Game","class","CreateLaneAnimation","205780"
"PvZCards.Game","class","CreateLaneEventComponent","205846"
"PvZCards.Game","class","CreateLaneRecordProcessor","205868"
"PvZCards.Game","class","CreateViewsForExistingCardsCommand","205974"
"PvZCards.Game","class","CurrentAssetVersion","195923"
"PvZCards.Game","interface","CurrentNodeConfigGrabber","206100"
"PvZCards.Game","class","CustomAssetBundleUriAsset","195936"
"PvZCards.Game","class","CustomOnPlayEffectTime","206126"
"PvZCards.Game","class","CutsceneAnimation","206141"
"PvZCards.Game","class","CutsceneEventComponent","206279"
"PvZCards.Game","class","CutsceneEventRecordProcessor","206305"
"PvZCards.Game","class","CutsceneEventRecordProcessorFactory","206353"
"PvZCards.Game","class","CutsceneViewComponent","206396"
"PvZCards.Game","class","DamageAnimationGroupFactory","206443"
"PvZCards.Game","class","DamageEventAction","197752"
"PvZCards.Game","class","DamageRecordProcessor","206486"
"PvZCards.Game","class","DamageVisualUtility","206699"
"PvZCards.Game","class","DeactivateHighlightsCommand","206757"
"PvZCards.Game","class","DeactivateHighlightSignal","215587"
"PvZCards.Game","class","DeactivatePlayableHighlightSignal","215614"
"PvZCards.Game","class","DeactivatePlayTargetHighlightsCommand","206821"
"PvZCards.Game","class","DeactivateTargetToolTipHintSignal","215632"
"PvZCards.Game","class","DeathTriggerDestroyCardEffectAnimation","206861"
"PvZCards.Game","struct","DebuffInfo","239739"
"PvZCards.Game","class","DeckAsset","206944"
"PvZCards.Game","interface","DeckDataConverter","206935"
"PvZCards.Game","class","DeckRecipeDefinition","206982"
"PvZCards.Game","class","DeckRecipeList","207007"
"PvZCards.Game","class","DeckTheme","207083"
"PvZCards.Game","interface","DeckThemeInterface","207019"
"PvZCards.Game","interface","DeckThemeLoaderInterface","207153"
"PvZCards.Game","class","DeckThemeProvider","207162"
"PvZCards.Game","class","DeductSunAnimation","207195"
"PvZCards.Game","class","DefaultBindingExecutable","207247"
"PvZCards.Game","class","DefaultEffectVisual","207325"
"PvZCards.Game","class","DefaultEffectVisualFactory","207281"
"PvZCards.Game","class","DefaultGamePredictionHistoryModel","215064"
"PvZCards.Game","class","DelayEffectAnimation","207411"
"PvZCards.Game","class","DelayExecutableFactory","207548"
"PvZCards.Game","class","DestroyCardEffectAnimation","207590"
"PvZCards.Game","class","DestroyCardEventAction","198234"
"PvZCards.Game","class","DevAssetBundleVersionHandler","195950"
"PvZCards.Game","class","Dimmer","207698"
"PvZCards.Game","class","DimmerOverride","207780"
"PvZCards.Game","class","DiscardFromDeckSignal","215497"
"PvZCards.Game","class","DiscardFromPlayRecordProcessor","207792"
"PvZCards.Game","class","DiscardFromPlaySignal","215524"
"PvZCards.Game","class","DismissCardInspectionSignal","215407"
"PvZCards.Game","class","DispatchSignalCommand","196337"
"PvZCards.Game","class","DoneButtonFtuiTextAnimationParameter","207953"
"PvZCards.Game","class","DoneButtonTextHintView","207929"
"PvZCards.Game","class","DoneButtonTextHintViewMediator","207965"
"PvZCards.Game","class","DragCardToLaneTutorialAnimation","208011"
"PvZCards.Game","class","DragCardToLaneTutorialEventComponent","208114"
"PvZCards.Game","class","DragCardToLaneTutorialRecordProcessor","208135"
"PvZCards.Game","class","DragCardToLaneTutorialRecordProcessorFactory","208184"
"PvZCards.Game","class","DragCardToLaneTutorialViewComponent","208240"
"PvZCards.Game","class","DragModel","208281"
"PvZCards.Game","class","DrawAllCardAnimationFactory","208371"
"PvZCards.Game","class","DrawAllCardsAnimation","208312"
"PvZCards.Game","class","DrawAllCardsEventAction","198252"
"PvZCards.Game","enum","DrawAnimationType","208302"
"PvZCards.Game","class","DrawCardAnimation","208399"
"PvZCards.Game","interface","DrawCardAnimationFactory","208433"
"PvZCards.Game","class","DrawCardCalloutAnimation","208442"
"PvZCards.Game","class","DrawCardCalloutEventComponent","208552"
"PvZCards.Game","class","DrawCardCalloutRecordProcessor","208635"
"PvZCards.Game","class","DrawCardCalloutRecordProcessorFactory","208582"
"PvZCards.Game","class","DrawCardData","208622"
"PvZCards.Game","interface","DrawCardForHandAnimationFactory","208424"
"PvZCards.Game","class","DrawCardForMulliganAnimation","208747"
"PvZCards.Game","interface","DrawCardForMulliganAnimationFactory","208420"
"PvZCards.Game","class","DrawCardRecordProcessor","208827"
"PvZCards.Game","class","DrawCardsForHandAnimation","208960"
"PvZCards.Game","class","DrawHandData","208814"
"PvZCards.Game","class","DrawHandEndSignal","215704"
"PvZCards.Game","class","DrawHandStartSignal","215695"
"PvZCards.Game","class","DrawSpecificCardTrigger","214413"
"PvZCards.Game","class","DrawSuperblockAnimationConfig","225469"
"PvZCards.Game","class","DrawSuperpowerAnimationFactory","209013"
"PvZCards.Game","class","DrawSuperpowerRecordProcessor","209041"
"PvZCards.Game","class","DuplicatePlayReceivedSignal","216064"
"PvZCards.Game","class","DynamicDifficultyAsset","209150"
"PvZCards.Game","interface","DynamicDifficultyDataConverter","209141"
"PvZCards.Game","class","EffectAnimation","209173"
"PvZCards.Game","class","EffectAnimationFactory","209258"
"PvZCards.Game","class","EffectAnimationGroup","209319"
"PvZCards.Game","class","EffectAnimationQueue","209379"
"PvZCards.Game","class","EffectFloater","209546"
"PvZCards.Game","struct","EffectFloaterAnimationConfig","209631"
"PvZCards.Game","class","EffectFloaterMap","209587"
"PvZCards.Game","class","EffectTagAnimation","209493"
"PvZCards.Game","class","EffectTagAnimationFactory","209459"
"PvZCards.Game","struct","EffectTagData","209528"
"PvZCards.Game","class","EffectTagVisuals","209599"
"PvZCards.Game","class","EffectTagVisualsMediator","209660"
"PvZCards.Game","struct","EffectVisualConfig","209641"
"PvZCards.Game","class","EffectVisualFactory","209778"
"PvZCards.Game","enum","EffectVisualType","209651"
"PvZCards.Game","class","EnableSurprisePhaseAnimation","209811"
"PvZCards.Game","class","EnableSurprisePhaseEventComponent","209848"
"PvZCards.Game","class","EnableSurprisePhaseRecordProcessor","209868"
"PvZCards.Game","class","EnableSurprisePhaseRecordProcessorFactory","209916"
"PvZCards.Game","class","EnableSurprisePhaseSignal","215965"
"PvZCards.Game","class","EndGameDueToErrorSignal","215479"
"PvZCards.Game","class","EndGameDueToInactivitySignal","215470"
"PvZCards.Game","class","EndInactiveGameCommand","205235"
"PvZCards.Game","class","EndMulliganAnimation","209990"
"PvZCards.Game","class","EndMulliganCommand","210056"
"PvZCards.Game","class","EndMulliganPrematurelyAnimation","210132"
"PvZCards.Game","class","EndMulliganRecordProcessor","210191"
"PvZCards.Game","class","EndMulliganSignal","215677"
"PvZCards.Game","class","EndSubTurnStateAnimation","243441"
"PvZCards.Game","class","EndTurnAnimatorParameters","210408"
"PvZCards.Game","interface","EndTurnButtonHandler","210294"
"PvZCards.Game","class","EndTurnButtonMachineBuilder","210340"
"PvZCards.Game","class","EndTurnButtonView","210355"
"PvZCards.Game","class","EndTurnButtonViewMediator","210457"
"PvZCards.Game","class","EndTurnCommand","210777"
"PvZCards.Game","class","EndTurnEffectAnimation","210862"
"PvZCards.Game","enum","EndTurnEvents","210432"
"PvZCards.Game","class","EndTurnSignal","215398"
"PvZCards.Game","enum","EndTurnSpriteStates","210447"
"PvZCards.Game","enum","EndTurnStates","210421"
"PvZCards.Game","class","EndTurnTimerAnimation","210898"
"PvZCards.Game","class","EntityBecameEffectSourceSignal","215578"
"PvZCards.Game","class","EntityBecamePlayableSignal","215596"
"PvZCards.Game","class","EntityBecameUnplayableSignal","215605"
"PvZCards.Game","class","EntityBecameValidAllyTargetSignal","215560"
"PvZCards.Game","class","EntityBecameValidEnemyTargetSignal","215569"
"PvZCards.Game","class","EntityDraggedSignal","215659"
"PvZCards.Game","class","EntityDraggedToPlaySuccessSignal","216019"
"PvZCards.Game","class","EntityGestureData","210945"
"PvZCards.Game","class","EntityGestureDataFactory","210984"
"PvZCards.Game","class","EntityTappedSignal","215650"
"PvZCards.Game","class","EntityViewMapper","211012"
"PvZCards.Game","class","EventActionSequencedEffectAnimation","211097"
"PvZCards.Game","class","Evolution","211130"
"PvZCards.Game","class","EvolutionVisualEffect","211154"
"PvZCards.Game","class","ExceptionThrowingLoadAssetPathsManifestCommand","196255"
"PvZCards.Game","interface","Executable","235079"
"PvZCards.Game","interface","ExecutableFactory","235061"
"PvZCards.Game","enum","ExecutableFactoryKeys","235070"
"PvZCards.Game","class","ExecuteActionEffectAnimation","211209"
"PvZCards.Game","class","ExitMatchCommand","211240"
"PvZCards.Game","class","ExitMatchSignal","211231"
"PvZCards.Game","class","ExtraAttackCancelledAnimation","211359"
"PvZCards.Game","class","ExtraAttackCancelledRecordProcessor","211319"
"PvZCards.Game","class","ExtraAttackRecordProcessor","211421"
"PvZCards.Game","class","FailedToPlayCardSignal","230403"
"PvZCards.Game","class","FastJsonDataService","221452"
"PvZCards.Game","class","FileReaderDataServiceBase","221123"
"PvZCards.Game","class","FinalBlowConfigAsset","211461"
"PvZCards.Game","class","FinalBlowEffectAnimation","211494"
"PvZCards.Game","class","FinalBlowEffectAnimationStartedSignal","211485"
"PvZCards.Game","class","FinalBlowExplosionView","211743"
"PvZCards.Game","class","FinalBlowExplosionViewMediator","211780"
"PvZCards.Game","class","FinishBlockAnimation","211835"
"PvZCards.Game","class","FinishedVerifyingPlaySignal","223439"
"PvZCards.Game","class","FirstBlockTrigger","214321"
"PvZCards.Game","class","FloatingTextController","211882"
"PvZCards.Game","interface","FloatingTextView","211934"
"PvZCards.Game","class","FloatingTextViewComponent","211938"
"PvZCards.Game","class","FloatingTextViewMediator","211981"
"PvZCards.Game","class","ForceEndTurnCommand","212193"
"PvZCards.Game","class","ForceEndTurnSignal","212184"
"PvZCards.Game","class","ForceHideSignal","228134"
"PvZCards.Game","class","FrenzyAttackRecordProcessor","212311"
"PvZCards.Game","class","FTUEMessageAnimation","212351"
"PvZCards.Game","class","FTUEMessageEventComponent","212438"
"PvZCards.Game","class","FTUEMessageRecordProcessor","212472"
"PvZCards.Game","class","FTUEMessageRecordProcessorFactory","212521"
"PvZCards.Game","class","FTUEMessageTracker","212573"
"PvZCards.Game","interface","FTUEMessageView","212594"
"PvZCards.Game","class","FTUEMessageViewComponent","212689"
"PvZCards.Game","class","FTUEMessageViewComponentMediator","212818"
"PvZCards.Game","class","FTUEMessageViewFactory","212864"
"PvZCards.Game","class","FullDamageRecordDataProvider","234163"
"PvZCards.Game","class","FullScreenAnimationModel","200703"
"PvZCards.Game","class","FullScreenStartedSignal","200685"
"PvZCards.Game","class","FullScreenStoppedSignal","200694"
"PvZCards.Game","class","GainSunEventAction","197907"
"PvZCards.Game","class","GainSunRecordProcessor","212938"
"PvZCards.Game","class","GameConfig","212978"
"PvZCards.Game","class","GameConfigCurrentNodeConfigGrabber","206109"
"PvZCards.Game","class","GameConfigPlayerSelectionDataSetter","213028"
"PvZCards.Game","class","GameConfigUtils","213134"
"PvZCards.Game","class","GameContext","225234"
"PvZCards.Game","class","GameContextMapper","213216"
"PvZCards.Game","class","GameContextStartedSignal","215371"
"PvZCards.Game","class","GameEndDatabag","213287"
"PvZCards.Game","class","GameEnder","233558"
"PvZCards.Game","class","GameEntryFlowBinder","213309"
"PvZCards.Game","class","GameEntryGateKeeper","213327"
"PvZCards.Game","class","GameErrorNotifier","213490"
"PvZCards.Game","interface","GameEventData","213626"
"PvZCards.Game","class","GameEventDataComponent","213644"
"PvZCards.Game","class","GameEventDismisser","213672"
"PvZCards.Game","class","GameEventDismisserEditorData","213882"
"PvZCards.Game","class","GameEventDismisserFactory","213690"
"PvZCards.Game","class","GameEventRecordProcessor","213919"
"PvZCards.Game","interface","GameEventRecordProcessorFactory","213937"
"PvZCards.Game","class","GameEventRecordProcessorFactoryMap","213955"
"PvZCards.Game","enum","GameEventRecordProcessorKeys","213910"
"PvZCards.Game","interface","GameEventTrigger","214136"
"PvZCards.Game","class","GameEventTriggerEditorData","214481"
"PvZCards.Game","class","GameEventTriggerFactory","214151"
"PvZCards.Game","class","GameFailedSignal","215488"
"PvZCards.Game","enum","GameInputState","214499"
"PvZCards.Game","class","GameInputStateChangedSignal","215722"
"PvZCards.Game","class","GameInputStateHolder","214528"
"PvZCards.Game","class","GameInputStateUtils","214516"
"PvZCards.Game","class","GameLoadingView","214696"
"PvZCards.Game","class","GameLoadingViewMediator","214708"
"PvZCards.Game","class","GameLostCloseButtonView","214754"
"PvZCards.Game","class","GameLostSignal","215443"
"PvZCards.Game","class","GameOverEffectAnimation","214782"
"PvZCards.Game","class","GameOverRecordProcessor","214922"
"PvZCards.Game","interface","GamePaceConfig","236732"
"PvZCards.Game","interface","GamePredictionHistoryModel","214998"
"PvZCards.Game","class","GamePredictorHistoryProcessor","215105"
"PvZCards.Game","class","GamePredictorHistoryProcessorMap","215194"
"PvZCards.Game","class","GameReadySignal","215425"
"PvZCards.Game","class","GameRemovedSignal","237317"
"PvZCards.Game","class","GameRoot","215341"
"PvZCards.Game","class","GameScreen","237662"
"PvZCards.Game","class","GameScreenBuilder","237551"
"PvZCards.Game","class","GameSetupCompleteSignal","215416"
"PvZCards.Game","class","GameSignalBinder","215353"
"PvZCards.Game","class","GamesPlayedWithoutEloMultiplierUpdater","216073"
"PvZCards.Game","class","GameStateUpdatedSignal","215389"
"PvZCards.Game","class","GameTestRoot","216140"
"PvZCards.Game","class","GameUnintensifySignal","215875"
"PvZCards.Game","class","GameView","216155"
"PvZCards.Game","class","GameViewMediator","216246"
"PvZCards.Game","class","GameWonCloseButtonView","216319"
"PvZCards.Game","class","GameWonSignal","215434"
"PvZCards.Game","interface","GatsKeyProvider","216347"
"PvZCards.Game","class","GatsKeyProviderComponent","216356"
"PvZCards.Game","class","GenericSoundData","216368"
"PvZCards.Game","class","GenericSoundEventCommand","216386"
"PvZCards.Game","class","GenericSoundEventEffectAnimation","216426"
"PvZCards.Game","class","GenericSoundSignal","215857"
"PvZCards.Game","class","GrantAbilityEventAction","198070"
"PvZCards.Game","interface","GrantableAbilityVisualsComponent","229642"
"PvZCards.Game","class","GrantTriggeredAbilityEventAction","198091"
"PvZCards.Game","class","GravestoneAssetTask","216462"
"PvZCards.Game","class","GravestoneInspectionModel","216474"
"PvZCards.Game","class","GravestoneSpyGrantedAnimation","216495"
"PvZCards.Game","class","GravestoneSpyRemovedAnimation","216542"
"PvZCards.Game","class","GravestoneSpyView","216632"
"PvZCards.Game","interface","GravestoneView","216668"
"PvZCards.Game","class","GravestoneViewComponent","216692"
"PvZCards.Game","class","GravestoneViewStateUtility","216589"
"PvZCards.Game","class","HandAnimationRunner","216792"
"PvZCards.Game","interface","HandController","202317"
"PvZCards.Game","class","HandleBoardTappedCommand","216820"
"PvZCards.Game","class","HandleGameSetupCompleteCommand","216920"
"PvZCards.Game","class","HandleInterruptPhaseTurnTimerCompleteCommand","216957"
"PvZCards.Game","class","HandleMainPhaseTurnTimerCompleteCommand","217030"
"PvZCards.Game","class","HandleMulliganPhaseTurnTimerCompleteCommand","217142"
"PvZCards.Game","class","HandPositioner","217288"
"PvZCards.Game","class","HandRow","217233"
"PvZCards.Game","interface","HandView","217364"
"PvZCards.Game","class","HandViewComponent","217448"
"PvZCards.Game","interface","HandViewPositioningInfoProvider","217717"
"PvZCards.Game","class","HealCancelledEventAction","198370"
"PvZCards.Game","class","HealEffectVisualFactory","217777"
"PvZCards.Game","class","HealEventAction","197930"
"PvZCards.Game","class","HealRecordProcessor","217786"
"PvZCards.Game","class","HealthEmitter","217826"
"PvZCards.Game","class","HealthIconDecider","201503"
"PvZCards.Game","interface","HealthTarget","202898"
"PvZCards.Game","class","HeraldAnimation","217843"
"PvZCards.Game","class","HeraldEventAction","217892"
"PvZCards.Game","class","HeroActivePhaseEffectAnimation","217929"
"PvZCards.Game","class","HeroAsset","218001"
"PvZCards.Game","class","HeroAssetUnloader","218066"
"PvZCards.Game","interface","HeroAvatarView","218111"
"PvZCards.Game","class","HeroAvatarViewComponent","218227"
"PvZCards.Game","class","HeroBlockAnimator","218360"
"PvZCards.Game","class","HeroCelebrateEffectAnimation","218389"
"PvZCards.Game","class","HeroDamageCommand","218564"
"PvZCards.Game","struct","HeroDamageDatabag","218616"
"PvZCards.Game","class","HeroDamageDatabagFactory","218625"
"PvZCards.Game","class","HeroDamageSignal","215884"
"PvZCards.Game","interface","HeroDataConverter","217992"
"PvZCards.Game","class","HeroEntry","218644"
"PvZCards.Game","class","HeroHeadNodEffectAnimation","218459"
"PvZCards.Game","class","HeroHealthAnimationFactory","218656"
"PvZCards.Game","class","HeroIdleEffectAnimation","218668"
"PvZCards.Game","class","HeroIntroDecider","218739"
"PvZCards.Game","class","HeroIntroductionEventComponent","218771"
"PvZCards.Game","class","HeroIntroductionRecordProcessor","218790"
"PvZCards.Game","class","HeroIntroductionRecordProcessorFactory","218865"
"PvZCards.Game","class","HeroIntroEffectAnimation","218905"
"PvZCards.Game","class","HeroIntroMaker","218939"
"PvZCards.Game","class","HeroLevelAsset","218040"
"PvZCards.Game","interface","HeroLevelDataConverter","218030"
"PvZCards.Game","class","HeroLifeAnimation","218981"
"PvZCards.Game","class","HeroStopThinkingEffectAnimation","218704"
"PvZCards.Game","class","HeroTextConstants","202998"
"PvZCards.Game","interface","HeroView","219035"
"PvZCards.Game","class","HeroViewComponent","219119"
"PvZCards.Game","class","HeroViewFactory","219232"
"PvZCards.Game","class","HeroViewFromGuidFactory","219327"
"PvZCards.Game","class","HeroViewMediator","219385"
"PvZCards.Game","class","HeroWhoaEffectAnimation","218424"
"PvZCards.Game","class","HideInitScreenSignal","216037"
"PvZCards.Game","class","HidePvpDialogsSignal","233140"
"PvZCards.Game","class","HideWithHeroSignal","219503"
"PvZCards.Game","class","HideWithHeroView","219491"
"PvZCards.Game","class","HideWithHeroViewMediator","219512"
"PvZCards.Game","class","HighlightPlayableCardsCommand","219570"
"PvZCards.Game","class","HighlightPlayableLocationsOrTargetsForCardCommand","219670"
"PvZCards.Game","class","HighlightTriggeredEffectTargetsCommand","219770"
"PvZCards.Game","class","HistoryCreatedCardFinder","219885"
"PvZCards.Game","class","HistoryFilter","219920"
"PvZCards.Game","class","HistoryProcessor","220013"
"PvZCards.Game","class","HistoryProcessorBinder","220123"
"PvZCards.Game","class","HistoryProcessorModel","220147"
"PvZCards.Game","class","HoveredOverItemTracker","220192"
"PvZCards.Game","interface","IBind","220223"
"PvZCards.Game","class","IconSpriteGetter","201600"
"PvZCards.Game","interface","IconSprites","201612"
"PvZCards.Game","interface","IDataResourcerLoader","220975"
"PvZCards.Game","enum","IdleType","218100"
"PvZCards.Game","interface","IFileReaderDataService","221109"
"PvZCards.Game","class","ImageSpriteSetter","201575"
"PvZCards.Game","class","IncrementAllSunAnimation","220232"
"PvZCards.Game","class","InGameCardTooltipManager","220309"
"PvZCards.Game","class","InGameQuestBinder","220430"
"PvZCards.Game","class","InitializeDynamicDifficultyCommand","220442"
"PvZCards.Game","class","InitializeGameEventsCommand","220521"
"PvZCards.Game","class","InitializeGameStateCommand","220597"
"PvZCards.Game","class","InitializeGameViewCommand","220708"
"PvZCards.Game","class","InitializeInGameQuestsCommand","220749"
"PvZCards.Game","class","InspectTappedCardEntityCommand","220887"
"PvZCards.Game","class","InstantiateAndCacheAssetTask","223880"
"PvZCards.Game","class","InterruptPhaseTurnTimerCompleteSignal","216948"
"PvZCards.Game","class","InterruptTimerStartRecordProcessor","226282"
"PvZCards.Game","interface","IntroAble","223569"
"PvZCards.Game","interface","IntroDecider","218761"
"PvZCards.Game","class","IntroduceAllIconsAnimationFactory","230559"
"PvZCards.Game","enum","IntroOrder","218930"
"PvZCards.Game","class","JsonDataService","221474"
"PvZCards.Game","class","JsonDeckDataService","221553"
"PvZCards.Game","class","JsonDynamicDifficultyDataService","221568"
"PvZCards.Game","class","JsonFeatureUnlockQuestDataService","221583"
"PvZCards.Game","class","JsonHeroConfigDataService","221644"
"PvZCards.Game","class","JsonHeroDataService","221595"
"PvZCards.Game","class","JsonHeroListDataService","221656"
"PvZCards.Game","class","JsonNodeDataService","221668"
"PvZCards.Game","class","JsonQuestDataService","221683"
"PvZCards.Game","class","KeepSuperblockCardCommand","221728"
"PvZCards.Game","class","KeepSuperblockCardSignal","215929"
"PvZCards.Game","class","KeepSuperblockRecordProcessor","221828"
"PvZCards.Game","class","LaneAsTargetInteractionController","221892"
"PvZCards.Game","class","LaneBecamePlayableAllyLocationSignal","215974"
"PvZCards.Game","class","LaneBecamePlayableOpponentLocationSignal","215983"
"PvZCards.Game","class","LaneCombatEndCommand","221925"
"PvZCards.Game","class","LaneCombatEndEffectAnimation","221965"
"PvZCards.Game","class","LaneCombatEndRecordProcessor","222000"
"PvZCards.Game","class","LaneCombatEndSignal","215848"
"PvZCards.Game","class","LaneCombatOverlay","222040"
"PvZCards.Game","class","LaneCombatOverlayController","222070"
"PvZCards.Game","class","LaneCombatStartCommand","222186"
"PvZCards.Game","class","LaneCombatStartEffectAnimation","222226"
"PvZCards.Game","class","LaneCombatStartRecordProcessor","222261"
"PvZCards.Game","class","LaneCombatStartSignal","215839"
"PvZCards.Game","class","LaneDataAssigner","222301"
"PvZCards.Game","class","LaneHighlight","222383"
"PvZCards.Game","class","LaneHighlightHoverController","222422"
"PvZCards.Game","class","LaneHoverStateMachine","222470"
"PvZCards.Game","interface","LaneInteractionController","222515"
"PvZCards.Game","interface","LaneMidpointView","222561"
"PvZCards.Game","class","LaneMidpointViewComponent","222543"
"PvZCards.Game","class","LaneRolloutView","222584"
"PvZCards.Game","enum","LaneUIPosition","222607"
"PvZCards.Game","interface","LaneView","222617"
"PvZCards.Game","class","LaneViewComponent","222635"
"PvZCards.Game","interface","LaneViewController","222855"
"PvZCards.Game","interface","LaneViewElementProvider","222771"
"PvZCards.Game","class","LaneViewFinder","222915"
"PvZCards.Game","class","LaneViewMediator","222959"
"PvZCards.Game","class","LaneViewStateController","223320"
"PvZCards.Game","class","LatencyHidingMediator","223365"
"PvZCards.Game","class","LatencyHidingView","223344"
"PvZCards.Game","interface","LifeView","223487"
"PvZCards.Game","class","LifeViewComponent","223497"
"PvZCards.Game","class","LifeViewMediator","223578"
"PvZCards.Game","class","LinearProjectile","223635"
"PvZCards.Game","class","LinearQuestProgression","244044"
"PvZCards.Game","class","LoadAndCacheAssetTask","223820"
"PvZCards.Game","class","LoadAndInstantiateAssetTask","223795"
"PvZCards.Game","class","LoadAssetBundleCommand","224034"
"PvZCards.Game","class","LoadAssetBundleVersionMapCommand","195966"
"PvZCards.Game","class","LoadAssetPathsManifestCommand","196164"
"PvZCards.Game","class","LoadAssetTask","223663"
"PvZCards.Game","class","LoadAssetTask","223734"
"PvZCards.Game","class","LoadBoardAssetsCommand","223994"
"PvZCards.Game","class","LoadBoardFactionShellAssetsCommand","223954"
"PvZCards.Game","class","LoadBoardFactionShellCommand","224160"
"PvZCards.Game","class","LoadBoardSceneCommand","224077"
"PvZCards.Game","class","LoadBoardShellAssetsCommand","223926"
"PvZCards.Game","class","LoadBoardShellCommand","224148"
"PvZCards.Game","class","LoadCardsTask","224201"
"PvZCards.Game","class","LoadCardsTaskFactory","224256"
"PvZCards.Game","class","LoadDefaultAiConfigurationCommand","224307"
"PvZCards.Game","class","LoadDefaultInlineTextTagMappingCommand","224361"
"PvZCards.Game","class","LoadGameplaySoundBankCommand","224402"
"PvZCards.Game","class","LoadSceneCommand","224417"
"PvZCards.Game","class","LocalCardChecker","224457"
"PvZCards.Game","class","LocalDrawCardAnimationFactory","224558"
"PvZCards.Game","class","LocalDrawCardForMulliganAnimationFactory","224809"
"PvZCards.Game","class","LocalDrawCardForMulliganAnimationProperties","208726"
"PvZCards.Game","class","LocalHandleInteractableChangedSignal","225113"
"PvZCards.Game","class","LocalHandViewComponent","224830"
"PvZCards.Game","class","LocalHandViewMediator","224896"
"PvZCards.Game","class","LocalHandViewMediator_PC","225122"
"PvZCards.Game","class","LocalPlayerBehavior","225222"
"PvZCards.Game","class","LocalPveGameContext","225252"
"PvZCards.Game","class","LocalPveGameTestContext","225264"
"PvZCards.Game","class","LocalPvPGameContext","233353"
"PvZCards.Game","class","LocalRevealEnvironmentAnimationFactory","225279"
"PvZCards.Game","class","LocalRevealOneTimeEffectAnimation","225367"
"PvZCards.Game","class","LocalRevealOneTimeEffectAnimationFactory","225355"
"PvZCards.Game","class","LocalSuperblockHandViewComponent","225516"
"PvZCards.Game","class","LocalSuperblockHandViewMediator","225556"
"PvZCards.Game","class","LocalSuperblockHandViewMediator_PC","225787"
"PvZCards.Game","class","LocalTurnTimerView","225870"
"PvZCards.Game","class","LogPertinentGameDataCommand","225928"
"PvZCards.Game","class","LogStartupTimeCommand","244072"
"PvZCards.Game","class","LoopableAttackAnimation","226022"
"PvZCards.Game","class","MainPhaseTurnTimerCompleteSignal","217021"
"PvZCards.Game","class","MainPhaseTurnTimerStartRecordProcessor","226223"
"PvZCards.Game","interface","MakeIntros","218972"
"PvZCards.Game","class","ManifestVersion","196299"
"PvZCards.Game","interface","MapHandler","195792"
"PvZCards.Game","class","MassiveDamageSignal","215893"
"PvZCards.Game","interface","MecanimControlledView","226377"
"PvZCards.Game","class","MecanimControlledViewComponent","226394"
"PvZCards.Game","class","MessageNarratorView","212799"
"PvZCards.Game","class","MinHealthBlockEffectAnimation","226436"
"PvZCards.Game","class","MinHealthBlockRecordProcessor","226471"
"PvZCards.Game","class","MiniJsonDataService","221430"
"PvZCards.Game","class","MissingDeckException","226511"
"PvZCards.Game","class","MissingExecutable","226520"
"PvZCards.Game","class","MissingHeroAvatarException","219376"
"PvZCards.Game","class","MissingHeroDataException","236994"
"PvZCards.Game","class","MissingJsonException","221544"
"PvZCards.Game","class","MissingNodeDataException","237032"
"PvZCards.Game","class","MissingProgressionDataException","242738"
"PvZCards.Game","class","ModifySunCostAnimation","226535"
"PvZCards.Game","class","ModifySunCostEventAction","198151"
"PvZCards.Game","class","ModifySunCostRecordProcessor","226613"
"PvZCards.Game","class","MoveCardEventAction","197884"
"PvZCards.Game","class","MoveCardToLaneAnimation","226653"
"PvZCards.Game","class","MoveCardToTopOfDeckComponent","226724"
"PvZCards.Game","class","MoveSuperblockCardIntoHandSignal","215902"
"PvZCards.Game","class","MoveSuperblockToHandEffectAnimation","226744"
"PvZCards.Game","interface","MulliganCardAnimation","197243"
"PvZCards.Game","class","MulliganCardCommand","226821"
"PvZCards.Game","class","MulliganCardRecordProcessor","226938"
"PvZCards.Game","class","MulliganCardSignal","215668"
"PvZCards.Game","class","MulliganChecker","227056"
"PvZCards.Game","class","MulliganDropAnimationProperties","227411"
"PvZCards.Game","class","MulliganEnder","227084"
"PvZCards.Game","class","MulliganPhaseEndRecordProcessor","227136"
"PvZCards.Game","class","MulliganPhaseStartSignal","215713"
"PvZCards.Game","class","MulliganPhaseTurnTimerCompleteSignal","217133"
"PvZCards.Game","class","MulliganSpinnerView","227315"
"PvZCards.Game","class","MulliganTextDecider","227649"
"PvZCards.Game","class","MulliganTimerStartRecordProcessor","226251"
"PvZCards.Game","class","MulliganTracker","227356"
"PvZCards.Game","class","MulliganTurnTimerView","227378"
"PvZCards.Game","interface","MulliganView","227432"
"PvZCards.Game","class","MulliganViewComponent","227534"
"PvZCards.Game","class","MulliganViewMediator","227691"
"PvZCards.Game","class","MultiSceneTester","227847"
"PvZCards.Game","enum","MusicSynchAction","227863"
"PvZCards.Game","class","MusicSynchComponent","227924"
"PvZCards.Game","class","NarrativeDismisserMediator","228000"
"PvZCards.Game","class","NarrativeDismisserView","227974"
"PvZCards.Game","class","NarrativeForceHideView","228073"
"PvZCards.Game","class","NarrativeForceHideViewMediator","228088"
"PvZCards.Game","class","NimbleErrorChecker","231269"
"PvZCards.Game","class","NodeComponent","228256"
"PvZCards.Game","interface","NodeDataConverter","228247"
"PvZCards.Game","class","NodeEntry","232798"
"PvZCards.Game","class","NodeStringKeys","228309"
"PvZCards.Game","enum","NonEntityViewId","228330"
"PvZCards.Game","class","NonEntityViewMapper","228347"
"PvZCards.Game","class","NonEntityViewViewAlreadyAddedException","228381"
"PvZCards.Game","class","NotifyOverlappingEntitiesCommand","228390"
"PvZCards.Game","class","NotifyUiEnterEffectAnimation","228448"
"PvZCards.Game","class","NotifyUiMediator","228483"
"PvZCards.Game","class","NullDamageEventAction","198172"
"PvZCards.Game","class","NullEffectAnimation","209240"
"PvZCards.Game","class","NullEventAction","197525"
"PvZCards.Game","class","NullGameEventDismisser","213866"
"PvZCards.Game","class","NullGamePredictionHistoryModel","215028"
"PvZCards.Game","class","NullIconSprites","201621"
"PvZCards.Game","class","NullLaneInteractionController","228520"
"PvZCards.Game","class","NullLaneMidpointView","222570"
"PvZCards.Game","class","NullMakeIntros","228556"
"PvZCards.Game","class","NullPredictiveHistoryProcessor","232632"
"PvZCards.Game","class","NullRemoveGrantAbilityAnimationFactory","235752"
"PvZCards.Game","class","NullSpriteSetter","201542"
"PvZCards.Game","class","OccupiedLaneInteractionController","228568"
"PvZCards.Game","enum","OneTimeEffectAnchorTypeX","228691"
"PvZCards.Game","enum","OneTimeEffectAnchorTypeY","228700"
"PvZCards.Game","class","OneTimeEffectPositioner","228711"
"PvZCards.Game","class","OnOffEventsComponent","228739"
"PvZCards.Game","class","OnOffStateComponent","228781"
"PvZCards.Game","class","OpponentConcededSignal","215461"
"PvZCards.Game","class","OpponentDisconnectedSignal","233149"
"PvZCards.Game","class","OpponentDisconnectTimerRunner","228844"
"PvZCards.Game","class","OpponentDisconnectTimerStartSignal","228835"
"PvZCards.Game","class","OpponentDrawCardAnimationFactory","228921"
"PvZCards.Game","class","OpponentDrawCardForMulliganAnimation","228945"
"PvZCards.Game","class","OpponentDrawCardForMulliganAnimationFactory","228930"
"PvZCards.Game","class","OpponentHandViewComponent","228966"
"PvZCards.Game","class","OpponentHandViewMediator","228984"
"PvZCards.Game","class","OpponentLaneViewElementProvider","222825"
"PvZCards.Game","class","OpponentMulliganCardAnimation","229075"
"PvZCards.Game","class","OpponentNameUpdatedSignal","231205"
"PvZCards.Game","class","OpponentRevealEnvironmentAnimationFactory","229148"
"PvZCards.Game","class","OpponentRevealOneTimeEffectAnimation","229217"
"PvZCards.Game","class","OpponentRevealOneTimeEffectAnimationFactory","229183"
"PvZCards.Game","class","OpponentRevealOneTimeEffectAnimationProperties","229161"
"PvZCards.Game","class","OpponentSelectionDataInitializer","229438"
"PvZCards.Game","class","OpponentSuperblockHandViewComponent","229572"
"PvZCards.Game","class","OpponentSuperblockHandViewMediator","229532"
"PvZCards.Game","class","OpponentTurnTimerView","229594"
"PvZCards.Game","class","PersistentGrantableAbilityVisualsComponent","229657"
"PvZCards.Game","interface","PersistentVisual","238049"
"PvZCards.Game","class","PersistentVisualFactory","229689"
"PvZCards.Game","class","PhaseIndicatorController","229706"
"PvZCards.Game","class","PhaseIndicatorMediator","229775"
"PvZCards.Game","interface","PhaseIndicatorView","229965"
"PvZCards.Game","class","PhaseIndicatorViewComponent","229974"
"PvZCards.Game","class","PhaseResumeSignal","215776"
"PvZCards.Game","class","PhaseStartRecordProcessor","230011"
"PvZCards.Game","class","PlantMainPhaseStartSignal","215767"
"PvZCards.Game","class","PlayCache","230225"
"PvZCards.Game","class","PlayCardCommand","230279"
"PvZCards.Game","class","PlayCardErrorSoundCommand","230412"
"PvZCards.Game","class","PlayCardErrorSoundSignal","216010"
"PvZCards.Game","class","PlayCardReactionNotifier","230601"
"PvZCards.Game","class","PlayCardRecordProcessor","230476"
"PvZCards.Game","class","PlayCardToLaneAnimation","230704"
"PvZCards.Game","class","PlayedAllCardsTrigger","214275"
"PvZCards.Game","class","PlayEnvironmentRecordProcessor","230809"
"PvZCards.Game","interface","PlayerBehavior","230870"
"PvZCards.Game","class","PlayerBehaviorBinder","230879"
"PvZCards.Game","enum","PlayerBehaviorKeys","230861"
"PvZCards.Game","class","PlayerBlockAnimation","230906"
"PvZCards.Game","class","PlayerConceededSignal","215452"
"PvZCards.Game","class","PlayerDamageAnimation","230972"
"PvZCards.Game","class","PlayerDamageImmunityGrantedAnimation","231022"
"PvZCards.Game","class","PlayerDamageImmunityRemovedAnimation","231044"
"PvZCards.Game","class","PlayerDataAssigner","231066"
"PvZCards.Game","class","PlayerEntry","228144"
"PvZCards.Game","class","PlayerHealAnimation","231166"
"PvZCards.Game","class","PlayerNameSanitizer","231214"
"PvZCards.Game","class","PlayerNameValidationRequest","231333"
"PvZCards.Game","class","PlayerNameValidationRequestFactory","231281"
"PvZCards.Game","class","PlayerParametersAsset","231355"
"PvZCards.Game","class","PlayerPhaseEndRecordProcessor","231370"
"PvZCards.Game","interface","PlayerPrefsInterface","196146"
"PvZCards.Game","class","PlayerSelectionSoundEffectSender","231398"
"PvZCards.Game","interface","PlayerTarget","202935"
"PvZCards.Game","interface","PlayerView","231429"
"PvZCards.Game","class","PlayerViewComponent","231492"
"PvZCards.Game","class","PlayerViewElements","231630"
"PvZCards.Game","class","PlayerViewStateController","231644"
"PvZCards.Game","class","PlayFighterOnFighterAnimation","231745"
"PvZCards.Game","class","PlayFighterOnFighterRecordProcessor","231666"
"PvZCards.Game","class","PlayNextCardDismisser","213798"
"PvZCards.Game","class","PlayNowOrLaterMessageConfig","225488"
"PvZCards.Game","class","PlayOneTimeEffectRecordProcessor","231930"
"PvZCards.Game","class","PlaySuperblockCardCommand","232024"
"PvZCards.Game","class","PlaySuperblockCardSignal","215920"
"PvZCards.Game","class","PlaySuperblockCommand","232136"
"PvZCards.Game","class","PlaySuperblockPhaseEndSignal","215812"
"PvZCards.Game","class","PlaySuperblockPhaseStartSignal","215803"
"PvZCards.Game","class","PlaySuperblockRecordProcessor","232230"
"PvZCards.Game","class","PointerAnimation","232307"
"PvZCards.Game","class","PointerEventComponent","232452"
"PvZCards.Game","class","PointerEventRecordProcessor","232477"
"PvZCards.Game","class","PointerEventRecordProcessorFactory","232526"
"PvZCards.Game","class","PopScreensButtonView","232578"
"PvZCards.Game","interface","PositionedTarget","202859"
"PvZCards.Game","class","PostGameEntry","228212"
"PvZCards.Game","class","PredictiveHistoryProcessor","232660"
"PvZCards.Game","interface","PredictiveHistoryProcessor","232623"
"PvZCards.Game","class","PreGameEntry","228191"
"PvZCards.Game","class","PreGamePlayerSelectionModel","232700"
"PvZCards.Game","class","PressedCardViewHandler","232738"
"PvZCards.Game","class","PrimaryPowerActivateEffectAnimation","218494"
"PvZCards.Game","class","ProcessHistoryCommand","232769"
"PvZCards.Game","class","ProductionAssetBundleVersionHandler","196106"
"PvZCards.Game","class","ProgressionAsset","232819"
"PvZCards.Game","interface","ProgressionDataConverter","232810"
"PvZCards.Game","class","Projectile","223618"
"PvZCards.Game","class","ProjectileEffectVisual","232985"
"PvZCards.Game","class","ProjectileEffectVisualFactory","232929"
"PvZCards.Game","enum","ProjectileOriginType","232840"
"PvZCards.Game","enum","ProjectileType","232849"
"PvZCards.Game","interface","ProjectileVisualFactory","232858"
"PvZCards.Game","class","PVECloseButtonView","243961"
"PvZCards.Game","class","PvEGameContextMapper","233104"
"PvZCards.Game","class","PVEGameLoadableScreenBuilder","237585"
"PvZCards.Game","class","PvEGameServiceBinder","233116"
"PvZCards.Game","class","PVEGameTestScreenBuilder","237647"
"PvZCards.Game","class","PVEShowLandingScreenButtonView","243989"
"PvZCards.Game","enum","PvpAIStrategy","213018"
"PvZCards.Game","class","PVPBindingExecutable","233125"
"PvZCards.Game","class","PvpConnectivityChecker","233500"
"PvZCards.Game","class","PvpDialogsView","233285"
"PvZCards.Game","class","PvpDialogsViewMediator","233167"
"PvZCards.Game","enum","PvpEvent","233826"
"PvZCards.Game","class","PvPGameContextMapper","233317"
"PvZCards.Game","class","PvPGameRoot","233341"
"PvZCards.Game","class","PvPGameServiceBinder","233368"
"PvZCards.Game","class","PvpNameView","233377"
"PvZCards.Game","class","PvpNameViewMediator","233403"
"PvZCards.Game","class","PVPScreenBuilder","237616"
"PvZCards.Game","enum","PvpState","233806"
"PvZCards.Game","class","PvpStateChangeHandler","233682"
"PvZCards.Game","class","PvpStateMachine","233847"
"PvZCards.Game","class","QuestChainJson","244058"
"PvZCards.Game","class","QuestConfigDataService","233948"
"PvZCards.Game","class","ReadGamePaceConfigCommand","233966"
"PvZCards.Game","class","ReadTestGameConfigCommand","234009"
"PvZCards.Game","enum","RecipeDeckRarity","206967"
"PvZCards.Game","interface","RecordDataProvider","234136"
"PvZCards.Game","class","RecordDeckRecipeForMetricsCommand","234181"
"PvZCards.Game","class","RecordDecksForMetricsCommand","234272"
"PvZCards.Game","class","RecordDelayProcessor","207450"
"PvZCards.Game","class","RecordExecutable","235088"
"PvZCards.Game","class","RecordExecutableFactory","234372"
"PvZCards.Game","interface","RecordExecutor","235113"
"PvZCards.Game","class","RecordGameCompletedCommand","235122"
"PvZCards.Game","class","RecordGameLostCommand","235177"
"PvZCards.Game","class","RecordGameStartForCopernicusCommand","235217"
"PvZCards.Game","class","RecordGameWonCommand","235300"
"PvZCards.Game","interface","RecordProcessor","213898"
"PvZCards.Game","class","RedirectAbilityEffectAnimation","235388"
"PvZCards.Game","class","RedirectAbilityStartRecordProcessor","235433"
"PvZCards.Game","class","RegularDrawCardAnimation","224618"
"PvZCards.Game","class","RegularDrawCardAnimationProperties","224525"
"PvZCards.Game","class","RegularDrawSuperpowerAnimation","235503"
"PvZCards.Game","class","RemoveAbilityEventAction","198112"
"PvZCards.Game","class","RemoveDisplacedFighterAnimation","235664"
"PvZCards.Game","class","RemoveDisplacedFighterRecordProcessor","235624"
"PvZCards.Game","class","RemoveExcludedObjectsCommand","235699"
"PvZCards.Game","class","RemoveFromLaneAnimation","235717"
"PvZCards.Game","interface","RemoveGrantAbilityAnimationFactory","235764"
"PvZCards.Game","class","RemoveGrantableAbilityAnimation","200620"
"PvZCards.Game","class","RemoveSuperblockCardFromHandSignal","215911"
"PvZCards.Game","class","RemoveSuperblockFromHandAnimation","235773"
"PvZCards.Game","class","ReplayPveGameCommand","243861"
"PvZCards.Game","class","RepresentationEntry","228230"
"PvZCards.Game","class","ResetEventAction","198320"
"PvZCards.Game","class","ResourceBinaryLoader","220993"
"PvZCards.Game","struct","ResourceEntry","232867"
"PvZCards.Game","class","ResourceListAsset","235817"
"PvZCards.Game","interface","ResourceListDataConverter","235808"
"PvZCards.Game","class","ResourceStringLoader","221078"
"PvZCards.Game","class","ReturnCardToCurrentLocationSignal","215551"
"PvZCards.Game","class","ReturnToHandFromPlayAnimation","235836"
"PvZCards.Game","class","ReturnToHandFromPlayRecordProcessor","235933"
"PvZCards.Game","class","RevealAllCardsAnimation","235973"
"PvZCards.Game","class","RevealCardAnimation","236047"
"PvZCards.Game","class","RevealEnvironmentAnimation","225291"
"PvZCards.Game","interface","RevealEnvironmentEffectAnimationFactory","236121"
"PvZCards.Game","struct","RevealEnvironmentParameters","236111"
"PvZCards.Game","class","RevealOneTimeEffectAnimation","236130"
"PvZCards.Game","interface","RevealOneTimeEffectAnimationFactory","236147"
"PvZCards.Game","class","RevealPhaseEndRecordProcessor","236156"
"PvZCards.Game","class","RevealRecordProcessor","236248"
"PvZCards.Game","class","ScreenSpaceScrimView","236316"
"PvZCards.Game","class","ScreenSpaceScrimViewMediator","236358"
"PvZCards.Game","class","ScrimChainAnimation","236413"
"PvZCards.Game","class","ScrimEventComponent","236527"
"PvZCards.Game","class","ScrimEventRecordProcessor","236548"
"PvZCards.Game","class","ScrimEventRecordProcessorFactory","236596"
"PvZCards.Game","class","ScrimView","236637"
"PvZCards.Game","class","ScriptableObjectColorScheme","236666"
"PvZCards.Game","class","ScriptableObjectDeckDataService","236703"
"PvZCards.Game","class","ScriptableObjectGamePaceConfig","236817"
"PvZCards.Game","class","ScriptableObjectHeroDataService","236960"
"PvZCards.Game","class","ScriptableObjectNodeDataService","237003"
"PvZCards.Game","class","SecondaryPowerActivateEffectAnimation","218529"
"PvZCards.Game","class","SelectTargetCommand","237041"
"PvZCards.Game","class","SendAudioEventsForFtueCommand","237129"
"PvZCards.Game","class","SequencedEffectAnimation","237208"
"PvZCards.Game","class","SetAvailableSunAnimation","237250"
"PvZCards.Game","class","SetGameToInProgressCommand","237289"
"PvZCards.Game","class","SetGameToInProgressSignal","237280"
"PvZCards.Game","class","SetGameToNotInProgressCommand","237326"
"PvZCards.Game","class","SetSocialPresenceEffectAnimation","237354"
"PvZCards.Game","struct","SetStatData","202913"
"PvZCards.Game","class","SetStatEffectAnimation","237430"
"PvZCards.Game","class","SetStatEventAction","198348"
"PvZCards.Game","class","SetStatRecordProcessor","237390"
"PvZCards.Game","class","SetupPvpPlayerBehaviorsCommand","237511"
"PvZCards.Game","class","SetupPvpStateMachineCommand","233875"
"PvZCards.Game","class","ShowAiProgressIndicatorSignal","197234"
"PvZCards.Game","class","ShowCardsInOpponentHandSignal","216028"
"PvZCards.Game","class","ShowEffectTagSignal","209537"
"PvZCards.Game","class","ShowGameCommand","237731"
"PvZCards.Game","class","ShowGameSignal","215380"
"PvZCards.Game","class","ShowGameWonLossScreenCommand","237888"
"PvZCards.Game","class","ShowGameWonLossScreenSignal","237879"
"PvZCards.Game","class","ShowLaneCombatOverlaySignal","216001"
"PvZCards.Game","class","ShowLocalFinalBlowExplosionSignal","211771"
"PvZCards.Game","class","ShowOpponentFinalBlowExplosionSignal","211762"
"PvZCards.Game","class","ShrinkEffectAnimation","238023"
"PvZCards.Game","class","ShrinkEffectVisualFactory","238008"
"PvZCards.Game","class","ShrinkViewComponent","238061"
"PvZCards.Game","class","ShrinkVisualParameters","237993"
"PvZCards.Game","class","ShuffleGravestoneAnimation","238083"
"PvZCards.Game","class","ShuffleGravestoneEventAction","198048"
"PvZCards.Game","class","SideSweepEffectVisual","238205"
"PvZCards.Game","class","SideSweepingEffectVisualFactory","238156"
"PvZCards.Game","class","SignalRecordRouter","238266"
"PvZCards.Game","class","SimpleFxPlayer","238345"
"PvZCards.Game","class","SimpleTapOnceButtonView","238392"
"PvZCards.Game","class","SingleDamageRecordDataProvider","234145"
"PvZCards.Game","class","SlowEffectAnimation","238439"
"PvZCards.Game","class","SlowEventAction","198133"
"PvZCards.Game","interface","SlowView","238510"
"PvZCards.Game","class","SlowViewComponent","238539"
"PvZCards.Game","class","SlowVisualEffect","204515"
"PvZCards.Game","class","SortedTriggeredEffectRecords","241287"
"PvZCards.Game","interface","SoundDatabagInterface","219104"
"PvZCards.Game","class","SoundEvent","238590"
"PvZCards.Game","class","SourceEffectTagAnimationFactory","209447"
"PvZCards.Game","class","SpecialAbilityTypeToCardFrameIconTypeConverter","201512"
"PvZCards.Game","class","Springboard","238655"
"PvZCards.Game","class","SpringboardEffect","231876"
"PvZCards.Game","class","SpriteRendererSpriteSetter","201557"
"PvZCards.Game","interface","SpriteSetter","201521"
"PvZCards.Game","class","SpriteSetterFactory","201533"
"PvZCards.Game","class","StartCardDragCommand","238679"
"PvZCards.Game","class","StartCardDragSignal","215515"
"PvZCards.Game","class","StartGameAudioParametersCommand","238755"
"PvZCards.Game","class","StartGameCommand","238795"
"PvZCards.Game","class","StartGameRecordProcessor","238904"
"PvZCards.Game","class","StartGameSignal","215362"
"PvZCards.Game","class","StartMulliganAnimation","238959"
"PvZCards.Game","class","StartNewPvpGameCommand","239006"
"PvZCards.Game","class","StartOrSkipZombieSurprisePhaseCommand","239034"
"PvZCards.Game","class","StartSubTurnStateAnimation","243405"
"PvZCards.Game","class","StartTimeSinceLastActionTrackerCommand","239125"
"PvZCards.Game","class","StartTurnTimerAnimation","239170"
"PvZCards.Game","class","StartUiIntroSignal","215992"
"PvZCards.Game","class","StopCardDragCommand","239234"
"PvZCards.Game","interface","StringLoader","221053"
"PvZCards.Game","interface","StringReaderLoader","221021"
"PvZCards.Game","class","StringReaderLocalLoader","221025"
"PvZCards.Game","class","StripRefillDeckDataService","239340"
"PvZCards.Game","enum","SubTurn","243690"
"PvZCards.Game","class","SuggestedActionListener","239390"
"PvZCards.Game","class","SuggestedActionListenerContainer","239527"
"PvZCards.Game","class","SuggestedActionRecordProcessor","239556"
"PvZCards.Game","class","SuggestedActionRecordProcessorFactory","239589"
"PvZCards.Game","class","SuggestedActionTelemetryEventComponent","239630"
"PvZCards.Game","class","SunBrainRecordProcessor","239657"
"PvZCards.Game","interface","SunCountView","239748"
"PvZCards.Game","class","SunCountViewComponent","239794"
"PvZCards.Game","class","SunCountViewMediator","239890"
"PvZCards.Game","class","SunDropperView","240011"
"PvZCards.Game","class","SuperblockEventComponent","240039"
"PvZCards.Game","interface","SuperblockHandView","225500"
"PvZCards.Game","class","SuperBlockPhaseStartRecordProcessor","240059"
"PvZCards.Game","class","SuperpowerDrawOrderEventComponent","240215"
"PvZCards.Game","class","TapFightButtonDismisser","213832"
"PvZCards.Game","class","TapScreenDismisser","213718"
"PvZCards.Game","interface","TargetableViewObject","240234"
"PvZCards.Game","class","TargetEffectTagAnimationFactory","209429"
"PvZCards.Game","class","TargetIconAssetTask","240249"
"PvZCards.Game","interface","TargetIconView","240261"
"PvZCards.Game","class","TargetIconViewComponent","240282"
"PvZCards.Game","class","TargetIconViewFactory","240330"
"PvZCards.Game","class","TargetSelectionModel","240373"
"PvZCards.Game","enum","TargetSorOrder","244100"
"PvZCards.Game","class","TargetSortOrderDecider","244112"
"PvZCards.Game","class","TargetState","240345"
"PvZCards.Game","class","TargetToolTipHintViewComponent","240455"
"PvZCards.Game","class","TargetToolTipHintViewMediator","240385"
"PvZCards.Game","class","TelemetryEventComponent","240468"
"PvZCards.Game","class","TelemetryEventRecordProcessor","240491"
"PvZCards.Game","class","TelemetryEventRecordProcessorFactory","240527"
"PvZCards.Game","class","TestGameConfig","240632"
"PvZCards.Game","class","TestGameConfigData","240568"
"PvZCards.Game","class","TestGameConfigDataProvider","240644"
"PvZCards.Game","class","TextParamaterizedEffectTagView","240656"
"PvZCards.Game","class","ThoughtBubbleView","240672"
"PvZCards.Game","class","TiledSpriteView","240695"
"PvZCards.Game","class","TimelineCommandEffectAnimation","240735"
"PvZCards.Game","class","TimeScaler","211724"
"PvZCards.Game","class","TimeSinceLastActionTracker","240925"
"PvZCards.Game","interface","TimeSinceLastActionTrackerInterface","240874"
"PvZCards.Game","class","ToggleableEventListener","228767"
"PvZCards.Game","class","ToggleableViewObject","228819"
"PvZCards.Game","class","ToggleableViewObjectGroup","228804"
"PvZCards.Game","enum","ToolTipPositionType","203196"
"PvZCards.Game","class","TransformCardAnimation","241020"
"PvZCards.Game","class","TransformCardEventAction","197999"
"PvZCards.Game","class","TransformCardInHandAnimation","241119"
"PvZCards.Game","class","TransformCardInHandEventAction","198026"
"PvZCards.Game","class","TriedToEndTurnSignal","215821"
"PvZCards.Game","class","TriggeredAbilityAnimationFactory","241220"
"PvZCards.Game","class","TriggeredAbilityEffectAnimation","241328"
"PvZCards.Game","class","TriggeredAbilityGrantedRecordProcessor","241404"
"PvZCards.Game","class","TriggeredAbilityRemovedRecordProcessor","241444"
"PvZCards.Game","class","TriggeredAbilityStartRecordProcessor","241484"
"PvZCards.Game","class","TurboButtonView","241644"
"PvZCards.Game","class","TurboButtonViewMediator","241668"
"PvZCards.Game","enum","Turn","243676"
"PvZCards.Game","class","TurnEventTrigger","214191"
"PvZCards.Game","class","TurnForcedToEndSignal","242177"
"PvZCards.Game","class","TurnIntoGravestoneAnimation","241771"
"PvZCards.Game","class","TurnIntoGravestoneEventAction","198190"
"PvZCards.Game","class","TurnStartRecordProcessor","241830"
"PvZCards.Game","class","TurnTimeProvider","241885"
"PvZCards.Game","interface","TurnTimer","241934"
"PvZCards.Game","class","TurnTimerBinder","242186"
"PvZCards.Game","class","TurnTimerComponent","242033"
"PvZCards.Game","class","TurnTimerConfigAsset","242204"
"PvZCards.Game","class","TurnTimerConfigService","242219"
"PvZCards.Game","class","TurnTimerEndRecordProcessor","226310"
"PvZCards.Game","class","TurnTimerFactory","242130"
"PvZCards.Game","class","TurnTimerIncreaser","242234"
"PvZCards.Game","struct","TurnTimerParameters","239153"
"PvZCards.Game","class","TurnTimerStack","242280"
"PvZCards.Game","class","TurnTimerStartedSignal","239161"
"PvZCards.Game","class","TurnTimerStartRecordProcessor","226126"
"PvZCards.Game","interface","TurnTimerViewAdapter","242316"
"PvZCards.Game","class","TurnTimerViewController","242331"
"PvZCards.Game","class","TurnTimerViewMediator","242373"
"PvZCards.Game","class","TutorialAnimation","242422"
"PvZCards.Game","class","TutorialView","242523"
"PvZCards.Game","class","TweenCardEffectAnimation","242564"
"PvZCards.Game","class","TweenGroupRunner","195596"
"PvZCards.Game","class","UnhideSunAnimation","236208"
"PvZCards.Game","class","UnityDeckThemeLoader","242608"
"PvZCards.Game","class","UnityGameFacadeDecider","242637"
"PvZCards.Game","class","UnityJsonDataService","221522"
"PvZCards.Game","class","UnityPlayerPrefs","196125"
"PvZCards.Game","class","UnityProgressionDataService","242708"
"PvZCards.Game","class","UnityThreadedAiPlayerBehaviorRunner","242812"
"PvZCards.Game","class","UnloadAllGameAssetsCommand","243003"
"PvZCards.Game","class","UnslowedEffectAnimation","243076"
"PvZCards.Game","class","UnslowedRecordProcessor","243115"
"PvZCards.Game","class","UpdateCardDragPositionCommand","243155"
"PvZCards.Game","class","UpdatePlayerBehaviorCommand","243195"
"PvZCards.Game","class","UpdatePlayerBehaviorSignal","215866"
"PvZCards.Game","class","UpdateTargetSelectionModelCommand","243268"
"PvZCards.Game","class","UpdateTurnCountEffectAnimation","243323"
"PvZCards.Game","class","UpdateTurnStateAnimation","243369"
"PvZCards.Game","class","VacantLaneInteractionController","243477"
"PvZCards.Game","class","ValidLocationSignalDispatcher","243525"
"PvZCards.Game","class","ValidTargetSignalDispatcher","243589"
"PvZCards.Game","class","ViewEntityOverlapFinder","244121"
"PvZCards.Game","interface","ViewObject","243641"
"PvZCards.Game","class","ViewStateController","243653"
"PvZCards.Game","class","VisualEffectEventAction","197640"
"PvZCards.Game","class","VisualTurnPhaseModel","243702"
"PvZCards.Game","class","WaitForDisconnectedOpponentCommand","243762"
"PvZCards.Game","class","WaitForDisconnectedOpponentSignal","243753"
"PvZCards.Game","class","WaitForSecondsDismisser","213766"
"PvZCards.Game","class","WaitingOnMulligansViewController","243790"
"PvZCards.Game","class","WaitingOnOpponentDialogShownSignal","233158"
"PvZCards.Game","class","ZombieEnteredYardSignal","215938"
"PvZCards.Game","class","ZombieMainPhaseStartSignal","215731"
"PvZCards.Game","class","ZombieSurprisePhaseStartSignal","215740"
"PvZCards.Game","class","ZombieSurprisePhaseWantsInputSignal","215749"
"PvZCards.GameCenter","class","StartGameCenterAuthenticationCommand","122824"
"PvZCards.GameCenter","class","StartGameCenterIdentityConflictCommand","122879"
"PvZCards.GameOver","class","CardRewardChoiceLoadableScreen","121315"
"PvZCards.GameOver","class","CardRewardChoiceView","117908"
"PvZCards.GameOver","class","CardRewardChoiceViewMediator","117975"
"PvZCards.GameOver","class","CardRewardOptionView","118129"
"PvZCards.GameOver","class","ClientGameOverEventPointRewardsGenerator","118157"
"PvZCards.GameOver","class","ClientGameOverFtuePackRewardsGenerator","118257"
"PvZCards.GameOver","class","ClientGameOverHeroLevelsRewardsGenerator","118291"
"PvZCards.GameOver","class","ClientGameOverRewardsGenerator","118330"
"PvZCards.GameOver","class","ClientGameOverRewardsPersister","119895"
"PvZCards.GameOver","class","GameOverCardRewardsPresentationController","118455"
"PvZCards.GameOver","class","GameOverCardRewardsPresentationView","118430"
"PvZCards.GameOver","class","GameOverCoordinationRequest","118760"
"PvZCards.GameOver","class","GameOverEventPointRewardsPresentationController","118583"
"PvZCards.GameOver","class","GameOverEventPointRewardsPresentationView","118470"
"PvZCards.GameOver","class","GameOverFlowBinder","118673"
"PvZCards.GameOver","interface","GameOverFlowCoordinator","118786"
"PvZCards.GameOver","class","GameOverFlowCoordinatorImpl","118862"
"PvZCards.GameOver","enum","GameOverFlowEvent","118719"
"PvZCards.GameOver","enum","GameOverFlowFinalAction","118747"
"PvZCards.GameOver","enum","GameOverFlowState","118694"
"PvZCards.GameOver","class","GameOverGemRewardsPresentationController","119516"
"PvZCards.GameOver","class","GameOverGemRewardsPresentationView","119504"
"PvZCards.GameOver","class","GameOverLoadableScreen","120619"
"PvZCards.GameOver","class","GameOverPackRewardsPresentationController","119555"
"PvZCards.GameOver","class","GameOverPackRewardsPresentationView","119531"
"PvZCards.GameOver","class","GameOverPackRewardsView","119570"
"PvZCards.GameOver","class","GameOverPackRewardsViewMediator","119600"
"PvZCards.GameOver","interface","GameOverRewardPresentationController","119707"
"PvZCards.GameOver","class","GameOverRewardPresentationSequencer","119670"
"PvZCards.GameOver","interface","GameOverRewardPresentationView","119695"
"PvZCards.GameOver","class","GameOverRewardsBasePresentationController","119766"
"PvZCards.GameOver","class","GameOverRewardsBasePresentationView","119728"
"PvZCards.GameOver","interface","GameOverRewardsGenerator","119861"
"PvZCards.GameOver","interface","GameOverRewardsPersister","119886"
"PvZCards.GameOver","class","GameOverRewardsScreenController","120422"
"PvZCards.GameOver","class","GameOverRewardsTestController","120013"
"PvZCards.GameOver","class","GameOverRewardsTestPresentationManager","120073"
"PvZCards.GameOver","class","GameOverRewardsView","120105"
"PvZCards.GameOver","class","GameOverRewardsViewContext","120134"
"PvZCards.GameOver","class","GameOverRewardsViewMediator","120195"
"PvZCards.GameOver","class","GameOverScreenView","120483"
"PvZCards.GameOver","class","GameOverScreenViewMediator","120522"
"PvZCards.GameOver","class","GameOverSparkRewardsPresentationController","120646"
"PvZCards.GameOver","class","GameOverSparkRewardsPresentationView","120634"
"PvZCards.GameOver","class","GeneratedGameOverRewards","119848"
"PvZCards.GameOver","class","HackyGameOverFlowTapSkipper","120661"
"PvZCards.GameOver","interface","IStarRewardsCalculator","122101"
"PvZCards.GameOver","class","LoadMenuSoundBankCommand","120707"
"PvZCards.GameOver","class","LoadMenuSoundBankSignal","120698"
"PvZCards.GameOver","interface","NodeCardRewardsFactory","120736"
"PvZCards.GameOver","class","NotifyGameOverFlowCoordinatorExtraScreenClosedCommand","120788"
"PvZCards.GameOver","class","NotifyGameOverFlowCoordinatorExtraScreenClosedSignal","120779"
"PvZCards.GameOver","class","NotifyGameOverFlowCoordinatorExtraScreenShownCommand","120825"
"PvZCards.GameOver","class","NotifyGameOverFlowCoordinatorExtraScreenShownSignal","120816"
"PvZCards.GameOver","class","PlayNextBattleCommand","120853"
"PvZCards.GameOver","class","PostGameConfigCardsNodeCardsRewardsFactory","120748"
"PvZCards.GameOver","class","PostGameProgressView","120917"
"PvZCards.GameOver","class","PostGameProgressViewMediator","120953"
"PvZCards.GameOver","class","PostPveGameScreenDecider","121053"
"PvZCards.GameOver","class","RewardPresentation","121096"
"PvZCards.GameOver","class","RewardPresentations","119833"
"PvZCards.GameOver","enum","RewardPresentationStep","119823"
"PvZCards.GameOver","class","Rewards","119870"
"PvZCards.GameOver","class","RewardsCoordinator","121151"
"PvZCards.GameOver","enum","RewardsFlowEvent","121297"
"PvZCards.GameOver","enum","RewardsFlowState","121287"
"PvZCards.GameOver","class","RunPostGameServerInteractionsSignal","118664"
"PvZCards.GameOver","class","ShowCardRewardChoiceScreenCommand","121330"
"PvZCards.GameOver","class","ShowCardRewardChoiceScreenSignal","121306"
"PvZCards.GameOver","enum","ShowGameOverRewardsPresentationType","121382"
"PvZCards.GameOver","class","ShowGameOverRewardsScreenCommand","121400"
"PvZCards.GameOver","class","ShowGameOverRewardsScreenSignal","121391"
"PvZCards.GameOver","class","ShowNoMoreSilverRewardsScreenCommand","121485"
"PvZCards.GameOver","class","ShowNoMoreSilverRewardsScreenSignal","121476"
"PvZCards.GameOver","class","ShowPostGameFinalScreenCommand","121534"
"PvZCards.GameOver","class","ShowPostGameFinalScreenSignal","121525"
"PvZCards.GameOver","class","ShowPostGameHoldingTankCommand","121598"
"PvZCards.GameOver","class","ShowPostGameHoldingTankSignal","121589"
"PvZCards.GameOver","class","ShowPvpRewardFailureScreenCommand","121659"
"PvZCards.GameOver","class","ShowPvpRewardFailureScreenSignal","121650"
"PvZCards.GameOver","class","ShowRewardedPacksCommand","121715"
"PvZCards.GameOver","class","ShowRewardedPacksSignal","121706"
"PvZCards.GameOver","class","ShowSingleCardRewardScreenCommand","121793"
"PvZCards.GameOver","class","ShowSingleCardRewardSignal","121759"
"PvZCards.GameOver","class","ShowStarRewardsScreenCommand","121869"
"PvZCards.GameOver","class","ShowStarRewardsScreenSignal","121860"
"PvZCards.GameOver","class","ShowWhatsAfterGameOverRewardScreenCommand","121921"
"PvZCards.GameOver","class","SingleCardRewardLoadableScreen","121768"
"PvZCards.GameOver","enum","SingleCardRewardScreenType","121784"
"PvZCards.GameOver","class","SingleRewardGameOverView","121949"
"PvZCards.GameOver","class","SingleRewardGameOverViewMediator","121997"
"PvZCards.GameOver","class","StarRewardsCalculator","122129"
"PvZCards.GameOver","class","StarRewardsScreenView","122200"
"PvZCards.GameOver","class","StarRewardsScreenViewMediator","122322"
"PvZCards.GameOver","class","StartGameOverConceededFlowCommand","122713"
"PvZCards.GameOver","class","StartGameOverFlowCommand","122448"
"PvZCards.GameOver","class","StartGameOverLostFlowCommand","122683"
"PvZCards.GameOver","class","StartGameOverWonFlowCommand","122698"
"PvZCards.GameOver","class","SyncAfterGameCommand","122728"
"PvZCards.GluRevSDK","enum","AD_Placement","255573"
"PvZCards.GluRevSDK","class","AdPlacementManager","254938"
"PvZCards.GluRevSDK","class","BasePlacementConfigs","255320"
"PvZCards.GluRevSDK","class","ConfigAsGem","255348"
"PvZCards.GluRevSDK","class","DailyLoginStreakRestoreConfig","255420"
"PvZCards.GluRevSDK","class","GluAdsMobileAvailabilityProvider","255586"
"PvZCards.GluRevSDK","class","GluAdsMobileClient","255656"
"PvZCards.GluRevSDK","class","GluRevSDKBinder","256088"
"PvZCards.GluRevSDK","class","GluRevSDKManager","256181"
"PvZCards.GluRevSDK","class","InitializeGluRevSDKCommand","256511"
"PvZCards.GluRevSDK","interface","IPlacementConfigs","255307"
"PvZCards.GluRevSDK","class","NullSupersonicClient","256027"
"PvZCards.GluRevSDK","class","PlacementConfigs","255364"
"PvZCards.GluRevSDK","class","PlacementHelper","255507"
"PvZCards.GluRevSDK","class","QueryAADCommand","256539"
"PvZCards.GluRevSDK","class","QuestRefreshConfig","255437"
"PvZCards.GluRevSDK","class","QuestTimerConfig","255481"
"PvZCards.GluRevSDK","class","RedrawConfig","255403"
"PvZCards.GluRevSDK","class","ShowPlacement","254798"
"PvZCards.GluRevSDK","class","ShowPlacementData","254784"
"PvZCards.GluRevSDK","class","Testing_adplacements","255531"
"PvZCards.GluRevSDK","class","TicketConfig","255380"
"PvZCards.GluRevSDK","class","WeeklyEventsConfig","255454"
"PvZCards.Google","class","AttemptSilentLoginToGoogleCommand","117206"
"PvZCards.HeadQuarters","class","DeckNameScreenViewMediator","117135"
"PvZCards.HeadQuarters","class","MarkLandingScreenUnlockedCommand","116767"
"PvZCards.HeadQuarters","class","PlantHqViewElement","116810"
"PvZCards.HeadQuarters","class","PlantHqViewElementMediator","116822"
"PvZCards.HeadQuarters","class","ProgressionLoadableScreen","116862"
"PvZCards.HeadQuarters","class","ShowPlantHeadQuartersCommand","116946"
"PvZCards.HeadQuarters","class","ShowZombieHeadQuartersCommand","116998"
"PvZCards.HeadQuarters","class","ShowZombieHqUnlockNarrativeCommand","117053"
"PvZCards.HeroLevel","class","HeroInspectionContext","114766"
"PvZCards.HeroLevel","class","HeroInspectionMediator","114078"
"PvZCards.HeroLevel","class","HeroInspectionView","113967"
"PvZCards.HeroLevel","class","HeroLevelBinder","114269"
"PvZCards.HeroLevel","class","HeroLevelCostInfo","114319"
"PvZCards.HeroLevel","struct","HeroLevelCostProgress","114299"
"PvZCards.HeroLevel","interface","HeroLevelCostsCalculator","114290"
"PvZCards.HeroLevel","interface","HeroLevelCostsService","114441"
"PvZCards.HeroLevel","class","HeroLevelDebugEntryNode","114540"
"PvZCards.HeroLevel","class","HeroLevelInfo","114450"
"PvZCards.HeroLevel","class","InventoryBasedHeroLevelCostsService","114467"
"PvZCards.HeroLevel","class","InventoryHeroLevelCostsCalculator","114337"
"PvZCards.HeroLevel","class","LevelUpHeroCommand","114651"
"PvZCards.HeroLevel","class","LevelUpHeroRequest","114617"
"PvZCards.HeroLevel","class","LevelUpHeroSignal","114608"
"PvZCards.HeroLevel","class","ShowHeroInspectionScreenCommand","114780"
"PvZCards.HeroLevel","class","ShowHeroInspectionScreenSignal","114757"
"PvZCards.HeroLevels","class","HeroLevelView","113750"
"PvZCards.HeroLevels","class","HeroLevelViewMediator","113763"
"PvZCards.HeroLevels","class","SetAllyHeroLevelSignal","113836"
"PvZCards.HeroLevels","class","SetHeroLevelsCommand","113854"
"PvZCards.HeroLevels","class","SetOpponentHeroLevelSignal","113845"
"PvZCards.HeroReward","class","CollectCardsAnimationProperties","112950"
"PvZCards.HeroReward","class","HeroPurchasedNarrativeScreenManager","112648"
"PvZCards.HeroReward","enum","HeroRewardChoice","112760"
"PvZCards.HeroReward","class","HeroRewardChoiceBeginSubresourceLoadSignal","113494"
"PvZCards.HeroReward","class","HeroRewardChoiceCompleteSignal","113467"
"PvZCards.HeroReward","class","HeroRewardChoiceConfig","112729"
"PvZCards.HeroReward","interface","HeroRewardChoiceConfigBuilder","112771"
"PvZCards.HeroReward","class","HeroRewardChoiceLoadableScreen","113503"
"PvZCards.HeroReward","class","HeroRewardChoiceLoadedSignal","113476"
"PvZCards.HeroReward","class","HeroRewardChoiceStartSignal","113485"
"PvZCards.HeroReward","class","HeroRewardChoiceUnlockedSignal","113458"
"PvZCards.HeroReward","class","HeroRewardChoiceView","112869"
"PvZCards.HeroReward","class","HeroRewardChoiceViewMediator","113033"
"PvZCards.HeroReward","class","HeroRewardNarrativeDismissedSignal","113713"
"PvZCards.HeroReward","class","HeroRewardOptionView","113329"
"PvZCards.HeroReward","class","InventoryBasedHeroRewardChoiceConfigBuilder","112786"
"PvZCards.HeroReward","class","NarrativeLoadableScreen","112711"
"PvZCards.HeroReward","class","NewHeroColorCollectCardView","112980"
"PvZCards.HeroReward","enum","PostNarrationDestination","112751"
"PvZCards.HeroReward","class","ProgressionNarrativeScreenManager","113349"
"PvZCards.HeroReward","class","ShowHeroRewardChoiceScreenCommand","113546"
"PvZCards.HeroReward","class","ShowHeroSelectedNarrationScreenCommand","113634"
"PvZCards.HeroReward","class","ShowPostHeroSelectedNarrationScreenCommand","113722"
"PvZCards.HeroSelect","class","CardColorButtonView","111980"
"PvZCards.HeroSelect","class","CardColorDescriptionLoadableScreen","112517"
"PvZCards.HeroSelect","class","CardColorDescriptionScreenView","112009"
"PvZCards.HeroSelect","class","CardColorDescriptionScreenViewMediator","112044"
"PvZCards.HeroSelect","class","CardCountDisplay","112129"
"PvZCards.HeroSelect","class","DeckNameScreenView","112141"
"PvZCards.HeroSelect","class","DeckSelectionFinalizer","112157"
"PvZCards.HeroSelect","class","HeroIconResourceConfig","112306"
"PvZCards.HeroSelect","class","HeroResourceLoader","112329"
"PvZCards.HeroSelect","class","HeroRewardChoiceCardViewFactory","112408"
"PvZCards.HeroSelect","class","HeroRewardChoiceScreenCardViewConfig","112348"
"PvZCards.HeroSelect","class","HeroRewardChoiceScreenCardViewFactoryRequest","112361"
"PvZCards.HeroSelect","class","HeroSelectionFinalizer","112451"
"PvZCards.HeroSelect","class","HeroSelectScreenDeckSorter","112491"
"PvZCards.HeroSelect","class","InventoryBasedUnlockedHeroesSelector","112593"
"PvZCards.HeroSelect","class","ShowCardColorDescriptionCommand","112532"
"PvZCards.HeroSelect","class","ShowCardColorDescriptionSignal","112508"
"PvZCards.HeroSelect","interface","UnlockedHeroesSelector","112584"
"PvZCards.Identity","class","AbstractIdentityBasedPersister","108596"
"PvZCards.Identity","class","CheckForProgressiveRegistrationRecording","108832"
"PvZCards.Identity","class","CheckPlayerDownloadDataPromptCommand","108869"
"PvZCards.Identity","class","IdentityAndToken","109011"
"PvZCards.Identity","class","IdentityBinder","111886"
"PvZCards.Identity","class","IdentityChangedCommand","108971"
"PvZCards.Identity","class","IdentityChangedSignal","108962"
"PvZCards.Identity","class","IdentityData","109317"
"PvZCards.Identity","class","IdentityDataSet","109332"
"PvZCards.Identity","class","IdentityFinderService","109025"
"PvZCards.Identity","class","IdentityPlayerData","109344"
"PvZCards.Identity","class","IdentityProvider","109083"
"PvZCards.Identity","class","IdentityUpdatedSignal","109056"
"PvZCards.Identity","class","InitializeNimbleNexusStatusBroadcasterCommand","109789"
"PvZCards.Identity","class","InitializePlayerDataCommand","109147"
"PvZCards.Identity","class","LocalUserService","111752"
"PvZCards.Identity","class","LookUpDataForIdentityReconciliationCommand","109388"
"PvZCards.Identity","class","LookUpDataForIdentityReconciliationSignal","109379"
"PvZCards.Identity","class","MissingIdentityException","109047"
"PvZCards.Identity","class","NewUserSignal","109002"
"PvZCards.Identity","class","NexusReadyChecker","109504"
"PvZCards.Identity","class","NexusReadyWaiter","109625"
"PvZCards.Identity","class","NimbleIdentityFinderService","109656"
"PvZCards.Identity","interface","NimbleNexus","109906"
"PvZCards.Identity","class","NimbleNexusStatusBroadcaster","109834"
"PvZCards.Identity","class","NimbleNexusStatusUpdatedSignal","109780"
"PvZCards.Identity","class","NimbleNexusUtilities","110003"
"PvZCards.Identity","class","NimbleNexusWrapper","109957"
"PvZCards.Identity","class","OnlineRequiredForIdentityMediator","110015"
"PvZCards.Identity","class","OnlineRequiredForIdentityReconciliationMediator","110073"
"PvZCards.Identity","class","OnlineRequiredForIdentityReconciliationSignal","110947"
"PvZCards.Identity","class","OnlineRequiredForIdentityReconciliationView","110143"
"PvZCards.Identity","class","OnlineRequiredForIdentitySignal","110996"
"PvZCards.Identity","class","OnlineRequiredForIdentityView","110158"
"PvZCards.Identity","class","OnlineRequiredForServerSyncSignal","110173"
"PvZCards.Identity","class","OnLookUpDataForIdentityReconciliationCompletedSignal","109370"
"PvZCards.Identity","class","PeriodicServerDataSyncer","110235"
"PvZCards.Identity","class","PersonaLookupRequest","109358"
"PvZCards.Identity","class","PlayerDataStoreLocator","110294"
"PvZCards.Identity","class","PlayerInventorySyncCompletedSignal","110423"
"PvZCards.Identity","class","ProgressiveRegistrationRecorder","110323"
"PvZCards.Identity","class","RegisterGlobalServerSyncListeners","110432"
"PvZCards.Identity","class","ResetCurrentUserCommand","110484"
"PvZCards.Identity","class","ResetCurrentUserSignal","110475"
"PvZCards.Identity","class","ServerSyncCoordinator","110549"
"PvZCards.Identity","class","ServerSyncSet","110760"
"PvZCards.Identity","class","ShowOnlineRequiredForIdentityReconciliationCommand","110956"
"PvZCards.Identity","class","ShowOnlineRequiredForIdentityScreenCommand","111005"
"PvZCards.Identity","class","ShowOnlineRequiredForServerSyncMessageCommand","110191"
"PvZCards.Identity","class","ShowOnlineRequiredForServerSyncMessageSignal","110182"
"PvZCards.Identity","class","ShowPlayerDownloadDataPrompSignal","108860"
"PvZCards.Identity","class","SocialDebugEntrySetBuilder","111949"
"PvZCards.Identity","class","SocialDebugScopeCommand","111904"
"PvZCards.Identity","class","StatusUpdateListenerHolder","109945"
"PvZCards.Identity","class","SyncDecksSignal","110703"
"PvZCards.Identity","class","SyncPlayerInventorySignal","110685"
"PvZCards.Identity","class","SyncPurchaseHistorySignal","110730"
"PvZCards.Identity","class","SyncPvpSeasonHistorySignal","110721"
"PvZCards.Identity","class","SyncPvPSignal","110712"
"PvZCards.Identity","class","SyncQuestsSignal","110694"
"PvZCards.Identity","class","SyncRequest","110661"
"PvZCards.Identity","class","SyncUserCommand","111045"
"PvZCards.Identity","class","SyncUserSignal","110676"
"PvZCards.Identity","class","TryFindDisplayIdCommand","111200"
"PvZCards.Identity","class","TryFindDisplayIdSignal","111191"
"PvZCards.Identity","class","TryFindIdentityCommand","111237"
"PvZCards.Identity","class","TryFindIdentitySignal","111228"
"PvZCards.Identity","class","UnityEditorIdentity","111372"
"PvZCards.Identity","class","UnityEditorIdentityFinderService","111265"
"PvZCards.Identity","class","UnityEditorIdentityGenerator","111317"
"PvZCards.Identity","class","UnityEditorIdentityPersister","111385"
"PvZCards.Identity","class","UnityEditorIdentityProviderComponent","111397"
"PvZCards.Identity","class","UpdateDisplayIdCommand","111409"
"PvZCards.Identity","class","UpdateIdentityCommand","111510"
"PvZCards.Identity","class","UserDeltaHolder","111572"
"PvZCards.Identity","class","UserDeltaPersister","111668"
"PvZCards.Identity","class","UserMigrationUtil","111625"
"PvZCards.Identity","class","UserPersister","111656"
"PvZCards.Identity","interface","UserService","111701"
"PvZCards.Identity","class","UserServiceException","111692"
"PvZCards.Identity","class","UserSyncPersister","111680"
"PvZCards.Inventory","class","AddCardsToLocalPlayerInventoryCommand","244356"
"PvZCards.Inventory","class","AddCardsToLocalPlayerInventorySignal","244323"
"PvZCards.Inventory","class","AddCardsToLocalPlayerInventoryWithoutSettingDeltaCommand","244341"
"PvZCards.Inventory","class","AddCardsToLocalPlayerInventoryWithoutSettingDeltaSignal","244332"
"PvZCards.Inventory","class","AddCurrencyToInventoryCommand","244493"
"PvZCards.Inventory","class","AddCurrencyToInventorySignal","244484"
"PvZCards.Inventory","class","AddEventPointsConfig","244584"
"PvZCards.Inventory","class","AddEventPointsToLocalPlayerInventoryCommand","244640"
"PvZCards.Inventory","class","AddEventPointsToLocalPlayerInventorySignal","244597"
"PvZCards.Inventory","class","AddHeroesToLocalPlayerInventoryCommand","244794"
"PvZCards.Inventory","class","AddHeroesToLocalPlayerInventorySignal","244785"
"PvZCards.Inventory","class","AddUnownedInitialCardsForHeroCommand","244915"
"PvZCards.Inventory","class","AddUnownedInitialCardsForHeroSignal","244906"
"PvZCards.Inventory","class","AddUnverifiedGemsToLocalPlayerInventoryCommand","245058"
"PvZCards.Inventory","class","AddUnverifiedGemsToLocalPlayerInventorySignal","245049"
"PvZCards.Inventory","class","AddUnverifiedSparksToLocalPlayerInventoryCommand","245131"
"PvZCards.Inventory","class","AddUnverifiedSparksToLocalPlayerInventorySignal","245122"
"PvZCards.Inventory","class","AuthorableInventoryHolder","244227"
"PvZCards.Inventory","class","AuthorableInventoryProxy","244188"
"PvZCards.Inventory","class","CardSetCollectedCounterPlaceholderReplacer","245204"
"PvZCards.Inventory","class","CheckCraftSpecificCardQuestsCommand","248051"
"PvZCards.Inventory","class","CheckOutOfGameQuestCommand","248082"
"PvZCards.Inventory","class","ClearAllUnopenedPacksOnServerCommand","245245"
"PvZCards.Inventory","class","ClearAllUnopenedPacksOnServerSignal","245236"
"PvZCards.Inventory","class","ClearExpectedDailyBattleRewardsCommand","245288"
"PvZCards.Inventory","class","ClearNewCardMarkersOnPlayCommand","245328"
"PvZCards.Inventory","class","CraftingBuyCardDebugEntryNode","246553"
"PvZCards.Inventory","struct","CraftingData","248033"
"PvZCards.Inventory","class","CraftingSellCardDebugEntryNode","246508"
"PvZCards.Inventory","class","CurrenciesAsset","245425"
"PvZCards.Inventory","class","CurrenciesConfig","245467"
"PvZCards.Inventory","interface","CurrenciesConfigurationDataService","245512"
"PvZCards.Inventory","interface","CurrenciesDataConverter","245445"
"PvZCards.Inventory","enum","Currency","245481"
"PvZCards.Inventory","class","CurrencyConfig","245455"
"PvZCards.Inventory","class","CurrencyUtilities","245564"
"PvZCards.Inventory","class","DeckLimitMaxCardCopiesProvider","246837"
"PvZCards.Inventory","class","DeckRecipeMaxCardCopiesProvider","246920"
"PvZCards.Inventory","class","FixupDecksCommand","245597"
"PvZCards.Inventory","class","FixupDecksSignal","245588"
"PvZCards.Inventory","class","FixupLocalPlayerInventoryCommand","245682"
"PvZCards.Inventory","class","FixupNewCardDataCommand","245761"
"PvZCards.Inventory","class","InitFeatureUnlockUtilsCommand","248256"
"PvZCards.Inventory","class","InitializeFakePlayerInventoryCommand","245820"
"PvZCards.Inventory","class","InitializeNewPlayerInventoryCommand","245848"
"PvZCards.Inventory","class","InitializeNewUserInventoryCommand","245909"
"PvZCards.Inventory","class","InitializePveEloCommand","247992"
"PvZCards.Inventory","class","InventoryBasedPlayerCardsInfoProvider","247303"
"PvZCards.Inventory","class","InventoryBinder","245976"
"PvZCards.Inventory","class","InventoryDebugEntrySetBuilder","246194"
"PvZCards.Inventory","class","InventoryDebugScopeCommand","245994"
"PvZCards.Inventory","class","JsonCurrenciesConfigurationDataReaderService","245552"
"PvZCards.Inventory","class","JsonCurrenciesConfigurationDataService","245521"
"PvZCards.Inventory","class","LandingScreenLoadedCommand","244283"
"PvZCards.Inventory","class","LocalPlayerInventoryDeltaPersister","247511"
"PvZCards.Inventory","class","LocalPlayerInventoryPersister","247499"
"PvZCards.Inventory","class","LocalPlayerInventorySyncPersister","247523"
"PvZCards.Inventory","class","MarkAllUnopenedPacksAsOpenedCommand","246589"
"PvZCards.Inventory","class","MarkAllUnopenedPacksAsOpenedSignal","246580"
"PvZCards.Inventory","class","MarkCardsInUnopenedBoosterPacksAsNewCommand","246626"
"PvZCards.Inventory","class","MarkCardsInUnopenedBoosterPacksAsNewSignal","246617"
"PvZCards.Inventory","interface","MaxCardCopiesProvider","246757"
"PvZCards.Inventory","class","NewCardDataChangedInLocationSignal","247032"
"PvZCards.Inventory","class","NewCardDataForContextCalculator","246705"
"PvZCards.Inventory","class","NewCardDataForDeck","246686"
"PvZCards.Inventory","interface","NewCardDataForDeckProvider","246766"
"PvZCards.Inventory","class","NewCardDataForDeckProviderImpl","246778"
"PvZCards.Inventory","interface","NewCardDataForRecipeProvider","246849"
"PvZCards.Inventory","class","NewCardDataForRecipeProviderImpl","246861"
"PvZCards.Inventory","interface","NewCardDataLocationProvider","246935"
"PvZCards.Inventory","class","NewCardDataLocationProviderImpl","246962"
"PvZCards.Inventory","interface","NewCardDataProvider","247041"
"PvZCards.Inventory","class","NewCardDataProviderImpl","247155"
"PvZCards.Inventory","class","NewCardLocations","246944"
"PvZCards.Inventory","interface","PlaceholderReplacer","245195"
"PvZCards.Inventory","interface","PlayerCardsInfoProvider","247291"
"PvZCards.Inventory","class","PlayerCardsSetInfo","247275"
"PvZCards.Inventory","interface","PlayerInventoryDeltaHolder","247441"
"PvZCards.Inventory","class","PlayerInventoryDeltaHolderImpl","247450"
"PvZCards.Inventory","interface","PlayerInventoryHolder","247355"
"PvZCards.Inventory","class","PlayerInventoryHolderImpl","247379"
"PvZCards.Inventory","class","PlayerInventoryModifiedSignal","247481"
"PvZCards.Inventory","interface","PlayerInventoryService","247535"
"PvZCards.Inventory","class","PlayerInventoryUtility","247544"
"PvZCards.Inventory","class","ProgressCraftingQuestSignal","248042"
"PvZCards.Inventory","class","ProgressFeatureUnlockQuestsCommand","248296"
"PvZCards.Inventory","class","RemotePlayerInventoryService","247598"
"PvZCards.Inventory","class","SaveLocalPlayerInventoryCommand","247664"
"PvZCards.Inventory","class","SyncPlayerInventoryCommand","247704"
"PvZCards.Inventory","class","UnopenedPackCountChangedSignal","247490"
"PvZCards.Inventory","class","UpdateLocalPlayerInventoryCommand","247907"
"PvZCards.Inventory","class","UpdateLocalPlayerInventorySignal","247898"
"PvZCards.LandingScreen","class","AlmanacCounterView","114886"
"PvZCards.LandingScreen","class","AlmanacCounterViewMediator","114902"
"PvZCards.LandingScreen","class","AppOutOfDateView","114942"
"PvZCards.LandingScreen","class","BeginShowLandingScreenSectionCommand","116352"
"PvZCards.LandingScreen","class","BuildView","114961"
"PvZCards.LandingScreen","class","BuildViewMediator","114976"
"PvZCards.LandingScreen","class","DismissableTextBubbleView","115029"
"PvZCards.LandingScreen","class","DismissableTextBubbleViewMediator","115049"
"PvZCards.LandingScreen","class","EndShowLandingScreenSectionCommand","116380"
"PvZCards.LandingScreen","class","FireLandingScreenEventsCommand","116276"
"PvZCards.LandingScreen","class","LandingScreenArenaView","115086"
"PvZCards.LandingScreen","class","LandingScreenArenaViewMediator","115112"
"PvZCards.LandingScreen","class","LandingScreenBinder","115182"
"PvZCards.LandingScreen","class","LandingScreenEvent","115216"
"PvZCards.LandingScreen","class","LandingScreenEventManager","115229"
"PvZCards.LandingScreen","enum","LandingScreenEventSortOrder","115200"
"PvZCards.LandingScreen","class","LandingScreenHqOverlay","115279"
"PvZCards.LandingScreen","class","LandingScreenHqOverlayMediator","115312"
"PvZCards.LandingScreen","class","LandingScreenPlantHqView","115438"
"PvZCards.LandingScreen","class","LandingScreenPlantHqViewMediator","115493"
"PvZCards.LandingScreen","class","LandingScreenPrefabListLoadableScreen","116408"
"PvZCards.LandingScreen","class","LandingScreenStartSignal","115569"
"PvZCards.LandingScreen","class","LandingScreenZombiesHqView","115578"
"PvZCards.LandingScreen","class","LandingScreenZombiesHqViewMediator","115630"
"PvZCards.LandingScreen","class","LoadAssetsAndShowLandingScreenSignal","115560"
"PvZCards.LandingScreen","class","NotificationTutorial","115790"
"PvZCards.LandingScreen","class","NullTitleUpdateNarrativeConfig","116755"
"PvZCards.LandingScreen","class","PlantHeadquartersNarrativeView","114856"
"PvZCards.LandingScreen","class","QuestUnlockTutorial3Trigger","115844"
"PvZCards.LandingScreen","class","QuestUnlockTutorialTrigger","115817"
"PvZCards.LandingScreen","class","QueueLandingScreenEventsCommand","115909"
"PvZCards.LandingScreen","class","ScriptableObjectTitleUpdateNarrativeConfigFactory","116710"
"PvZCards.LandingScreen","class","ShowLandingScreenCommand","116452"
"PvZCards.LandingScreen","class","ShowLandingScreenSignal","115551"
"PvZCards.LandingScreen","class","ShowTitleUpdateNarrativeCommand","116567"
"PvZCards.LandingScreen","interface","TitleUpdateNarrativeConfig","116677"
"PvZCards.LandingScreen","interface","TitleUpdateNarrativeConfigFactory","116701"
"PvZCards.LandingScreen","class","TitleUpdateNarrativeScriptableObject","116686"
"PvZCards.Leaderboard","class","LeaderboardScreenMediator","108121"
"PvZCards.Leaderboard","class","LeaderboardScreenView","107810"
"PvZCards.LocalDataStore","class","ClearLocalDataCommand","107663"
"PvZCards.LocalDataStore","class","ClearLocalDataSignal","107654"
"PvZCards.LocalDataStore","class","LocalDataBinder","107691"
"PvZCards.LocalDataStore","class","LocalDataPersister","107706"
"PvZCards.LocalDataStore","interface","LocalDataProvider","107718"
"PvZCards.LocalDataStore","class","LocalDataProviderImpl","107733"
"PvZCards.LocalNotifications","class","AndCondition","106712"
"PvZCards.LocalNotifications","class","ClearBadgeNumberCommand","106444"
"PvZCards.LocalNotifications","class","CompositeLocalNotificationBuilder","106824"
"PvZCards.LocalNotifications","class","HeroesLocalNotificationComponent","106472"
"PvZCards.LocalNotifications","class","InitialInstallNotificationsBuilder","106575"
"PvZCards.LocalNotifications","class","JsonLocalNotificationsConfigDataService","106727"
"PvZCards.LocalNotifications","struct","LocalNoteDetails","106774"
"PvZCards.LocalNotifications","class","LocalNoteSquelcher","106739"
"PvZCards.LocalNotifications","class","LocalNotificationBuilder","106788"
"PvZCards.LocalNotifications","class","LocalNotificationManager","106992"
"PvZCards.LocalNotifications","class","LocalNotificationOrganizer","107103"
"PvZCards.LocalNotifications","class","LocalNotificationsBinder","107164"
"PvZCards.LocalNotifications","class","LocalNotificationsConfig","107274"
"PvZCards.LocalNotifications","class","LocalNotificationsConfigComponent","107293"
"PvZCards.LocalNotifications","class","NimbleLocalNotificationManager","107308"
"PvZCards.LocalNotifications","class","OrCondition","106697"
"PvZCards.LocalNotifications","class","PackNotificationsBuilder","107326"
"PvZCards.LocalNotifications","class","ProgressionNotificationsBuilder","107381"
"PvZCards.LocalNotifications","class","QuestNotificationsBuilder","107474"
"PvZCards.LocalNotifications","class","ScheduledEventNotificationsBuilder","107539"
"PvZCards.LocalNotifications","class","ScheduleLocalNotificationCommand","107590"
"PvZCards.LocalNotifications","class","ScheduleLocalNotificationSignal","107581"
"PvZCards.LocalNotifications","class","UserDaysSinceInstallIsLessThan","106680"
"PvZCards.LocalNotifications","class","UserNotHasTag","106664"
"PvZCards.LocalNotifications","interface","UserStateCondition","106655"
"PvZCards.Loggly","interface","ILogEntryJsonGenerator","105985"
"PvZCards.Loggly","interface","ILogEntryModifier","106039"
"PvZCards.Loggly","class","LogEntry","105861"
"PvZCards.Loggly","class","LogEntryBuilder","105888"
"PvZCards.Loggly","class","LogEntryField","105831"
"PvZCards.Loggly","class","LogEntryFieldCollection","105843"
"PvZCards.Loggly","class","LogEntryModifiersCollection","106015"
"PvZCards.Loggly","class","LogglyChannelLoggerListener","106048"
"PvZCards.Loggly","class","LogglyCrashLogger","106138"
"PvZCards.Loggly","class","LogglyUrlBuilder","106220"
"PvZCards.Loggly","class","LogSender","106300"
"PvZCards.Loggly","class","SimpleJsonLogEntryJsonGenerator","105994"
"PvZCards.Loggly","class","StackTraceSeparator","106368"
"PvZCards.Loggly","class","SubscribeLogglyListenerToLoggingEventsCommand","106389"
"PvZCards.Matchmaking","class","ActionCancellable","104659"
"PvZCards.Matchmaking","class","AsynchPinger","104680"
"PvZCards.Matchmaking","enum","FasterMatchmakingFaction","105006"
"PvZCards.Matchmaking","class","GameDialogView","104797"
"PvZCards.Matchmaking","class","GetMatchmakingStatsCommand","104867"
"PvZCards.Matchmaking","class","MatchmakingBackground","105028"
"PvZCards.Matchmaking","class","MatchmakingCompleteSignal","105134"
"PvZCards.Matchmaking","class","MatchMakingDismissedCommand","105049"
"PvZCards.Matchmaking","class","MatchmakingDismissedSignal","105143"
"PvZCards.Matchmaking","class","MatchmakingErrorSignal","105125"
"PvZCards.Matchmaking","class","MatchmakingQueueResponseDto","104993"
"PvZCards.Matchmaking","class","MatchmakingStartCommand","105161"
"PvZCards.Matchmaking","class","MatchmakingStatsReceivedSignal","104858"
"PvZCards.Matchmaking","class","MatchMakingStatsRequestDto","104980"
"PvZCards.Matchmaking","class","MatchmakingView","105294"
"PvZCards.Matchmaking","class","MatchmakingViewMediator","105338"
"PvZCards.Matchmaking","class","MatchMakingWaitingSignal","105152"
"PvZCards.Matchmaking","class","ModelSerializationPlatform","775654"
"PvZCards.Matchmaking","interface","Pinger","105548"
"PvZCards.Matchmaking","class","PingResponseHandler","105560"
"PvZCards.Matchmaking","interface","PingSender","105822"
"PvZCards.Matchmaking","class","PingStats","105580"
"PvZCards.Matchmaking","class","PingStatsHandler","105764"
"PvZCards.Matchmaking","class","PingStatsReporterCommand","105593"
"PvZCards.Matchmaking","class","PingStatsSignal","104709"
"PvZCards.Matchmaking","class","PvpModeMatchmakingStats","105016"
"PvZCards.Matchmaking","class","RequestMatchmakingStatsSignal","104849"
"PvZCards.Matchmaking","class","ShowMatchmakingCommand","105651"
"PvZCards.Matchmaking","class","WebRequestPingSender","105782"
"PvZCards.Multiplayer","class","UnityRevSDKInfoProvider","117234"
"PvZCards.Multiplayer.Config","interface","AssetBundleInfoProvider","780648"
"PvZCards.Multiplayer.Config","enum","BuildEnvironment","780660"
"PvZCards.Multiplayer.Config","interface","BuildInfoProvider","780672"
"PvZCards.Multiplayer.Config","enum","MpCompleteUrl","780711"
"PvZCards.Multiplayer.Config","class","MultiplayerUrlFactory","780687"
"PvZCards.Multiplayer.Config","interface","PlatformProvider","780729"
"PvZCards.Multiplayer.Identity","class","AlwaysReadyChecker","780636"
"PvZCards.Multiplayer.Identity","interface","AuthedIdentityProvider","780606"
"PvZCards.Multiplayer.Identity","interface","AuthTokenProvider","780618"
"PvZCards.Multiplayer.Identity","interface","ValidAuthTokenChecker","780627"
"PvZCards.Multiplayer.Networking","class","AuthCheckedWebRequestProcessor","775722"
"PvZCards.Multiplayer.Networking","class","AuthedRequestHeaderProvider","780259"
"PvZCards.Multiplayer.Networking","class","BasicStateMachine","775815"
"PvZCards.Multiplayer.Networking","interface","Cancelable","776827"
"PvZCards.Multiplayer.Networking","interface","CancelableDelayHandler","775902"
"PvZCards.Multiplayer.Networking","class","ChallengeMatchmakingClient","775920"
"PvZCards.Multiplayer.Networking","class","ClientAuthoritativePlaySimulator","779665"
"PvZCards.Multiplayer.Networking","enum","Connectivity","778830"
"PvZCards.Multiplayer.Networking","interface","DateTimeFactory","776026"
"PvZCards.Multiplayer.Networking","class","DeckValidationFailCounter","776035"
"PvZCards.Multiplayer.Networking","class","DeckValidationServerSyncResponseHolder","776070"
"PvZCards.Multiplayer.Networking","class","DecoratedPvpPlayExecutable","776158"
"PvZCards.Multiplayer.Networking","class","DefaultPvpRetryParametersFactory","779392"
"PvZCards.Multiplayer.Networking","class","DeserializeJsonWebRequestResponseHandler","780355"
"PvZCards.Multiplayer.Networking","class","DisconnectedOpponentGameEnder","776236"
"PvZCards.Multiplayer.Networking","interface","EventNotifier","776272"
"PvZCards.Multiplayer.Networking","class","EventNotifierImpl","776287"
"PvZCards.Multiplayer.Networking","class","ForcedRetryCancelable","776347"
"PvZCards.Multiplayer.Networking","class","GameCommandSerializer","779762"
"PvZCards.Multiplayer.Networking","class","GameInitResponse","778809"
"PvZCards.Multiplayer.Networking","interface","GamePredictor","776381"
"PvZCards.Multiplayer.Networking","interface","GameStateUpdateHandler","776545"
"PvZCards.Multiplayer.Networking","interface","HttpFactory","776587"
"PvZCards.Multiplayer.Networking","class","HttpResponseCommandFactory","776910"
"PvZCards.Multiplayer.Networking","class","HttpResponseDelegate","776791"
"PvZCards.Multiplayer.Networking","class","HttpResponseDelegateFactory","776707"
"PvZCards.Multiplayer.Networking","class","HttpResponseReceivedEventArgs","776602"
"PvZCards.Multiplayer.Networking","interface","IByteExecutable","776770"
"PvZCards.Multiplayer.Networking","interface","IChallengeMatchmakingClient","775911"
"PvZCards.Multiplayer.Networking","interface","IEnvelopeExecutable","776779"
"PvZCards.Multiplayer.Networking","class","IgnoreSuccessBodyJsonWebRequestResponseHandler","780399"
"PvZCards.Multiplayer.Networking","interface","IHttp","776809"
"PvZCards.Multiplayer.Networking","interface","IMatchmakingClient","777985"
"PvZCards.Multiplayer.Networking","class","InvalidDeckExecutable","776989"
"PvZCards.Multiplayer.Networking","class","InvalidFactionException","778174"
"PvZCards.Multiplayer.Networking","class","InvalidOutstandingRequestStateException","777785"
"PvZCards.Multiplayer.Networking","interface","IWebSocketFactory","777040"
"PvZCards.Multiplayer.Networking","interface","IWebSocketWrapper","777067"
"PvZCards.Multiplayer.Networking","class","JoinRequestBuilder","777100"
"PvZCards.Multiplayer.Networking","interface","JsonExecutable","777115"
"PvZCards.Multiplayer.Networking","class","JsonRequestHeaderProvider","780231"
"PvZCards.Multiplayer.Networking","struct","JsonValueProvider","777130"
"PvZCards.Multiplayer.Networking","class","JsonWebRequestProcessor","777277"
"PvZCards.Multiplayer.Networking","class","MatchFailedExecutable","777408"
"PvZCards.Multiplayer.Networking","class","MatchmakingClient","778037"
"PvZCards.Multiplayer.Networking","class","MatchmakingClientBinder","777459"
"PvZCards.Multiplayer.Networking","class","MatchmakingState","778003"
"PvZCards.Multiplayer.Networking","interface","MatchmakingStateUpdateHandler","777483"
"PvZCards.Multiplayer.Networking","class","MatchReadyResponseExecutable","777519"
"PvZCards.Multiplayer.Networking","class","MessageHandler","777049"
"PvZCards.Multiplayer.Networking","class","MissingStateException","777610"
"PvZCards.Multiplayer.Networking","class","NullCancelable","776842"
"PvZCards.Multiplayer.Networking","class","NullExecutable","777619"
"PvZCards.Multiplayer.Networking","class","NullGamePredictor","776410"
"PvZCards.Multiplayer.Networking","class","NullPvpEnvelopExecutable","778183"
"PvZCards.Multiplayer.Networking","class","OpponentInvalidGamestateExecutable","777631"
"PvZCards.Multiplayer.Networking","class","OutOfDatePlayExecutable","777670"
"PvZCards.Multiplayer.Networking","class","OutstandingRequestsHandler","777709"
"PvZCards.Multiplayer.Networking","class","OutstandingRequestsNotifier","777748"
"PvZCards.Multiplayer.Networking","class","PassThroughWebRequestResponseHandler","780418"
"PvZCards.Multiplayer.Networking","class","PlayIdProvider","777794"
"PvZCards.Multiplayer.Networking","class","PlayIdTracker","777809"
"PvZCards.Multiplayer.Networking","class","PlayServiceProcessor","779734"
"PvZCards.Multiplayer.Networking","interface","PlaySimulator","779656"
"PvZCards.Multiplayer.Networking","class","PlaySimulatorDecider","779544"
"PvZCards.Multiplayer.Networking","class","PossibleCheaterExecutable","777831"
"PvZCards.Multiplayer.Networking","interface","PvpAuthorityDecider","779647"
"PvZCards.Multiplayer.Networking","interface","PvpCheaterMetrics","777882"
"PvZCards.Multiplayer.Networking","class","PvpClientBinder","778195"
"PvZCards.Multiplayer.Networking","class","PvPDataKey","778225"
"PvZCards.Multiplayer.Networking","class","PvpDataPoster","777900"
"PvZCards.Multiplayer.Networking","interface","PvPGameConnector","778210"
"PvZCards.Multiplayer.Networking","class","PvPGameConnectorImpl","778247"
"PvZCards.Multiplayer.Networking","class","PvpGameInitializer","778338"
"PvZCards.Multiplayer.Networking","class","PvpGameMessageFactory","778439"
"PvZCards.Multiplayer.Networking","class","PvpImHereExecutable","778467"
"PvZCards.Multiplayer.Networking","class","PvpInitResponseExecutable","778653"
"PvZCards.Multiplayer.Networking","class","PvpMessageIdProvider","778506"
"PvZCards.Multiplayer.Networking","class","PvpMessagePoller","778524"
"PvZCards.Multiplayer.Networking","class","PvpMessagesExecutable","779218"
"PvZCards.Multiplayer.Networking","class","PvpModel","778840"
"PvZCards.Multiplayer.Networking","class","PvpPlayExecutable","778884"
"PvZCards.Multiplayer.Networking","class","PvpPlayPoster","778999"
"PvZCards.Multiplayer.Networking","class","PvpPlayQueue","779090"
"PvZCards.Multiplayer.Networking","struct","PvpPlayRequestId","778960"
"PvZCards.Multiplayer.Networking","class","PvpPlayResponseExecutable","779140"
"PvZCards.Multiplayer.Networking","class","PvpPlaySerializationUtil","779179"
"PvZCards.Multiplayer.Networking","class","PvpResponseType","776866"
"PvZCards.Multiplayer.Networking","interface","PvpRetryParametersFactory","779380"
"PvZCards.Multiplayer.Networking","class","PvpServerCommunicationBinder","777471"
"PvZCards.Multiplayer.Networking","class","RemoteConcedeService","779407"
"PvZCards.Multiplayer.Networking","class","RemoteEndMulliganService","779416"
"PvZCards.Multiplayer.Networking","class","RemoteEndSuperblockService","779425"
"PvZCards.Multiplayer.Networking","class","RemoteEndTurnService","779434"
"PvZCards.Multiplayer.Networking","class","RemoteForceEndTurnService","779443"
"PvZCards.Multiplayer.Networking","class","RemoteHorribleFailureService","779452"
"PvZCards.Multiplayer.Networking","class","RemoteMulliganService","779492"
"PvZCards.Multiplayer.Networking","class","RemotePlayCardService","779501"
"PvZCards.Multiplayer.Networking","class","RemotePlayService","779510"
"PvZCards.Multiplayer.Networking","class","RemotePlaySuperblockCardService","779790"
"PvZCards.Multiplayer.Networking","class","RemoteSelectTargetService","779799"
"PvZCards.Multiplayer.Networking","class","RemoteStartGameService","779808"
"PvZCards.Multiplayer.Networking","struct","RetryParameters","777891"
"PvZCards.Multiplayer.Networking","class","RevSDKRequestHeaderProvider","780243"
"PvZCards.Multiplayer.Networking","class","SeasonExpiredExecutable","780555"
"PvZCards.Multiplayer.Networking","class","SelectionDataDictionaryBuilder","779866"
"PvZCards.Multiplayer.Networking","class","ServerAuthoritativeGamePredictor","776451"
"PvZCards.Multiplayer.Networking","class","ServerAuthoritativePlaySimulator","779694"
"PvZCards.Multiplayer.Networking","interface","ServerRequestErrorLogger","779894"
"PvZCards.Multiplayer.Networking","struct","StateAndTransitionAction","775762"
"PvZCards.Multiplayer.Networking","class","SystemDateTimeFactory","779903"
"PvZCards.Multiplayer.Networking","class","VersionsRequestHeaderProvider","780296"
"PvZCards.Multiplayer.Networking","class","WaitingForMatchResponseExecutable","779915"
"PvZCards.Multiplayer.Networking","class","WebRequest","779999"
"PvZCards.Multiplayer.Networking","class","WebRequestFactory","780040"
"PvZCards.Multiplayer.Networking","interface","WebRequestHeaderProvider","780222"
"PvZCards.Multiplayer.Networking","interface","WebRequestProcessor","780334"
"PvZCards.Multiplayer.Networking","enum","WebRequestProcessorNamedType","780326"
"PvZCards.Multiplayer.Networking","interface","WebRequestResponseHandler","780343"
"PvZCards.Multiplayer.Networking","class","WebSocketWrapperImpl","780488"
"PvZCards.Network","class","CrashLoggerNetworkStatusUpdater","104436"
"PvZCards.Network","class","InitCrashLoggerNetworkStatusUpdaterCommand","104491"
"PvZCards.Network","class","NetworkDebugEntrySetBuilder","104580"
"PvZCards.Network","class","NetworkDebugScopeCommand","104519"
"PvZCards.Network","class","NimbleNetworkStatusObserver","104631"
"PvZCards.NetworkRequest","class","BatchIdentifierWebRequestHeaderProvider","103272"
"PvZCards.NetworkRequest","class","BestHttpCancelable","103458"
"PvZCards.NetworkRequest","class","BestHttpChannelLogger","103288"
"PvZCards.NetworkRequest","class","BestHttpWrapper","103403"
"PvZCards.NetworkRequest","class","DefaultSpkiHashCacheLoader","103483"
"PvZCards.NetworkRequest","class","DelayedHttpResponseSender","103708"
"PvZCards.NetworkRequest","class","HeroesNetworkLog","103523"
"PvZCards.NetworkRequest","class","HideBackgroundNetworkRequestSpinnerSignal","103603"
"PvZCards.NetworkRequest","class","HideForegroundNetworkRequestSpinnerSignal","103594"
"PvZCards.NetworkRequest","class","HideNetworkRequestSpinnerCommand","103612"
"PvZCards.NetworkRequest","class","HideScreenBlockingNetworkRequestSpinnerCommand","103566"
"PvZCards.NetworkRequest","class","HideScreenBlockingNetworkRequestSpinnerSignal","103557"
"PvZCards.NetworkRequest","interface","HttpResponseSender","103640"
"PvZCards.NetworkRequest","class","ImmediateHttpResponseSender","103652"
"PvZCards.NetworkRequest","class","InitializeServerClientClockSyncDetectorCommand","103741"
"PvZCards.NetworkRequest","class","NetworkBinder","103781"
"PvZCards.NetworkRequest","class","PinnedSpkiVerifier","103835"
"PvZCards.NetworkRequest","class","ServerClientClockSyncDetector","103913"
"PvZCards.NetworkRequest","class","ServerEnvironment","104006"
"PvZCards.NetworkRequest","class","ShowBackgroundNetworkRequestSpinnerSignal","104158"
"PvZCards.NetworkRequest","class","ShowForegroundNetworkRequestSpinnerSignal","104149"
"PvZCards.NetworkRequest","class","ShowNetworkRequestSpinnerCommand","104167"
"PvZCards.NetworkRequest","class","ShowScreenBlockingNetworkRequestSpinnerCommand","104106"
"PvZCards.NetworkRequest","class","ShowScreenBlockingNetworkRequestSpinnerSignal","104097"
"PvZCards.NetworkRequest","class","SpkiHashCacheHolder","104195"
"PvZCards.NetworkRequest","class","SpkiHashCachePersister","104261"
"PvZCards.NetworkRequest","class","UnityHttpFactory","104273"
"PvZCards.NetworkRequest","class","UpdateSpkiHashCacheCommand","104371"
"PvZCards.News","class","DraperInboxNewsProvider","108260"
"PvZCards.News","interface","IInboxNewsBadgeCounterProvider","108358"
"PvZCards.News","interface","IInboxNewsProvider","108343"
"PvZCards.News","class","InboxNewsBinder","108414"
"PvZCards.News","class","InboxNewsContentFailedToUpdateSignal","108453"
"PvZCards.News","class","InboxNewsContentsUpdatedSignal","108444"
"PvZCards.News","class","InboxNewsDraperPlacementAsyncStringGetter","108432"
"PvZCards.News","class","InboxNewsView","108462"
"PvZCards.News","class","InboxNewsViewMediator","108478"
"PvZCards.News","class","PlayerPrefsInboxNewsBadgeCounterProvider","108370"
"PvZCards.Origin","class","CheckForOnlineEntitlementCommand","102670"
"PvZCards.Origin","class","EditorOriginClient","102328"
"PvZCards.Origin","class","FetchFallbackLocaleCommand","102975"
"PvZCards.Origin","class","GetOriginAgeCommand","102717"
"PvZCards.Origin","class","GetOriginLocale","102610"
"PvZCards.Origin","class","GetOriginProfileCommand","102556"
"PvZCards.Origin","class","GetOriginSettingsCommand","102757"
"PvZCards.Origin","class","InitializeOriginRecoveredTransactionHandlerCommand","103081"
"PvZCards.Origin","class","InitOriginCommand","102544"
"PvZCards.Origin","interface","IOriginClient","102410"
"PvZCards.Origin","class","OriginBinder","102489"
"PvZCards.Origin","class","OriginCommandBase","102507"
"PvZCards.Origin","class","OriginDisconnectedSignal","103263"
"PvZCards.Origin","class","OriginEntitlement","103027"
"PvZCards.Origin","class","OriginErrorSignal","103254"
"PvZCards.Origin","class","OriginOffer","103049"
"PvZCards.Origin","class","OriginRecoveredTransactionHandler","103147"
"PvZCards.Origin","class","ShowEaAccountUpsellCommand","102821"
"PvZCards.Origin","class","ShowOriginErrorCommand","102911"
"PvZCards.Origin","class","UpdateOriginPresenceCommand","102769"
"PvZCards.PackOpening","class","AutomaticPackOpeningOverlayViewFlowController","100513"
"PvZCards.PackOpening","class","DeckRecipeDefinitionUtils","99795"
"PvZCards.PackOpening","class","FancyPackOpeningPack","99466"
"PvZCards.PackOpening","class","FancyPackOpeningTestController","99409"
"PvZCards.PackOpening","class","FancyPackOpeningTestUtils","99484"
"PvZCards.PackOpening","class","FatStacksParameterizedPresentationConfig","100033"
"PvZCards.PackOpening","class","InitializePackOpeningSceneFromPlayerInventoryCommand","99515"
"PvZCards.PackOpening","struct","InitializePackOpeningSceneFromPlayerInventoryConfig","99508"
"PvZCards.PackOpening","class","InitializePackOpeningSceneFromPlayerInventorySignal","99499"
"PvZCards.PackOpening","class","ManualPackOpeningOverlayViewFlowController","100435"
"PvZCards.PackOpening","class","PackDataConverter","99615"
"PvZCards.PackOpening","class","PackOpenedMetricsCommand","99688"
"PvZCards.PackOpening","class","PackOpenedSignal","99679"
"PvZCards.PackOpening","class","PackOpeningDeckRecipeSorter","99764"
"PvZCards.PackOpening","class","PackOpeningFatStacksContext","100072"
"PvZCards.PackOpening","class","PackOpeningFatStacksPresentationConfig","100015"
"PvZCards.PackOpening","class","PackOpeningFatStacksPresentationController","99841"
"PvZCards.PackOpening","class","PackOpeningFatStacksScene","99954"
"PvZCards.PackOpening","class","PackOpeningFatStacksScreenMediator","100105"
"PvZCards.PackOpening","class","PackOpeningFatStacksScreenView","100054"
"PvZCards.PackOpening","class","PackOpeningFinishedCommand","100301"
"PvZCards.PackOpening","class","PackOpeningFinishedSignal","100292"
"PvZCards.PackOpening","class","PackOpeningOverlayView","100353"
"PvZCards.PackOpening","interface","PackOpeningOverlayViewFlowController","100426"
"PvZCards.PackOpening","class","PackOpeningOverlayViewMediator","100574"
"PvZCards.PackOpening","class","PackOpeningPackCountView","100866"
"PvZCards.PackOpening","class","PackOpeningPanelView","100894"
"PvZCards.PackOpening","class","PackOpeningPanelViewMediator","101110"
"PvZCards.PackOpening","struct","PackOpeningScreenConfig","101314"
"PvZCards.PackOpening","class","PackOpeningSummaryScreenController","101689"
"PvZCards.PackOpening","class","PackRewardView","102074"
"PvZCards.PackOpening","class","PackTouchHandler","102163"
"PvZCards.PackOpening","class","PackView","102200"
"PvZCards.PackOpening","class","ShowPackOpeningScreenCommand","102243"
"PvZCards.PackOpening","class","ShowPackOpeningScreenSignal","102234"
"PvZCards.PC","class","BaseNetworkCheck","139471"
"PvZCards.PC","class","DropStickiedCardSignal","139586"
"PvZCards.PC","class","EaLinkUpsellScreenMediator","139495"
"PvZCards.PC","class","EaLinkUpsellScreenView","139553"
"PvZCards.PC","class","EaUpsellClosedSignal","139577"
"PvZCards.PC","class","PCBinder","139595"
"PvZCards.PC","class","PCCrashReportingCommand","139286"
"PvZCards.PC","class","PCCrashReportingSignal","139193"
"PvZCards.PC","class","PCVignetteMediator","139613"
"PvZCards.PC","class","PCVignetteView","139818"
"PvZCards.PC","class","ResolutionChangedSignal","139568"
"PvZCards.PC","class","TileHolder","139911"
"PvZCards.PC","class","VerifyBackendAvailabilityCommand","139401"
"PvZCards.PC","class","VerifyInternetConnectivityCommand","139342"
"PvZCards.PrivacyPolicy","class","HeroesUITextLinkOpenView","99287"
"PvZCards.PrivacyPolicy","class","HeroesUITextLinkOpenViewMediator","99333"
"PvZCards.PrivacyPolicy","class","PrivacyPolicyBinder","98475"
"PvZCards.PrivacyPolicy","class","PrivacyPolicyDataInitializerSignal","98770"
"PvZCards.PrivacyPolicy","enum","PrivacyPolicyKey","98493"
"PvZCards.PrivacyPolicy","class","PrivacyPolicyManager","98503"
"PvZCards.PrivacyPolicy","class","PrivacyPolicyShowThirdPartyScreenCommand","98681"
"PvZCards.PrivacyPolicy","class","PrivacyPolicyThirdPartyScreenDismissedSignal","98761"
"PvZCards.PrivacyPolicy","class","PrivacyPolicyThirdPartyScreenMediator","98827"
"PvZCards.PrivacyPolicy","class","PrivacyPolicyThirdPartyScreenView","98779"
"PvZCards.PrivacyPolicy","class","PrivacyPolicyValidator","98944"
"PvZCards.PrivacyPolicy","class","RefreshAgeRequirementsCommand","99108"
"PvZCards.PrivacyPolicy","class","RequestAgeRequirementsCompletedSignal","98752"
"PvZCards.PrivacyPolicy","class","RequestAgeRequirementsService","99203"
"PvZCards.PrivacyPolicy","class","StartPrivacyPolicyCommand","99247"
"PvZCards.Progression","class","CompleteGameStartsFunnelEvent","96242"
"PvZCards.Progression","class","EloCommandDecider","96270"
"PvZCards.Progression","class","EndGameData","96324"
"PvZCards.Progression","class","EndGameRewardsData","96338"
"PvZCards.Progression","class","EndPvpGameDataParser","96352"
"PvZCards.Progression","class","FunnelHandleFocusGainedCommand","96430"
"PvZCards.Progression","class","FunnelHandleFocusLostCommand","96402"
"PvZCards.Progression","class","FunnelProgressPersister","96458"
"PvZCards.Progression","class","FunnelProgressTracker","96470"
"PvZCards.Progression","class","HandleGameEndedCommand","96567"
"PvZCards.Progression","class","InitializeFunnelProgressCommand","96607"
"PvZCards.Progression","class","LocalPvEProgressPersister","97488"
"PvZCards.Progression","interface","MatchResultExecutable","96635"
"PvZCards.Progression","class","MigratePveProgressToUserTagsCommand","96644"
"PvZCards.Progression","class","NimbleTelemetryGameCompletedLevelUpCommand","96708"
"PvZCards.Progression","class","NimbleTelemetryLevelEndCommand","96796"
"PvZCards.Progression","class","NimbleTelemetryTutorialCompleteCommand","96968"
"PvZCards.Progression","enum","PlantFtueProgress","97058"
"PvZCards.Progression","class","ProgressionBinder","97008"
"PvZCards.Progression","class","ProgressionNode","97029"
"PvZCards.Progression","interface","ProgressionUtility","97072"
"PvZCards.Progression","class","ProgressionUtilityImpl","97181"
"PvZCards.Progression","class","PVEPretendItsRealButtonView","97460"
"PvZCards.Progression","interface","PvEProgressTracker","97500"
"PvZCards.Progression","class","PvpResultUpdaterDecider","97530"
"PvZCards.Progression","class","PvpRewardsMetricsSender","97615"
"PvZCards.Progression","class","RankedLossPvpDataUpdater","97670"
"PvZCards.Progression","class","RankedWinPvpDataUpdater","98245"
"PvZCards.Progression","class","RankedWinPvPDataUpdaterHeaderProvider","98226"
"PvZCards.Progression","class","ResetFunnelProgressCommand","97734"
"PvZCards.Progression","class","ResetFunnelProgressSignal","97725"
"PvZCards.Progression","class","ShowWhateverIsAfterTheSplashScreenCommand","97762"
"PvZCards.Progression","class","TestProgressionUtility","97886"
"PvZCards.Progression","class","UnrankedWinPvpDataUpdater","98405"
"PvZCards.Progression","class","UpdateEloCommand","97982"
"PvZCards.Progression","class","UpdatePvEEloExecutable","98022"
"PvZCards.Progression","class","UpdatePvPDataExecutable","98116"
"PvZCards.Progression","class","UserTagPveProgressTracker","98144"
"PvZCards.ProgressionScreen","class","ImmediateProgressionScreenTransition","95485"
"PvZCards.ProgressionScreen","class","MissingNodeViewException","94873"
"PvZCards.ProgressionScreen","class","ProgressionAvatarView","94822"
"PvZCards.ProgressionScreen","class","ProgressionMapView","94843"
"PvZCards.ProgressionScreen","class","ProgressionMapViewMediator","94899"
"PvZCards.ProgressionScreen","class","ProgressionNavigationModel","95085"
"PvZCards.ProgressionScreen","class","ProgressionNavigationStack","95143"
"PvZCards.ProgressionScreen","class","ProgressionNodeView","95226"
"PvZCards.ProgressionScreen","class","ProgressionScreenPlayButtonStateProvider","95544"
"PvZCards.ProgressionScreen","class","ProgressionScreenState","95312"
"PvZCards.ProgressionScreen","interface","ProgressionScreenTransition","95473"
"PvZCards.ProgressionScreen","class","ProgressionScreenView","95380"
"PvZCards.ProgressionScreen","class","ProgressionScreenViewMediator","95677"
"PvZCards.ProgressionScreen","class","RandomBattleStarter","96024"
"PvZCards.ProgressionScreen","class","ShowWhatsAfterProgressionScreenCommand","96160"
"PvZCards.ProgressionScreen","class","ShowWhatsAfterProgressionScreenSignal","96151"
"PvZCards.ProgressionScreen","class","SlidingProgressionScreenTransition","95504"
"PvZCards.Purchasing","class","BackgroundInventorySyncer","90586"
"PvZCards.Purchasing","class","BasePurchaseRequestHandlerService","93196"
"PvZCards.Purchasing","class","CheatApproveNextDeferredPurchaseCommand","90808"
"PvZCards.Purchasing","class","CheatApproveNextDeferredPurchaseSignal","90790"
"PvZCards.Purchasing","class","CheatDenyNextDeferredPurchaseCommand","90848"
"PvZCards.Purchasing","class","CheatDenyNextDeferredPurchaseSignal","90799"
"PvZCards.Purchasing","interface","CheatPurchaseFlowContext","90676"
"PvZCards.Purchasing","class","CheatPurchaseFlowContextImpl","90745"
"PvZCards.Purchasing","class","CheatPurchaseFlowPlatformPurchaseService","92561"
"PvZCards.Purchasing","class","CheatPurchaseFlowPurchaseRequestHandlerService","93080"
"PvZCards.Purchasing","enum","CheatPurchaseFlowResult","90712"
"PvZCards.Purchasing","class","CheatPurchaseFlowSelectorView","90876"
"PvZCards.Purchasing","class","CheatPurchaseFlowSelectorViewMediator","90935"
"PvZCards.Purchasing","class","CheatPurchaseFlowSkuValidationService","94010"
"PvZCards.Purchasing","struct","CommitPurchaseWithSilverRequest","92803"
"PvZCards.Purchasing","class","CompositePurchaseFulfillmentService","91020"
"PvZCards.Purchasing","class","FinalizeFulfilledPurchaseSignal","91087"
"PvZCards.Purchasing","class","FinalizePurchaseRequestCommand","91297"
"PvZCards.Purchasing","class","HandleFulfillAllUnfulfilledPurchasesCommand","91346"
"PvZCards.Purchasing","class","HandleFulfillAllUnfulfilledPurchasesSignal","91337"
"PvZCards.Purchasing","class","HandlePurchaseFulfillmentCommand","91414"
"PvZCards.Purchasing","class","HandlePurchaseFulfillmentSignal","91405"
"PvZCards.Purchasing","class","HandlePurchaseOrPopGemStoreCommand","91620"
"PvZCards.Purchasing","class","HandlePurchaseOrPopGemStoreSignal","91611"
"PvZCards.Purchasing","class","HandlePurchaseRequestCommand","91724"
"PvZCards.Purchasing","class","HandlePurchaseRequestSignal","91715"
"PvZCards.Purchasing","class","InitializeLocalDataLocaleCurrencyUpdaterCommand","91929"
"PvZCards.Purchasing","class","InitializeNimbleCatalogProviderCommand","91957"
"PvZCards.Purchasing","class","InitiateCheatPurchaseCommand","91995"
"PvZCards.Purchasing","class","InitiateCheatPurchaseSignal","91986"
"PvZCards.Purchasing","class","InitiatePurchaseCommand","92071"
"PvZCards.Purchasing","class","InitiatePurchaseSignal","92062"
"PvZCards.Purchasing","class","LocalAlwaysSucceedsSkuValidationService","94055"
"PvZCards.Purchasing","class","LocalDataLocalCurrencyUpdater","92138"
"PvZCards.Purchasing","class","MultipleSimultaneousPurchaseRequestsException","93011"
"PvZCards.Purchasing","class","NimbleCatalogCurrencyProvider","92217"
"PvZCards.Purchasing","interface","NimbleCatalogProvider","92257"
"PvZCards.Purchasing","class","NimbleCatalogProviderImpl","92275"
"PvZCards.Purchasing","class","NimbleFinalizeFulfilledPurchaseCommand","91160"
"PvZCards.Purchasing","class","NimblePlatformPurchaseService","92652"
"PvZCards.Purchasing","class","NotifyGameOverFlowCoordinatorOneClickPurchaseFlowFinishedCommand","92362"
"PvZCards.Purchasing","class","NotifyGameOverFlowCoordinatorOneClickPurchaseFlowStartedCommand","92390"
"PvZCards.Purchasing","class","OneClickPurchaseFlowFinishedSignal","94076"
"PvZCards.Purchasing","class","OneClickPurchaseFlowStartedSignal","94067"
"PvZCards.Purchasing","class","OriginFinalizeFulfilledPurchaseCommand","91245"
"PvZCards.Purchasing","class","OriginPlatformPurchaseService","92753"
"PvZCards.Purchasing","class","OutOfCurrencyStoreLoadableScreen","93879"
"PvZCards.Purchasing","class","PersistPurchaseHistorySummaryCommand","92427"
"PvZCards.Purchasing","interface","PlatformPurchaseService","92512"
"PvZCards.Purchasing","enum","PlatformPurchaseServiceResults","92499"
"PvZCards.Purchasing","enum","PurchaseEvent","93039"
"PvZCards.Purchasing","class","PurchaseFulfillmentException","92794"
"PvZCards.Purchasing","interface","PurchaseFulfillmentService","92810"
"PvZCards.Purchasing","enum","PurchaseFulfillmentServiceResults","92781"
"PvZCards.Purchasing","class","PurchaseHistoryProvider","92865"
"PvZCards.Purchasing","class","PurchaseHistoryResultsReceivedSignal","92418"
"PvZCards.Purchasing","class","PurchaseHistorySummaryMigrator","92942"
"PvZCards.Purchasing","class","PurchaseHistorySummaryPersister","92957"
"PvZCards.Purchasing","class","PurchaseHistoryUpdatedSignal","92856"
"PvZCards.Purchasing","interface","PurchaseInfoProvider","92832"
"PvZCards.Purchasing","class","PurchaseMadeSignal","93071"
"PvZCards.Purchasing","enum","PurchasePlatform","92488"
"PvZCards.Purchasing","class","PurchaseReceipt","92467"
"PvZCards.Purchasing","class","PurchaseRequest","91571"
"PvZCards.Purchasing","class","PurchaseRequestCompletedSignal","92969"
"PvZCards.Purchasing","interface","PurchaseRequestHandlerService","92999"
"PvZCards.Purchasing","enum","PurchaseRequestResult","92978"
"PvZCards.Purchasing","class","PurchaseRequestResults","91595"
"PvZCards.Purchasing","class","PurchaseRequestScratchState","93052"
"PvZCards.Purchasing","enum","PurchaseState","93020"
"PvZCards.Purchasing","class","PurchaseSuccessResultDtoV2","93750"
"PvZCards.Purchasing","interface","PurchaseWithCashFulfillmentService","92814"
"PvZCards.Purchasing","interface","PurchaseWithGemsFulfillmentService","92823"
"PvZCards.Purchasing","interface","PurchasingPlatformProvider","93450"
"PvZCards.Purchasing","class","RealPurchaseFlowRequestHandlerService","93138"
"PvZCards.Purchasing","class","RecordCardsPurchasedCommand","93474"
"PvZCards.Purchasing","class","RecordPurchaseRequestCompletionUIBehaviorProgressCommand","93526"
"PvZCards.Purchasing","class","RefreshNimbleCatalogCommand","93566"
"PvZCards.Purchasing","class","RemoveFulfilledPurchaseFromUnfulfilledPurchaseTrackerCommand","91096"
"PvZCards.Purchasing","class","ServerPurchaseFulfillmentService","93648"
"PvZCards.Purchasing","class","ShowCheatPurchaseFlowSelectorCommand","93766"
"PvZCards.Purchasing","class","ShowGemStoreCommand","93815"
"PvZCards.Purchasing","class","ShowGemStoreSignal","93806"
"PvZCards.Purchasing","class","ShowPurchaseOverlayCommand","93912"
"PvZCards.Purchasing","interface","SkuValidationService","93962"
"PvZCards.Purchasing","enum","SkuValidationServiceResults","93952"
"PvZCards.Purchasing","class","StartOneClickPurchaseCommand","94085"
"PvZCards.Purchasing","interface","StoreCurrencyProvider","92208"
"PvZCards.Purchasing","class","SyncAfterPurchaseCommand","94261"
"PvZCards.Purchasing","class","SyncAfterPurchaseSignal","94252"
"PvZCards.Purchasing","class","SyncPurchaseHistorySummaryCommand","94359"
"PvZCards.Purchasing","class","TryPurchaseCommand","94471"
"PvZCards.Purchasing","interface","UnfulfilledPurchaseTracker","94586"
"PvZCards.Purchasing","class","UnfulfilledPurchaseTrackerImpl","94651"
"PvZCards.Purchasing","class","UnfulfilledPurchaseTrackingChangedSignal","94610"
"PvZCards.Purchasing","class","UnfulfilledReceiptRegisteredSignal","94601"
"PvZCards.Purchasing","class","UnityPurchasingPlatformProvider","93459"
"PvZCards.Purchasing","class","UnopenedPacksService","94713"
"PvZCards.PushNotifications","interface","NimblePush","90394"
"PvZCards.PushNotifications","class","NimblePushWrapper","90403"
"PvZCards.PushNotifications","class","NotificationsBinder","90418"
"PvZCards.PushNotifications","class","PushNotificationService","90433"
"PvZCards.PushNotifications","class","StartPushNoteServiceCommand","90518"
"PvZCards.PVE","class","PlayPVENodeButtonView","90322"
"PvZCards.PVE","enum","PveMode","90351"
"PvZCards.PVE","class","PVENodeButtonView","90365"
"PvZCards.PVE","class","ShowDebugPVESignal","90385"
"PvZCards.PVP","interface","AnimatedPvpRankProgressView","86044"
"PvZCards.PVP","class","BackgroundForLastSeasonBadgeProvider","83798"
"PvZCards.PVP","class","ChooseModeHint","83347"
"PvZCards.PVP","class","ClearUnviewedSeasonalRewardRequestDto","88171"
"PvZCards.PVP","class","ColorOrColorGradient","88848"
"PvZCards.PVP","class","CompletePvpSeasonCommand","83383"
"PvZCards.PVP","enum","CompletePvpSeasonRequestResult","83365"
"PvZCards.PVP","class","CompletePvpSeasonSignal","83374"
"PvZCards.PVP","class","CompleteSeasonResponseDto","83613"
"PvZCards.PVP","class","FatalErrorHandler","89716"
"PvZCards.PVP","class","GameErrorMessageFactory","83626"
"PvZCards.PVP","class","IconForLastSeasonBadgeProvider","83813"
"PvZCards.PVP","class","InactiveTimeThresholdDecider","83664"
"PvZCards.PVP","class","IndexedSpriteProvider","83706"
"PvZCards.PVP","class","InGamePvpDebugScopeCommand","84088"
"PvZCards.PVP","class","InPvpGamePingCommand","83828"
"PvZCards.PVP","class","JsonPvpSeasonsConfigProvider","87580"
"PvZCards.PVP","class","LatencyHidingViewController","83892"
"PvZCards.PVP","class","LeaderboardRewardConfigDto","87100"
"PvZCards.PVP","class","LeaderBoardRewards","87052"
"PvZCards.PVP","class","LeaderboardRounds","86963"
"PvZCards.PVP","class","LootPinata","86743"
"PvZCards.PVP","class","MatchmakingCanceledForSeasonExpiredSignal","86676"
"PvZCards.PVP","class","MatchmakingViewDismissedAfterErrorSignal","86667"
"PvZCards.PVP","class","OutOfDatePlayRetrier","83950"
"PvZCards.PVP","class","PlayerPvpSeasonService","86769"
"PvZCards.PVP","class","PvpBoardConfig","83982"
"PvZCards.PVP","interface","PvpBoardListProvider","83994"
"PvZCards.PVP","class","PvpBoardsScriptableObject","84003"
"PvZCards.PVP","class","PvpDataChangedSignal","86694"
"PvZCards.PVP","class","PvpDataPersister","84018"
"PvZCards.PVP","class","PvpDataService","84030"
"PvZCards.PVP","class","PvpDebugEntrySetBuilder","84178"
"PvZCards.PVP","class","PvpDebugScopeCommand","84134"
"PvZCards.PVP","class","PvpFactionSelection","84468"
"PvZCards.PVP","class","PvpFactionSelectView","84569"
"PvZCards.PVP","class","PvpFactionSelectViewMediator","84492"
"PvZCards.PVP","class","PvPGameInactivityCommand","84624"
"PvZCards.PVP","class","PvpGameInitFailureSignal","86649"
"PvZCards.PVP","class","PvpGameInitSuccessSignal","86640"
"PvZCards.PVP","class","PvpInitializeGameStateCommand","84727"
"PvZCards.PVP","class","PvpIntroLoadableScreen","84912"
"PvZCards.PVP","class","PvpIntroScreenButton","84851"
"PvZCards.PVP","class","PvpIntroScreenButtonMediator","84866"
"PvZCards.PVP","class","PvpIntroScreenLauncher","84930"
"PvZCards.PVP","class","PvpIntroScreenMediator","84986"
"PvZCards.PVP","class","PvpIntroScreenView","85032"
"PvZCards.PVP","class","PvpMaxTierView","85054"
"PvZCards.PVP","class","PvpModeNavigationView","85090"
"PvZCards.PVP","class","PvpModePlayButtonStateProvider","85110"
"PvZCards.PVP","class","PvpModeSelectAnimatorProperty","85381"
"PvZCards.PVP","class","PvpModeSelectScreen","89068"
"PvZCards.PVP","class","PvpModeSelectView","85325"
"PvZCards.PVP","class","PvpModeSelectViewMediator","85150"
"PvZCards.PVP","class","PvpModeView","85404"
"PvZCards.PVP","class","PvpPlayerSeasonHistoryPersister","85427"
"PvZCards.PVP","class","PvpPlayerSeasonHistoryService","85439"
"PvZCards.PVP","class","PvpProfileInstantiatingMediator","85498"
"PvZCards.PVP","class","PvpProfileInstantiatingView","85471"
"PvZCards.PVP","class","PvpProfileView","85600"
"PvZCards.PVP","class","PvpRankFrameProvider","83753"
"PvZCards.PVP","class","PvpRankIconProvider","83783"
"PvZCards.PVP","class","PvpRankProfileData","85557"
"PvZCards.PVP","class","PvpRankProgressView","85700"
"PvZCards.PVP","class","PvpRankStarProvider","83768"
"PvZCards.PVP","class","PvpRankStarView","85770"
"PvZCards.PVP","class","PvpRankViewDataProvider","85792"
"PvZCards.PVP","class","PvpRankWidgetView","86059"
"PvZCards.PVP","class","PvpRewardsService","86115"
"PvZCards.PVP","enum","PvpRewardsState","86104"
"PvZCards.PVP","class","PvpSamplingKeyProvider","86135"
"PvZCards.PVP","class","PvpSeasonBadgeView","86163"
"PvZCards.PVP","class","PvpSeasonCompleteLandingScreenEventGenerator","86847"
"PvZCards.PVP","class","PvpSeasonConfig","86981"
"PvZCards.PVP","class","PvpSeasonCountdownService","87192"
"PvZCards.PVP","class","PvpSeasonDebugEntrySetBuilder","86210"
"PvZCards.PVP","class","PvpSeasonDebugScopeCommand","86182"
"PvZCards.PVP","enum","PvpSeasonEvent","87137"
"PvZCards.PVP","class","PvpSeasonRewardScreenMediator","87397"
"PvZCards.PVP","class","PvpSeasonRewardScreenView","87332"
"PvZCards.PVP","class","PvpSeasonRewardsViewData","87725"
"PvZCards.PVP","class","PvpSeasonsConfig","86949"
"PvZCards.PVP","interface","PvpSeasonsConfigProvider","87571"
"PvZCards.PVP","class","PvpSeasonsConfigScriptableObject","87499"
"PvZCards.PVP","class","PvpSeasonsService","87649"
"PvZCards.PVP","class","PvpSeasonStartingRankConfigEntryForUnity","87545"
"PvZCards.PVP","class","PvpSeasonStartingRankSetForUnity","87559"
"PvZCards.PVP","enum","PvpSeasonState","87123"
"PvZCards.PVP","class","PvpSelectionInitializer","86418"
"PvZCards.PVP","class","PvpSelectionPersister","86459"
"PvZCards.PVP","class","PvpSetSeasonsDebugEntryNode","86565"
"PvZCards.PVP","class","PvpTier","87069"
"PvZCards.PVP","class","PvpTierRewardsViewData","87738"
"PvZCards.PVP","class","PvpTierRewardsViewDataGenerator","87806"
"PvZCards.PVP","class","PvpTierToPinataIconMapping","87855"
"PvZCards.PVP","class","PvpTierToPinataMapping","87867"
"PvZCards.PVP","class","RecordLifetimePvpGamesCommand","86703"
"PvZCards.PVP","class","SeasonCompleteAcknowledgedSignal","88183"
"PvZCards.PVP","class","SeasonCompleteScreenMediator","87945"
"PvZCards.PVP","class","SeasonCompleteScreenView","87879"
"PvZCards.PVP","class","SeasonCountdownView","88007"
"PvZCards.PVP","class","SeasonCountdownViewMediator","88069"
"PvZCards.PVP","class","SeasonFinalizer","88213"
"PvZCards.PVP","class","SeasonRolloverFlowCoordinator","88361"
"PvZCards.PVP","class","SeasonStartScreenMediator","88559"
"PvZCards.PVP","class","SeasonStartScreenView","88503"
"PvZCards.PVP","class","SeasonTransitionData","86832"
"PvZCards.PVP","class","SendCopernicusPvpRetrySignal","86658"
"PvZCards.PVP","class","SendMatchmakingRequestSignal","86631"
"PvZCards.PVP","class","SendPlayErrorHandler","89676"
"PvZCards.PVP","class","ServerAuthTurnTimerHandler","88909"
"PvZCards.PVP","class","ShowMatchMakingSignal","86622"
"PvZCards.PVP","class","ShowPvpCommand","88997"
"PvZCards.PVP","class","ShowPVPSignal","86604"
"PvZCards.PVP","class","ShowPVPValidatedSignal","86613"
"PvZCards.PVP","class","ShowSeasonCompleteScreenCommand","88670"
"PvZCards.PVP","class","ShowSeasonCompleteScreenParams","88648"
"PvZCards.PVP","class","ShowSeasonCompleteScreenSignal","88661"
"PvZCards.PVP","class","ShowSeasonRolloverFlowCommand","88732"
"PvZCards.PVP","class","ShowSeasonRolloverFlowSignal","88723"
"PvZCards.PVP","class","ShowSeasonStartScreenCommand","88794"
"PvZCards.PVP","class","ShowSeasonStartScreenParams","88772"
"PvZCards.PVP","class","ShowSeasonStartScreenSignal","88785"
"PvZCards.PVP","struct","StarData","85586"
"PvZCards.PVP","class","StartChallengeGameCommand","89189"
"PvZCards.PVP","class","StartChallengeGameSignal","89180"
"PvZCards.PVP","class","StartNewPvpGameSignal","86595"
"PvZCards.PVP","class","SyncPvpDataCommand","89253"
"PvZCards.PVP","class","SyncPvpSeasonHistoryCommand","89336"
"PvZCards.PVP","class","TierDataProvider","89419"
"PvZCards.PVP","class","TierRewardsView","88862"
"PvZCards.PVP","class","UnityAssetSeasonsConfigProvider","87595"
"PvZCards.PVP","class","UnityGameStateUpdateHandler","89459"
"PvZCards.PVP","class","UnityMatchmakingStateUpdateHandler","89771"
"PvZCards.PVP","class","UnityPvpAuthorityDecider","89829"
"PvZCards.PVP","class","UnityPvpRetryParametersFactory","89857"
"PvZCards.PVP","class","UpdatePvpCurrentSeasonCheatCommand","89915"
"PvZCards.PVP","class","UpdatePvpCurrentSeasonCheatSignal","89906"
"PvZCards.PVP","class","UpdatePvpGamesPlayedCheatCommand","90019"
"PvZCards.PVP","class","UpdatePvpGamesPlayedCheatSignal","90010"
"PvZCards.PVP","class","UpdatePvpRankCheatCommand","90123"
"PvZCards.PVP","class","UpdatePvpRankCheatSignal","90114"
"PvZCards.PVP","class","UpdatePvpStarsCheatCommand","90227"
"PvZCards.PVP","class","UpdatePvpStarsCheatSignal","90218"
"PvZCards.PVP","class","WinGameWebResponseReceivedSignal","86685"
"PvZCards.Quests","class","AddNewQuestToQuestProgressRecordHistoryCommand","72490"
"PvZCards.Quests","class","CheatCompleteQuestCommand","72566"
"PvZCards.Quests","class","CheatCompleteQuestSignal","79211"
"PvZCards.Quests","class","CheckQuestCompletionCommand","72663"
"PvZCards.Quests","class","CheckQuestCompletionSignal","79078"
"PvZCards.Quests","class","ClearQuestRecordHistoryCommand","72760"
"PvZCards.Quests","class","ClearQuestRecordHistorySignal","72751"
"PvZCards.Quests","class","ClientQuestHolder","72798"
"PvZCards.Quests","class","ClientQuestRedemption","79789"
"PvZCards.Quests","class","CopernicusQuestMetricsSender","72826"
"PvZCards.Quests","class","CraftSpecificCardQuestEventConfig","74853"
"PvZCards.Quests","class","CraftSpecificCardsQuestEventComponent","74753"
"PvZCards.Quests","enum","CraftTransactionType","74844"
"PvZCards.Quests","class","DamageIncrement","75031"
"PvZCards.Quests","class","DebugGrantHeroQuestCommand","72995"
"PvZCards.Quests","class","DebugGrantHeroQuestSignal","79193"
"PvZCards.Quests","class","DebugResetHeroQuestsCommand","73095"
"PvZCards.Quests","class","DebugResetHeroQuestsSignal","79150"
"PvZCards.Quests","class","DebugResetQuestsCommand","73183"
"PvZCards.Quests","class","DebugResetQuestsSignal","79141"
"PvZCards.Quests","class","DebugSetQuestLinearProgressionCommand","73223"
"PvZCards.Quests","class","DebugSetQuestLinearProgressionSignal","79202"
"PvZCards.Quests","class","DoGameOverQuestRollupFlowSignal","79096"
"PvZCards.Quests","class","FeatureUnlockQuestEventComponent","74771"
"PvZCards.Quests","class","FeatureUnlockQuestEventConfig","74873"
"PvZCards.Quests","class","FeatureUnlockQuestProgression","73306"
"PvZCards.Quests","class","FeatureUnlockSettingsComponent","73321"
"PvZCards.Quests","class","FeatureUnlockToastArgumentSetter","80313"
"PvZCards.Quests","class","FeatureUnlockToastLoadableScreen","80161"
"PvZCards.Quests","class","FeatureUnlockToastScreenDismissedSignal","73336"
"PvZCards.Quests","class","FeatureUnlockToastScreenMediator","73345"
"PvZCards.Quests","class","FeatureUnlockToastScreenView","73403"
"PvZCards.Quests","interface","FeatureUnlockUtils","73421"
"PvZCards.Quests","class","GameOverHeroQuestPopupDisplayer","73572"
"PvZCards.Quests","class","GameOverQuestProgressModel","73650"
"PvZCards.Quests","class","GameOverQuestRollupPresentationGenerator","73698"
"PvZCards.Quests","class","GetActiveQuestsCompletedSignal","79229"
"PvZCards.Quests","class","GetActiveQuestsData","77007"
"PvZCards.Quests","class","HealingDoneIncrement","75043"
"PvZCards.Quests","class","HeroesQuestPopupDisplayer","75766"
"PvZCards.Quests","class","HeroesQuestPopupFactory","75944"
"PvZCards.Quests","class","HeroesQuestPopupQueue","76164"
"PvZCards.Quests","class","HeroesQuestProgressRecordHistory","76874"
"PvZCards.Quests","interface","HeroesQuestSettings","73828"
"PvZCards.Quests","class","HeroesQuestSettingsComponent","73852"
"PvZCards.Quests","class","HeroQuestChainDataService","73894"
"PvZCards.Quests","class","HeroQuestChainProgress","73921"
"PvZCards.Quests","struct","HeroQuestInfo","79159"
"PvZCards.Quests","class","HeroQuestPanelProgressAndRewardPresentationController","75335"
"PvZCards.Quests","class","HeroQuestProgressService","73957"
"PvZCards.Quests","interface","IHeroQuestChainDataService","73885"
"PvZCards.Quests","interface","IHeroQuestProgressService","73909"
"PvZCards.Quests","class","InitializeQuestsCommand","74012"
"PvZCards.Quests","interface","IQuestRewardTweenUtil","77710"
"PvZCards.Quests","class","LoadEventCatalogCommand","74092"
"PvZCards.Quests","class","LoadLocalQuestProgressCommand","80867"
"PvZCards.Quests","class","LoadQuestAchievementMappingCommand","74132"
"PvZCards.Quests","class","LocalQuestProgressDeltaPersister","76613"
"PvZCards.Quests","class","LocalQuestProgressPersister","76601"
"PvZCards.Quests","class","LocalQuestProgressSyncPersister","76625"
"PvZCards.Quests","class","NewQuestAvailableSignal","79114"
"PvZCards.Quests","class","NormalQuestPanelProgressAndRewardPresentationController","75242"
"PvZCards.Quests","class","NullIncrementer","75007"
"PvZCards.Quests","class","NullQuestProvider","74172"
"PvZCards.Quests","class","ProgressPvpRankQuestsCommand","74247"
"PvZCards.Quests","class","ProgressPvpRankQuestsSignal","74238"
"PvZCards.Quests","class","QuestAchievementMappingList","74290"
"PvZCards.Quests","class","QuestAchievementMonitor","74302"
"PvZCards.Quests","class","QuestAchievementUnlockChecker","74334"
"PvZCards.Quests","class","QuestAvailabilityUpdatedSignal","79220"
"PvZCards.Quests","class","QuestButtonView","74386"
"PvZCards.Quests","class","QuestButtonViewMediator","74421"
"PvZCards.Quests","enum","QuestChainStatus","72788"
"PvZCards.Quests","class","QuestComponent","74575"
"PvZCards.Quests","class","QuestConfig","74891"
"PvZCards.Quests","class","QuestConstraintFactory","76458"
"PvZCards.Quests","enum","QuestConstraintType","74716"
"PvZCards.Quests","interface","QuestDataConverter","74534"
"PvZCards.Quests","interface","QuestDataService","74600"
"PvZCards.Quests","class","QuestDefinition","74612"
"PvZCards.Quests","class","QuestDefinitionDataService","74728"
"PvZCards.Quests","class","QuestDefinitionUtils","79325"
"PvZCards.Quests","class","QuestEventConfig","74823"
"PvZCards.Quests","class","QuestEventConfigAdapter","74662"
"PvZCards.Quests","class","QuestEventConfigAdapterFactory","74698"
"PvZCards.Quests","interface","QuestEventData","74786"
"PvZCards.Quests","class","QuestEventDataComponent","74795"
"PvZCards.Quests","class","QuestFeaturedSkuScreenView","74924"
"PvZCards.Quests","class","QuestFeaturedSkuScreenViewMediator","74939"
"PvZCards.Quests","class","QuestIncrementerFactory","75083"
"PvZCards.Quests","interface","QuestIncrementGetter","74998"
"PvZCards.Quests","enum","QuestIncrementType","74985"
"PvZCards.Quests","class","QuestPanelConfig","75123"
"PvZCards.Quests","class","QuestPanelFactory","75151"
"PvZCards.Quests","interface","QuestPanelProgressAndRewardPresentationController","75189"
"PvZCards.Quests","class","QuestPanelQuestScreenController","75411"
"PvZCards.Quests","class","QuestPanelRewardGroupView","75436"
"PvZCards.Quests","class","QuestPanelRewardIconView","75509"
"PvZCards.Quests","class","QuestPanelView","75548"
"PvZCards.Quests","class","QuestPopupConfig","76145"
"PvZCards.Quests","interface","QuestPopupDisplayer","75740"
"PvZCards.Quests","interface","QuestPopupFactory","75866"
"PvZCards.Quests","interface","QuestPopupQueue","76127"
"PvZCards.Quests","class","QuestPopupTypeViewArg","76210"
"PvZCards.Quests","class","QuestPopupView","76230"
"PvZCards.Quests","class","QuestPopupViewMediator","76313"
"PvZCards.Quests","class","QuestProcessor","76376"
"PvZCards.Quests","class","QuestProcessorFactory","76403"
"PvZCards.Quests","interface","QuestProgressDeltaHolder","76564"
"PvZCards.Quests","class","QuestProgressDeltaHolderImpl","76573"
"PvZCards.Quests","class","QuestProgressDtoTranslator","80931"
"PvZCards.Quests","class","QuestProgressedSignal","79105"
"PvZCards.Quests","interface","QuestProgressHolder","76528"
"PvZCards.Quests","class","QuestProgressHolderImpl","76543"
"PvZCards.Quests","interface","QuestProgressMigrator","80767"
"PvZCards.Quests","interface","QuestProgressProvider","76637"
"PvZCards.Quests","class","QuestProgressProviderImpl","76701"
"PvZCards.Quests","class","QuestProgressRecord","76837"
"PvZCards.Quests","class","QuestProgressRecorder","79976"
"PvZCards.Quests","interface","QuestProgressRecordHistory","76859"
"PvZCards.Quests","class","QuestProgressRecordHistoryProcessor","76913"
"PvZCards.Quests","class","QuestProgressUtils","79405"
"PvZCards.Quests","interface","QuestProvider","76950"
"PvZCards.Quests","class","QuestProviderImpl","77178"
"PvZCards.Quests","interface","QuestRedemption","79764"
"PvZCards.Quests","class","QuestRedemptionCompletedSignal","79523"
"PvZCards.Quests","class","QuestRefreshTimeKeeper","77689"
"PvZCards.Quests","class","QuestRewardTweenTweenUtil","77816"
"PvZCards.Quests","enum","QuestRewardType","77902"
"PvZCards.Quests","class","QuestRewardUtils","77915"
"PvZCards.Quests","class","QuestRollupEnterAnimationSequencer","77939"
"PvZCards.Quests","class","QuestRollupNewQuestEnterAnimationSequencer","78210"
"PvZCards.Quests","class","QuestRollupPanelHolderView","77948"
"PvZCards.Quests","class","QuestRollupPresentationAnimationSequencer","77965"
"PvZCards.Quests","class","QuestRollupPresentationController","78090"
"PvZCards.Quests","class","QuestRollupQuestPresentation","77985"
"PvZCards.Quests","class","QuestRollupQuestPresentationState","78002"
"PvZCards.Quests","enum","QuestRollupQuestPresentationType","77974"
"PvZCards.Quests","class","QuestRollupScreenContext","78442"
"PvZCards.Quests","class","QuestRollupScreenStrangeMediator","78233"
"PvZCards.Quests","class","QuestRollupScreenStrangeView","78219"
"PvZCards.Quests","class","QuestRollupScreenView","78454"
"PvZCards.Quests","class","QuestsBinder","78499"
"PvZCards.Quests","class","QuestScreenIsVisibleSignal","80569"
"PvZCards.Quests","class","QuestScreenView","78532"
"PvZCards.Quests","class","QuestScreenViewMediator","78614"
"PvZCards.Quests","class","QuestToAchievementMapping","74276"
"PvZCards.Quests","class","QuestTriggerMap","79267"
"PvZCards.Quests","class","QuestTriggerNotifier","79293"
"PvZCards.Quests","enum","QuestTriggerType","79238"
"PvZCards.Quests","class","QuestWebRedeemer","79636"
"PvZCards.Quests","class","QueuePopupsFromRecordHistoryParams","79804"
"PvZCards.Quests","class","QueueQuestPopupsFromCondensedQuestRecordHistoryCommand","79842"
"PvZCards.Quests","class","QueueQuestPopupsFromCondensedQuestRecordHistorySignal","79817"
"PvZCards.Quests","class","ReachPvPRankQuestEventComponent","74808"
"PvZCards.Quests","class","ReachPvPRankQuestEventConfig","74908"
"PvZCards.Quests","class","RecordQuestProgressCommand","79924"
"PvZCards.Quests","class","RecordQuestProgressSignal","79087"
"PvZCards.Quests","class","ShowEmptyOverlayCommand","80112"
"PvZCards.Quests","class","ShowFeatureUnlockToastScreenCommand","80203"
"PvZCards.Quests","class","ShowFeatureUnlockToastScreenSignal","80152"
"PvZCards.Quests","class","ShowQuestPopupsFromQueueCommand","80359"
"PvZCards.Quests","class","ShowQuestPopupsFromQueueSignal","80350"
"PvZCards.Quests","class","ShowQuestRewardsCommand","80411"
"PvZCards.Quests","class","ShowQuestRewardsSignal","80402"
"PvZCards.Quests","class","ShowQuestRollupScreenCommand","80493"
"PvZCards.Quests","class","ShowQuestScreenCommand","80578"
"PvZCards.Quests","class","SingleIncrement","75019"
"PvZCards.Quests","class","SnapshotFinalQuestProgressCommand","80657"
"PvZCards.Quests","class","SnapshotInitialQuestProgressCommand","80712"
"PvZCards.Quests","class","SoftLaunchQuestProgressMigrator","80779"
"PvZCards.Quests","class","SunCostIncrement","75067"
"PvZCards.Quests","class","SunGainedIncrement","75055"
"PvZCards.Quests","class","SyncAvailableQuestsCommand","74052"
"PvZCards.Quests","class","SyncQuestProgressCommand","80995"
"PvZCards.Quests","class","SyncQuestProgressSignal","79132"
"PvZCards.Quests","class","TestFeatureUnlockUtils","81182"
"PvZCards.Quests","class","ToastArguments","80186"
"PvZCards.Quests","interface","ToastArgumentSetter","80341"
"PvZCards.Quests","enum","ToastIdSource","80177"
"PvZCards.Quests","class","ToastMessageAndImageNameDecider","80285"
"PvZCards.Quests","class","TurnInPendingQuestsCommand","81242"
"PvZCards.Quests","class","TurnInPendingQuestsSignal","79123"
"PvZCards.Quests","class","UpdatePvpRankQuestCommand","81285"
"PvZCards.Quests","class","UserBasedFeatureUnlockUtils","73478"
"PvZCards.Quests","class","WebQuestRedemption","79773"
"PvZCards.Quests.HeroQuest","class","HeroQuestInProgressConfig","82587"
"PvZCards.Quests.HeroQuest","class","HeroQuestInProgressViewCompletedButtonSignal","82578"
"PvZCards.Quests.HeroQuest","class","HeroQuestInProgressViewInProgressSignal","82569"
"PvZCards.Quests.HeroQuest","class","HeroQuestInProgressViewLockedButtonSignal","82560"
"PvZCards.Quests.HeroQuest","class","HeroQuestPanelCompletedView","82617"
"PvZCards.Quests.HeroQuest","class","HeroQuestPanelConfigurator","82626"
"PvZCards.Quests.HeroQuest","class","HeroQuestPanelController","82669"
"PvZCards.Quests.HeroQuest","class","HeroQuestPanelControllerMediator","82697"
"PvZCards.Quests.HeroQuest","class","HeroQuestPanelCreator","82767"
"PvZCards.Quests.HeroQuest","class","HeroQuestPanelLockedView","82941"
"PvZCards.Quests.HeroQuest","class","HeroQuestPanelProgressView","82959"
"PvZCards.Quests.HeroQuest","class","HeroQuestPanelSorter","83005"
"PvZCards.Quests.HeroQuest","class","HeroQuestPanelView","83063"
"PvZCards.Quests.HeroQuest","class","HeroQuestProgressButtonPanel","83111"
"PvZCards.Quests.HeroQuest","class","HeroQuestProgressQuestSelectionButton","83178"
"PvZCards.Quests.HeroQuest","class","HeroQuestProgressQuestSelectionButtonConfigurator","83213"
"PvZCards.Quests.HeroQuest","class","NormalQuestPanelViewArgFactory","83248"
"PvZCards.Quests.HeroQuest","interface","QuestPanelViewArgFactory","83238"
"PvZCards.Quests.HeroQuest","class","QuestStepInfoView","83300"
"PvZCards.Quests.QuestConstraints","class","AttackConstraintData","81830"
"PvZCards.Quests.QuestConstraints","class","CardIdConstraintData","81578"
"PvZCards.Quests.QuestConstraints","class","DamageTakenConstraintData","81956"
"PvZCards.Quests.QuestConstraints","class","EffectConstraint","81364"
"PvZCards.Quests.QuestConstraints","interface","EffectConstraintData","82013"
"PvZCards.Quests.QuestConstraints","class","EffectDataConstraintData","82023"
"PvZCards.Quests.QuestConstraints","class","EntityConstraint","81382"
"PvZCards.Quests.QuestConstraints","interface","EntityConstraintEvaluator","81402"
"PvZCards.Quests.QuestConstraints","class","EntityCountContraintData","82501"
"PvZCards.Quests.QuestConstraints","class","EntityGameModelEvaluator","81433"
"PvZCards.Quests.QuestConstraints","class","EntityGetterFactory","82542"
"PvZCards.Quests.QuestConstraints","interface","EntityQueryConstraintData","81568"
"PvZCards.Quests.QuestConstraints","class","EntityQueryEvaluator","81414"
"PvZCards.Quests.QuestConstraints","class","FactionConstraintData","81651"
"PvZCards.Quests.QuestConstraints","class","FactionQueryCreator","81681"
"PvZCards.Quests.QuestConstraints","class","GameIsConstraintData","82264"
"PvZCards.Quests.QuestConstraints","class","GameStateConstraint","81453"
"PvZCards.Quests.QuestConstraints","interface","GameStateConstraintData","82084"
"PvZCards.Quests.QuestConstraints","enum","GameType","82253"
"PvZCards.Quests.QuestConstraints","class","GameTypeComparer","82294"
"PvZCards.Quests.QuestConstraints","class","GenericQueryConstraintData","81747"
"PvZCards.Quests.QuestConstraints","class","GrantedAbilityConstraintData","82054"
"PvZCards.Quests.QuestConstraints","class","HasComponentConstraintData","81779"
"PvZCards.Quests.QuestConstraints","class","HealthConstraintData","81872"
"PvZCards.Quests.QuestConstraints","class","HeroColorComparer","82436"
"PvZCards.Quests.QuestConstraints","class","HeroFactionComparer","82341"
"PvZCards.Quests.QuestConstraints","class","HeroIdComparer","82389"
"PvZCards.Quests.QuestConstraints","class","KilledByConstraintData","81998"
"PvZCards.Quests.QuestConstraints","class","LocallyOwnedConstraintData","81514"
"PvZCards.Quests.QuestConstraints","class","LocalPlayerComparer","81730"
"PvZCards.Quests.QuestConstraints","class","NamedAbilityConstraintData","81799"
"PvZCards.Quests.QuestConstraints","class","NodeIdComparer","82484"
"PvZCards.Quests.QuestConstraints","class","NullQuestConstraint","81490"
"PvZCards.Quests.QuestConstraints","class","PlayerCardsInHandContraintData","82212"
"PvZCards.Quests.QuestConstraints","class","PlayerConstraintData","82136"
"PvZCards.Quests.QuestConstraints","class","PlayerFactionContraintData","82311"
"PvZCards.Quests.QuestConstraints","class","PlayerHealthContraintData","82170"
"PvZCards.Quests.QuestConstraints","class","PveNodeIdConstraintData","82454"
"PvZCards.Quests.QuestConstraints","class","QueryContainerConstraintData","81541"
"PvZCards.Quests.QuestConstraints","class","QuestConstraint","81475"
"PvZCards.Quests.QuestConstraints","interface","QuestConstraintData","81505"
"PvZCards.Quests.QuestConstraints","class","SelectedColorConstraintData","82406"
"PvZCards.Quests.QuestConstraints","class","SelectedHeroConstraintData","82359"
"PvZCards.Quests.QuestConstraints","class","SubtypeConstraintData","81620"
"PvZCards.Quests.QuestConstraints","class","SunCountConstraintData","81914"
"PvZCards.Quests.QuestConstraints","class","TargetIsLocalPlayerConstraintData","81700"
"PvZCards.Quests.QuestConstraints","class","TurnCountContraintData","82094"
"PvZCards.RemoteConfig","class","RemoteConfigParameter","122923"
"PvZCards.ScheduledEvents","class","AvailableCardsService","68911"
"PvZCards.ScheduledEvents","class","CheckForScheduledEventBoostTopOffFulfillmentCommand","68975"
"PvZCards.ScheduledEvents","class","DeckHeroLookupUtility","71393"
"PvZCards.ScheduledEvents","class","EventBoostSkuGroup","69119"
"PvZCards.ScheduledEvents","class","EventConfiguration","69068"
"PvZCards.ScheduledEvents","class","EventPointSkuGroup","69102"
"PvZCards.ScheduledEvents","class","EventPointThresholdSkus","69136"
"PvZCards.ScheduledEvents","class","EventsConfiguration","69152"
"PvZCards.ScheduledEvents","interface","EventsConfigurationDataService","69027"
"PvZCards.ScheduledEvents","class","EventsConfigurationScritableObject","69171"
"PvZCards.ScheduledEvents","class","EventTopOffPurchaseInfo","69431"
"PvZCards.ScheduledEvents","class","JsonEventsConfigurationDataService","69036"
"PvZCards.ScheduledEvents","class","MarkOldEventsAsStartedAndDoneCommand","69239"
"PvZCards.ScheduledEvents","class","MarkOldEventsAsStartedAndDoneParams","69218"
"PvZCards.ScheduledEvents","class","MarkOldEventsAsStartedAndDoneSignal","69230"
"PvZCards.ScheduledEvents","class","MarkScheduledEventsAsStartedOrDoneCommand","69331"
"PvZCards.ScheduledEvents","class","MarkScheduledEventsAsStartedOrDoneParams","69307"
"PvZCards.ScheduledEvents","class","MarkScheduledEventsAsStartedOrDoneSignal","69322"
"PvZCards.ScheduledEvents","class","PurchaseEventBoostsTopOffUtility","69444"
"PvZCards.ScheduledEvents","class","PurchaseEventPointsInfo","69599"
"PvZCards.ScheduledEvents","class","PurchaseEventPointsUtility","69612"
"PvZCards.ScheduledEvents","class","ScheduledEventBarView","69796"
"PvZCards.ScheduledEvents","class","ScheduledEventBoostIconMediator","69885"
"PvZCards.ScheduledEvents","class","ScheduledEventBoostIconView","69837"
"PvZCards.ScheduledEvents","class","ScheduledEventBoostProvider","69955"
"PvZCards.ScheduledEvents","class","ScheduledEventBoostsUpdatedSignal","69931"
"PvZCards.ScheduledEvents","class","ScheduledEventHubButtonMediator","70130"
"PvZCards.ScheduledEvents","class","ScheduledEventHubButtonView","70104"
"PvZCards.ScheduledEvents","class","ScheduledEventHubScreenContext","70309"
"PvZCards.ScheduledEvents","class","ScheduledEventHubScreenMediator","70364"
"PvZCards.ScheduledEvents","class","ScheduledEventHubScreenView","70237"
"PvZCards.ScheduledEvents","class","ScheduledEventInfoScreenMediator","70776"
"PvZCards.ScheduledEvents","class","ScheduledEventInfoScreenView","70759"
"PvZCards.ScheduledEvents","class","ScheduledEventLandingScreenEventGenerator","70910"
"PvZCards.ScheduledEvents","class","ScheduledEventPurchasePointsMediator","71027"
"PvZCards.ScheduledEvents","class","ScheduledEventPurchasePointsView","71005"
"PvZCards.ScheduledEvents","class","ScheduledEventRewardScreenView","71103"
"PvZCards.ScheduledEvents","class","ScheduledEventRewardThresholdUtilities","71117"
"PvZCards.ScheduledEvents","class","ScheduledEventRewardView","71138"
"PvZCards.ScheduledEvents","class","ScheduledEventsBinder","71228"
"PvZCards.ScheduledEvents","class","ScheduledEventsBoostMultiplierAdapter","71288"
"PvZCards.ScheduledEvents","struct","ScheduledEventsBoostMultiplierData","71279"
"PvZCards.ScheduledEvents","class","ScheduledEventsBoostMultiplierView","71249"
"PvZCards.ScheduledEvents","class","ScheduledEventsBoostMultiplierViewMediator","71300"
"PvZCards.ScheduledEvents","class","ScheduledEventsConfigurationValidator","71451"
"PvZCards.ScheduledEvents","class","ScheduledEventsConstants","71472"
"PvZCards.ScheduledEvents","class","ScheduledEventsDebugEntrySetBuilder","71630"
"PvZCards.ScheduledEvents","class","ScheduledEventsDebugScopeCommand","71504"
"PvZCards.ScheduledEvents","class","ScheduledEventsPurchaseBoostsTopOffMediator","71929"
"PvZCards.ScheduledEvents","class","ScheduledEventsPurchaseBoostsTopOffView","71887"
"PvZCards.ScheduledEvents","class","ScheduledEventsSnapshotModel","72096"
"PvZCards.ScheduledEvents","class","ScheduledEventsUtility","72130"
"PvZCards.ScheduledEvents","class","ShowScheduledEventHubCommand","72325"
"PvZCards.ScheduledEvents","class","ShowScheduledEventHubSignal","72316"
"PvZCards.ScheduledEvents","class","ShowScheduledEventInfoScreenCommand","72398"
"PvZCards.ScheduledEvents","class","ShowScheduledEventInfoScreenSignal","72389"
"PvZCards.ScheduledEvents","class","SnapshotScheduledEventIdForThisGameCommand","72438"
"PvZCards.Settings","class","CreditsView","66269"
"PvZCards.Settings","class","CreditsViewMediator","66285"
"PvZCards.SettingsScreen","class","AADConfirmationView","66364"
"PvZCards.SettingsScreen","class","AADConfirmationViewMediator","66383"
"PvZCards.SettingsScreen","class","AADFailureView","66471"
"PvZCards.SettingsScreen","class","AADFailureViewMediator","66528"
"PvZCards.SettingsScreen","class","AADLoadingView","66599"
"PvZCards.SettingsScreen","class","AADLoadingViewMediator","66620"
"PvZCards.SettingsScreen","class","AccountInfoButtonMediator","66694"
"PvZCards.SettingsScreen","class","AccountInfoButtonView","66676"
"PvZCards.SettingsScreen","class","CloseSettingsScreenSignal","66740"
"PvZCards.SettingsScreen","class","ConcedeButtonView","66749"
"PvZCards.SettingsScreen","class","ConcedeButtonViewMediator","66764"
"PvZCards.SettingsScreen","class","ConcedeButtonVisibilityController","66840"
"PvZCards.SettingsScreen","class","ContactSupportButtonView","66892"
"PvZCards.SettingsScreen","class","CreditsButtonMediator","66935"
"PvZCards.SettingsScreen","class","CreditsButtonView","66920"
"PvZCards.SettingsScreen","class","CreditsContentAvailableHandler","67005"
"PvZCards.SettingsScreen","class","CreditsContentNotAvailableHandler","67023"
"PvZCards.SettingsScreen","class","CreditsDraperPlacementAsyncStringGetter","66993"
"PvZCards.SettingsScreen","interface","CreditsProvider","67041"
"PvZCards.SettingsScreen","class","DraperCreditsProvider","67066"
"PvZCards.SettingsScreen","class","FullscreenToggleView","67145"
"PvZCards.SettingsScreen","class","FullscreenToggleViewMediator","67166"
"PvZCards.SettingsScreen","class","ImpressumButtonMediator","67227"
"PvZCards.SettingsScreen","class","ImpressumButtonView","67212"
"PvZCards.SettingsScreen","class","MusicSliderView","67261"
"PvZCards.SettingsScreen","class","MusicSliderViewMediator","67279"
"PvZCards.SettingsScreen","class","NotifcationPermissionView","67358"
"PvZCards.SettingsScreen","class","NotificationDiagloueTutorialComplete","67325"
"PvZCards.SettingsScreen","class","NotificationPermissionViewMediator","67474"
"PvZCards.SettingsScreen","class","NotificationsToggleView","67511"
"PvZCards.SettingsScreen","class","NotificationsToggleViewMediator","67532"
"PvZCards.SettingsScreen","class","PermissionDialogMediator","67672"
"PvZCards.SettingsScreen","class","PermissionDialogView","67641"
"PvZCards.SettingsScreen","class","QuitGameButtonView","67788"
"PvZCards.SettingsScreen","class","ScreenIsVisibleSignal","68573"
"PvZCards.SettingsScreen","class","SetPersonalizedAdsConsentMediator","67852"
"PvZCards.SettingsScreen","class","SetPersonalizedAdsConsentView","67825"
"PvZCards.SettingsScreen","class","SettingsLoadableScreen","68803"
"PvZCards.SettingsScreen","class","SettingsScreenModel","67957"
"PvZCards.SettingsScreen","class","SettingsScreenView","67979"
"PvZCards.SettingsScreen","class","SettingsScreenViewMediator","68050"
"PvZCards.SettingsScreen","enum","SettingsTab","67969"
"PvZCards.SettingsScreen","class","SettingsTabView","68183"
"PvZCards.SettingsScreen","class","SettingsTabViewMediator","68211"
"PvZCards.SettingsScreen","class","SetUsageSharingButtonView","68287"
"PvZCards.SettingsScreen","class","SetUsageSharingButtonViewMediator","68296"
"PvZCards.SettingsScreen","class","SfxSliderView","68363"
"PvZCards.SettingsScreen","class","SfxSliderViewMediator","68381"
"PvZCards.SettingsScreen","class","ShowCreditsScreenCommand","68436"
"PvZCards.SettingsScreen","class","ShowCreditsScreenSignal","68427"
"PvZCards.SettingsScreen","class","ShowScreenButtonView","68492"
"PvZCards.SettingsScreen","class","ShowScreenCommand","68591"
"PvZCards.SettingsScreen","class","ShowScreenSignal","68564"
"PvZCards.SettingsScreen","class","ShowSettingsButtonView","68667"
"PvZCards.SettingsScreen","class","ShowSettingsConsentFlowSignal","68582"
"PvZCards.SettingsScreen","class","ShowSettingsMenuSignal","68658"
"PvZCards.SettingsScreen","class","ViewAchievementsButtonView","68818"
"PvZCards.SettingsScreen","class","ViewLegalUrlButtonView","68849"
"PvZCards.SettingsScreen","class","ViewLegalUrlButtonViewMediator","68865"
"PvZCards.Social","class","ChallengeHoldingTankConfig","166076"
"PvZCards.Social","class","ChallengeHoldingTankMediator","166088"
"PvZCards.Social","class","ChallengeHoldingTankView","166057"
"PvZCards.Social","class","ChatHudIconView","166264"
"PvZCards.Social","class","ChatHudIconViewMediator","166298"
"PvZCards.Social","class","CommitChallengeMenuDeckSelectionCommand","166802"
"PvZCards.Social","class","CommitChallengeMenuDeckSelectionSignal","166793"
"PvZCards.Social","class","ConfirmMinimizeAppMediator","166561"
"PvZCards.Social","class","ConfirmMinimizeAppView","166598"
"PvZCards.Social","class","DisableChatIconSignal","168605"
"PvZCards.Social","class","FriendRankData","165916"
"PvZCards.Social","class","FriendRankDataConverter","169457"
"PvZCards.Social","class","FriendRankDataDto","166039"
"PvZCards.Social","class","FriendRankDataDtoConverter","169494"
"PvZCards.Social","class","FriendRankDataMap","165958"
"PvZCards.Social","class","FriendRankDataResponseDto","166021"
"PvZCards.Social","class","FriendRankJsonDataService","169506"
"PvZCards.Social","class","FriendsRankService","169566"
"PvZCards.Social","class","HandleClientChallengeOverrideRequestCommand","166616"
"PvZCards.Social","class","HandleClientChallengeOverrideRequestSignal","166656"
"PvZCards.Social","class","HeroesAddFriendMediator","166681"
"PvZCards.Social","class","HeroesAddFriendView","166665"
"PvZCards.Social","class","HeroesAntFarmContext","166727"
"PvZCards.Social","class","HeroesAntFarmInterface","166745"
"PvZCards.Social","class","HeroesChallengeMenuDeckSelectionModel","166777"
"PvZCards.Social","class","HeroesChallengeMenuMediator","167064"
"PvZCards.Social","class","HeroesChallengeMenuView","166947"
"PvZCards.Social","class","HeroesChallengeMetadata","167386"
"PvZCards.Social","class","HeroesChallengeMetadataConstants","167405"
"PvZCards.Social","class","HeroesChallengeMetadataParser","167419"
"PvZCards.Social","class","HeroesChatMediator","167452"
"PvZCards.Social","class","HeroesChatView","167434"
"PvZCards.Social","class","HeroesCustomPresenceMetadata","167531"
"PvZCards.Social","class","HeroesCustomPresenceMetadataService","167544"
"PvZCards.Social","class","HeroesEALoginLegalTextView","167678"
"PvZCards.Social","class","HeroesEALoginLegalTextViewMediator","167697"
"PvZCards.Social","class","HeroesEALoginMediator","167829"
"PvZCards.Social","class","HeroesEALoginView","167766"
"PvZCards.Social","class","HeroesEALoginViewTestController","167911"
"PvZCards.Social","class","HeroesFriendEntryMediator","167994"
"PvZCards.Social","class","HeroesFriendEntryView","167974"
"PvZCards.Social","class","HeroesFriendInvitationEntryMediator","168082"
"PvZCards.Social","class","HeroesFriendInvitationEntryView","168069"
"PvZCards.Social","class","HeroesFriendsMenuControllerMediator","168152"
"PvZCards.Social","class","HeroesFriendsMenuControllerView","168140"
"PvZCards.Social","class","HeroesFriendSortComparer","168244"
"PvZCards.Social","class","HeroesNameEntryMediator","168277"
"PvZCards.Social","class","HeroesNameEntryView","168259"
"PvZCards.Social","class","HeroesOnlineFriendCountObserver","168329"
"PvZCards.Social","class","HeroesPresence","168372"
"PvZCards.Social","enum","HeroesPresenceKey","168348"
"PvZCards.Social","class","HeroesRemoveFriendMediator","168415"
"PvZCards.Social","class","HeroesRemoveFriendView","168401"
"PvZCards.Social","class","HeroesSocialLocalizer","168479"
"PvZCards.Social","class","HeroesSocialResourceLoader","168543"
"PvZCards.Social","class","HeroesSocialService","170411"
"PvZCards.Social","class","HeroesToasterMediator","168614"
"PvZCards.Social","interface","IFriendRankDataConverter","169448"
"PvZCards.Social","interface","IFriendRankDataDtoConverter","169485"
"PvZCards.Social","interface","IFriendsRankService","169534"
"PvZCards.Social","interface","INetworkMonitorService","170139"
"PvZCards.Social","class","InitializeChallengeMenuDeckSelectionModelFromGlobalStateCommand","166879"
"PvZCards.Social","class","InitializeChallengeMenuDeckSelectionModelFromGlobalStateSignal","166870"
"PvZCards.Social","class","InitialLoginPromptMediator","168689"
"PvZCards.Social","class","InitialLoginPromptView","168665"
"PvZCards.Social","class","InitiateSocialComponentsCommand","168920"
"PvZCards.Social","interface","ISocialNetworkBlockingPopup","169401"
"PvZCards.Social","class","ManualChallengeMediator","168998"
"PvZCards.Social","class","ManualChallengeView","168972"
"PvZCards.Social","class","NetworkLostSignal","170121"
"PvZCards.Social","class","NetworkRestoredSignal","170130"
"PvZCards.Social","class","NetworkStatusObserver","169215"
"PvZCards.Social","class","OfferInitialLoginCommand","169243"
"PvZCards.Social","class","OnChatMessageSignal","166237"
"PvZCards.Social","class","OnlineRequiredForSocialFeaturesMediator","169343"
"PvZCards.Social","class","OnlineRequiredForSocialFeaturesSignal","169931"
"PvZCards.Social","class","OnlineRequiredForSocialFeaturesView","169413"
"PvZCards.Social","class","OnPendingInviteSignal","166246"
"PvZCards.Social","class","OnUpdateFriendsRankListCompleteSignal","171159"
"PvZCards.Social","class","ReturningPlayerEventSubTypes","168911"
"PvZCards.Social","class","SetPresenceStatusCommand","169756"
"PvZCards.Social","class","SetPresenceStatusSignal","169747"
"PvZCards.Social","class","SetupAntFarmAndInitiateIdentityCommand","169812"
"PvZCards.Social","class","ShowInitialLoginPromptCommand","169879"
"PvZCards.Social","class","ShowInitialLoginPromptSignal","169870"
"PvZCards.Social","class","ShowManualChallengeScreenCommand","169175"
"PvZCards.Social","class","ShowManualChallengeScreenSignal","169166"
"PvZCards.Social","class","ShowOnlineRequiredForSocialFeaturesCommand","169940"
"PvZCards.Social","class","ShowPersonaNameSelectorCommand","170001"
"PvZCards.Social","class","ShowPersonaNameSelectorSignal","169992"
"PvZCards.Social","class","SocialAccountSelectionSignal","168874"
"PvZCards.Social","class","SocialAudioEventGeneratorInjectCommand","166441"
"PvZCards.Social","class","SocialAudioeventGeneratorInjectSignal","166432"
"PvZCards.Social","class","SocialBinder","170044"
"PvZCards.Social","class","SocialChallengeAllowClientOpponentDenialSignal","167513"
"PvZCards.Social","class","SocialChallengeGetClientOpponentDenialReasonSignal","167522"
"PvZCards.Social","class","SocialHandleNetworkLostCommand","166493"
"PvZCards.Social","class","SocialHandleNetworkRestoredCommand","166533"
"PvZCards.Social","class","SocialIdentityReconciliationSignal","169334"
"PvZCards.Social","enum","SocialIdentityReconciliationStatus","169325"
"PvZCards.Social","enum","SocialLoginStatus","168849"
"PvZCards.Social","class","SocialLoginStatusChangedSignal","168865"
"PvZCards.Social","class","SocialNameDisplayMediator","170081"
"PvZCards.Social","class","SocialNameDisplayView","170065"
"PvZCards.Social","class","SocialNetworkMonitorService","170151"
"PvZCards.Social","class","SocialPresenceSetCustomMetadataSignal","167504"
"PvZCards.Social","interface","SocialService","170209"
"PvZCards.Social","class","SocialTelemetryService","171081"
"PvZCards.Social","class","TryDisplayFriendsScreenSignal","166255"
"PvZCards.Social","class","UpdateFriendsRankListCommand","171168"
"PvZCards.Social","class","UpdateFriendsRankListSignal","171150"
"PvZCards.Social","class","VerifyPersonaNameSelectedForPVPCommand","171208"
"PvZCards.SplashScreen","class","HideInitScreenCommand","65898"
"PvZCards.SplashScreen","class","InitScreenView","65966"
"PvZCards.SplashScreen","class","InitScreenViewMediator","65994"
"PvZCards.SplashScreen","class","ShowPrologueNarrativeCommand","66049"
"PvZCards.SplashScreen","class","ShowPrologueNarrativeSignal","66040"
"PvZCards.SplashScreen","class","SplashScreenIsReadySignal","66165"
"PvZCards.SplashScreen","class","SplashScreenView","66146"
"PvZCards.SplashScreen","class","SplashScreenViewMediator","66174"
"PvZCards.StingerEvent","interface","IStingerEventUtils","65832"
"PvZCards.StingerEvent","class","LandingScreenStingerEventHqView","65625"
"PvZCards.StingerEvent","class","LandingScreenStingerEventHqViewMediator","65652"
"PvZCards.StingerEvent","class","ShowStingerEventHeadQuartersCommand","65719"
"PvZCards.StingerEvent","class","ShowStingerEventHeadQuartersSignal","65710"
"PvZCards.StingerEvent","class","StingerEventUtils","65844"
"PvZCards.StingerEvent","class","StringerEventBinder","65811"
"PvZCards.Store","class","BuyButtonClickedForSkuSignal","64544"
"PvZCards.Store","class","ChangeStoreScrollabilitySignal","64553"
"PvZCards.Store","class","CheatablePlatformStoreService","62479"
"PvZCards.Store","class","CheatPlatformStoreService","62332"
"PvZCards.Store","class","ChoiceOffer","65453"
"PvZCards.Store","class","Currencies","60813"
"PvZCards.Store","class","FeaturedStoreTabDraperPlacementAsyncStringGetter","61901"
"PvZCards.Store","class","FirstEligibleOffer","65469"
"PvZCards.Store","class","ForceStoreCacheInvalidationSignal","63701"
"PvZCards.Store","class","FreeGemsButtonView","59926"
"PvZCards.Store","class","FreeGemsButtonViewMediator","59947"
"PvZCards.Store","class","GetCatalogCommand","60077"
"PvZCards.Store","class","HeroesAndOrCards","61582"
"PvZCards.Store","class","HeroInspectionStoreMappingAsset","60119"
"PvZCards.Store","class","HideGemStoreCommand","60137"
"PvZCards.Store","class","HidePurchaseOverlayCommand","60165"
"PvZCards.Store","class","ImageAdornment","65402"
"PvZCards.Store","interface","INewStoreOffersTracker","60761"
"PvZCards.Store","interface","IStoreButtonViewBadgeCountAggregator","63385"
"PvZCards.Store","class","JsonTargetedOffersService","60256"
"PvZCards.Store","enum","JsonTargetedOffersServiceNamedInjection","60193"
"PvZCards.Store","class","LandingScreenStoreTutorialSeenSignal","64562"
"PvZCards.Store","class","LandingScreenStoreTutorialView","60365"
"PvZCards.Store","class","LandingScreenStoreTutorialViewMediator","60385"
"PvZCards.Store","class","MarkLandingScreenStoreTutorialSeenCommand","60488"
"PvZCards.Store","class","MarkStoreTutorialSeenCommand","60516"
"PvZCards.Store","class","MessageList","60544"
"PvZCards.Store","class","MiniStoreLoadableScreen","62913"
"PvZCards.Store","class","MiniStoreRequestConfig","62845"
"PvZCards.Store","class","MiniStoreService","60573"
"PvZCards.Store","class","MiniStoreView","60632"
"PvZCards.Store","class","MiniStoreViewMediator","60660"
"PvZCards.Store","class","NewStoreOffersTracker","60776"
"PvZCards.Store","class","NimblePlatformStoreService","62382"
"PvZCards.Store","class","NonCashCurrencyStringFormatter","60826"
"PvZCards.Store","class","NoPlatformStoreDataException","64452"
"PvZCards.Store","class","Offer","65375"
"PvZCards.Store","enum","OfferExpirationType","62764"
"PvZCards.Store","class","OfferParser","60878"
"PvZCards.Store","class","OnOffersLoadedSignal","64526"
"PvZCards.Store","class","OnOffersNotAvailableSignal","64535"
"PvZCards.Store","class","OriginPlatformStoreService","62422"
"PvZCards.Store","class","OutOfCurrencyStoreOffersBuilder","61035"
"PvZCards.Store","class","OutOfCurrencyStoreView","61068"
"PvZCards.Store","class","OutOfCurrencyStoreViewMediator","61092"
"PvZCards.Store","class","PackPreviewHeaderView","61216"
"PvZCards.Store","class","PackPreviewPanelView","61250"
"PvZCards.Store","class","PackPreviewPresentation","61570"
"PvZCards.Store","class","PackPreviewPresentationGenerator","61283"
"PvZCards.Store","class","PackPreviewScreen","61386"
"PvZCards.Store","class","PackPreviewScreenContext","61407"
"PvZCards.Store","class","PackPreviewScreenController","61647"
"PvZCards.Store","class","PackPreviewScreenMediator","61458"
"PvZCards.Store","class","PackPreviewScreenView","61766"
"PvZCards.Store","class","PackPreviewTestController","61817"
"PvZCards.Store","class","PackStoreComboOfferData","64410"
"PvZCards.Store","class","PackStoreComboOfferView","61867"
"PvZCards.Store","class","PersistentStoreDraperPlacementAsyncStringGetter","61889"
"PvZCards.Store","class","PersistentStoreModel","61913"
"PvZCards.Store","class","PersistentStoreView","61938"
"PvZCards.Store","class","PersistentStoreViewMediator","62028"
"PvZCards.Store","interface","PlatformStoreService","62296"
"PvZCards.Store","enum","PlatformStoreServiceNamedInjection","62305"
"PvZCards.Store","class","PreloadStoreDataForTutorialCommand","62531"
"PvZCards.Store","class","Promo","65419"
"PvZCards.Store","class","Promotion","64370"
"PvZCards.Store","class","PurchasableHeroDecider","62571"
"PvZCards.Store","class","QuestBasedStoreOfferCacheInvalidator","62608"
"PvZCards.Store","class","RequestStoreContentCommand","62691"
"PvZCards.Store","class","RequestStoreContentSignal","64517"
"PvZCards.Store","class","ScriptableChoiceOffer","62720"
"PvZCards.Store","class","ScriptableFirstEligibleOffer","62743"
"PvZCards.Store","class","ScriptableOffer","62774"
"PvZCards.Store","class","ScriptableSkuOffer","62815"
"PvZCards.Store","class","ShowMiniStoreCommand","62861"
"PvZCards.Store","class","ShowMiniStoreSignal","62836"
"PvZCards.Store","class","ShowPackPreviewFromPlatformSkuCommand","63020"
"PvZCards.Store","class","ShowPackPreviewFromPlatformSkuSignal","63011"
"PvZCards.Store","class","ShowPackPreviewScreenCommand","62959"
"PvZCards.Store","class","ShowPackPreviewScreenSignal","62950"
"PvZCards.Store","class","ShowStoreCommand","63075"
"PvZCards.Store","class","ShowStoreSignal","64499"
"PvZCards.Store","class","ShowStoreTabSignal","64508"
"PvZCards.Store","class","SimpleCancelTracker","63877"
"PvZCards.Store","class","SingleSkuStoreOfferData","64389"
"PvZCards.Store","class","SingleSkuStoreOfferView","63276"
"PvZCards.Store","class","SkuOffer","65437"
"PvZCards.Store","class","StoreBinder","63318"
"PvZCards.Store","class","StoreButtonView","63339"
"PvZCards.Store","class","StoreButtonViewBadgeCountAggregator","63411"
"PvZCards.Store","enum","StoreButtonViewBadgeCountCategory","63400"
"PvZCards.Store","class","StoreButtonViewBadgeCountChangedSignal","64580"
"PvZCards.Store","class","StoreButtonViewMediator","63591"
"PvZCards.Store","class","StoreData","62284"
"PvZCards.Store","class","StoreLoadableScreen","63202"
"PvZCards.Store","class","StoreOffer","64335"
"PvZCards.Store","class","StoreOfferCacheInvalidator","63710"
"PvZCards.Store","class","StoreOfferGenerator","63786"
"PvZCards.Store","class","StoreOfferProvider","63904"
"PvZCards.Store","class","StoreOffers","64304"
"PvZCards.Store","class","StoreOffersHolder","64130"
"PvZCards.Store","interface","StoreOffersService","64431"
"PvZCards.Store","class","StoreOffersServiceException","64443"
"PvZCards.Store","class","StoreOfferView","64461"
"PvZCards.Store","enum","StoreTab","61927"
"PvZCards.Store","class","StoreTutorialModel","64589"
"PvZCards.Store","class","StoreTutorialScreenManager","64706"
"PvZCards.Store","class","StoreTutorialSeenSignal","64571"
"PvZCards.Store","class","StoreTutorialView","64778"
"PvZCards.Store","class","StoreTutorialViewMediator","64808"
"PvZCards.Store","class","StoreView","64980"
"PvZCards.Store","class","StoreViewMediator","65037"
"PvZCards.Store","interface","TargetedOffersService","65484"
"PvZCards.Store","class","TargetedOffersServiceException","65493"
"PvZCards.Store","class","UnityStoreOffersService","65502"
"PvZCards.Supersonic","class","AdEventPayload","57961"
"PvZCards.Supersonic","class","AdOverviewScreenClosedSignal","58623"
"PvZCards.Supersonic","class","AdOverviewScreenMediator","59317"
"PvZCards.Supersonic","class","AdOverviewScreenOpenedSignal","58611"
"PvZCards.Supersonic","class","AdOverviewScreenView","59645"
"PvZCards.Supersonic","class","AdRewardItemDto","57709"
"PvZCards.Supersonic","class","AdRewardPreviewScreenView","59705"
"PvZCards.Supersonic","class","AdRewardScreenView","59724"
"PvZCards.Supersonic","class","AdWeightedRewardItemDto","57695"
"PvZCards.Supersonic","class","AndroidIncentivizedAdsCredentialsProvider","56571"
"PvZCards.Supersonic","class","DispatchAdClosedAudioEventCommand","58128"
"PvZCards.Supersonic","class","DispatchAdEndedAudioEventCommand","58072"
"PvZCards.Supersonic","class","DispatchAdOpenedAudioEventCommand","58100"
"PvZCards.Supersonic","class","DispatchAdStartedAudioEventCommand","58044"
"PvZCards.Supersonic","class","Ea2VideoAdMetricsReporter","56666"
"PvZCards.Supersonic","class","FakeAdAvailabilityProvider","56733"
"PvZCards.Supersonic","class","FakeAdScreenClosedSignal","59743"
"PvZCards.Supersonic","class","FakeAdScreenMediator","59767"
"PvZCards.Supersonic","class","FakeAdScreenView","59752"
"PvZCards.Supersonic","class","FakeIncentivizedAdRewardPoller","56868"
"PvZCards.Supersonic","class","GatsDisallowedAndroidApiLevelsProvider","56615"
"PvZCards.Supersonic","class","GatsIncentivizedAdsRetryParametersProvider","56936"
"PvZCards.Supersonic","class","GatsRewardIdProvider","56966"
"PvZCards.Supersonic","class","HeroesSupersonicPlacement","57012"
"PvZCards.Supersonic","interface","IAdAvailabilityProvider","56721"
"PvZCards.Supersonic","interface","IDisallowedAndroidApiLevelsProvider","56594"
"PvZCards.Supersonic","interface","IEa2VideoAdMetricsReporter","56657"
"PvZCards.Supersonic","interface","IIncentivizedAdRewardPoller","57240"
"PvZCards.Supersonic","interface","IIncentivizedAdsCredentialsProvider","57038"
"PvZCards.Supersonic","interface","IIncentivizedAdsRetryParametersProvider","57073"
"PvZCards.Supersonic","interface","IIncentivizedAdsRewardTableProvider","57723"
"PvZCards.Supersonic","class","IncentivizedAdFinishedRequestor","57082"
"PvZCards.Supersonic","class","IncentivizedAdPlacementWebRequestNameHeaderProvider","57224"
"PvZCards.Supersonic","class","IncentivizedAdRewardPoller","57330"
"PvZCards.Supersonic","class","IncentivizedAdRewardsDto","57496"
"PvZCards.Supersonic","class","IncentivizedAdsLogEntryModifier","57511"
"PvZCards.Supersonic","class","IncentivizedAdsRewardPollerDecider","57618"
"PvZCards.Supersonic","class","IncentivizedAdsRewardTableProvider","57732"
"PvZCards.Supersonic","class","IosIncentivizedAdsCredentialsProvider","57798"
"PvZCards.Supersonic","interface","IRewardIdProvider","57821"
"PvZCards.Supersonic","interface","ISupersonicClient","57838"
"PvZCards.Supersonic","interface","ISupersonicFeatureThrottle","58405"
"PvZCards.Supersonic","class","LogglyIncentivizedAdsDiagnosticsReporter","57896"
"PvZCards.Supersonic","class","NullDisallowedAndroidBuildVersionProvider","56603"
"PvZCards.Supersonic","class","NullIncentivizedAdsCredentialsProvider","57054"
"PvZCards.Supersonic","class","PlacementNames","57830"
"PvZCards.Supersonic","class","ReportVideoAdEventForMetricsCommand","57974"
"PvZCards.Supersonic","class","ShowAdOverviewScreenCommand","59834"
"PvZCards.Supersonic","class","ShowAdOverviewScreenSignal","59825"
"PvZCards.Supersonic","class","ShowFakeAdScreenCommand","59884"
"PvZCards.Supersonic","class","ShowFakeAdScreenSignal","59875"
"PvZCards.Supersonic","class","SupersonicBinder","58156"
"PvZCards.Supersonic","class","SupersonicDebugEntrySetBuilder","58224"
"PvZCards.Supersonic","class","SupersonicDebugScopeCommand","58180"
"PvZCards.Supersonic","class","SupersonicFeatureThrottle","58414"
"PvZCards.Supersonic","class","SupersonicRewardIdProvider","58496"
"PvZCards.Supersonic","class","SupersonicStrangeView","58647"
"PvZCards.Supersonic","class","SupersonicVideoAdOfferMediator","58742"
"PvZCards.Supersonic","class","SupersonicViewMediator","58666"
"PvZCards.Supersonic","class","TeardownSupersonicCommand","58860"
"PvZCards.Supersonic","class","UnityEditorSupersonicClient","58900"
"PvZCards.Supersonic","class","VideoAdAvailabilityChangedSignal","58590"
"PvZCards.Supersonic","class","VideoAdClosedSignal","58560"
"PvZCards.Supersonic","class","VideoAdEndedSignal","58548"
"PvZCards.Supersonic","class","VideoAdErrorSignal","58635"
"PvZCards.Supersonic","class","VideoAdOfferView","59063"
"PvZCards.Supersonic","class","VideoAdOpenedSignal","58524"
"PvZCards.Supersonic","class","VideoAdRewardGrantedSignal","58599"
"PvZCards.Supersonic","class","VideoAdsInitializationFailedSignal","58581"
"PvZCards.Supersonic","class","VideoAdsInitializationSucceededSignal","58572"
"PvZCards.Supersonic","class","VideoAdStartedSignal","58536"
"PvZCards.Supersonic","class","WatchAdButtonVisibilityDecider","59096"
"PvZCards.Tutorial","class","CardInfoBinder","55834"
"PvZCards.Tutorial","class","OverlayTutorialLoadableScreen","56034"
"PvZCards.Tutorial","class","OverlayTutorialView","55872"
"PvZCards.Tutorial","class","OverlayTutorialViewMediator","55933"
"PvZCards.Tutorial","class","ShowTutorialCommand","56073"
"PvZCards.Tutorial","class","ShowTutorialSignal","56064"
"PvZCards.Tutorial","class","TutorialBinder","56128"
"PvZCards.Tutorial","class","TutorialEvent","55856"
"PvZCards.Tutorial","class","TutorialManager","56159"
"PvZCards.Tutorial","class","TutorialOnFuqTriggerAdapter","56385"
"PvZCards.Tutorial","class","TutorialOnFuqTriggerComponent","56257"
"PvZCards.Tutorial","class","TutorialOnNotSeenTriggerAdapter","56441"
"PvZCards.Tutorial","class","TutorialOnNotSeenTriggerComponent","56273"
"PvZCards.Tutorial","class","TutorialOnTagTriggerAdapter","56413"
"PvZCards.Tutorial","class","TutorialOnTagTriggerComponent","56288"
"PvZCards.Tutorial","class","TutorialOverlayedSignal","55924"
"PvZCards.Tutorial","class","TutorialRequest","56050"
"PvZCards.Tutorial","enum","TutorialSeenLimit","56149"
"PvZCards.Tutorial","interface","TutorialTrigger","56309"
"PvZCards.Tutorial","class","TutorialTriggerAdapterFactory","56330"
"PvZCards.Tutorial","class","TutorialTriggerCommand","56489"
"PvZCards.Tutorial","class","TutorialTriggerComponent","56562"
"PvZCards.UI","class","ActionSequencingBehaviour","142431"
"PvZCards.UI","class","AddScreenToLayerSignal","147588"
"PvZCards.UI","class","AnchorToBehaviour","142523"
"PvZCards.UI","class","AndroidBackButtonHandler","142603"
"PvZCards.UI","class","AnimatedToggleView","142618"
"PvZCards.UI","class","ApplyTopHudConfigSignal","142640"
"PvZCards.UI","enum","BackButtonBehaviour","142567"
"PvZCards.UI","class","BaseFancyPanelPooler","145197"
"PvZCards.UI","class","BottomHudView","142667"
"PvZCards.UI","class","BottomHudViewMediator","142701"
"PvZCards.UI","class","CanvasCameraSetter","142790"
"PvZCards.UI","class","CardBookView","142832"
"PvZCards.UI","class","CardBookViewMediator","142911"
"PvZCards.UI","class","CardCollectionDeckRecipeGroupView","142959"
"PvZCards.UI","class","CardCollectionHeaderView","142998"
"PvZCards.UI","class","CardCollectionHeaderWithIntroView","143025"
"PvZCards.UI","class","CardCollectionHeroGroupItem","143074"
"PvZCards.UI","class","CardCollectionHeroGroupView","143041"
"PvZCards.UI","class","CardCollectionHeroIconView","143111"
"PvZCards.UI","class","CardCollectionHeroShardGroupView","143140"
"PvZCards.UI","class","CardCollectionPanelView","143178"
"PvZCards.UI","class","CardCollectionPanelViewTestController","143270"
"PvZCards.UI","class","CardGroupCardHolderView","143366"
"PvZCards.UI","class","CardGroupView","143512"
"PvZCards.UI","class","CardPageLayout","143627"
"PvZCards.UI","class","CollapsibleFancyPanelItem","145598"
"PvZCards.UI","class","CollectionCardButtonUnderlayFitter","143688"
"PvZCards.UI","class","CollectionCardButtonUnderlayView","143776"
"PvZCards.UI","class","CollectionCardFrameView","143870"
"PvZCards.UI","struct","CollectionCardFrameViewConfiguration","144138"
"PvZCards.UI","class","CollectionCardFrameViewPool","144175"
"PvZCards.UI","class","CollectionCardFrameViewTestController","144229"
"PvZCards.UI","class","CollectionScreenSellAllExcessCardsWidgetView","144272"
"PvZCards.UI","class","CreateTopHudCommand","144286"
"PvZCards.UI","class","CurrencySprites","142325"
"PvZCards.UI","class","DeckAndCollectionView","144342"
"PvZCards.UI","class","DeckEditorTestController","144390"
"PvZCards.UI","struct","DeckHeaderColorIconConfig","144565"
"PvZCards.UI","class","DeckHeaderDeckInfoBarView","144428"
"PvZCards.UI","class","DeckHeaderHeroConfig","144751"
"PvZCards.UI","class","DeckHeaderHeroIconView","144462"
"PvZCards.UI","class","DeckHeaderHeroSelectedPanelView","144509"
"PvZCards.UI","class","DeckHeaderHeroSelectionPanelHeroConfig","146615"
"PvZCards.UI","class","DeckHeaderHeroSelectionPanelView","144615"
"PvZCards.UI","class","DeckHeaderPanelView","144685"
"PvZCards.UI","class","DeckHeaderTestController","144783"
"PvZCards.UI","struct","DeckHeaderTestHeroConfig","144832"
"PvZCards.UI","struct","DeckRecipeAndIcon","141947"
"PvZCards.UI","struct","DeckWidgetRarityToStyle","141978"
"PvZCards.UI","class","DelegateBasedFancyPanelPooler","145228"
"PvZCards.UI","class","EnableBottomHudSignal","142692"
"PvZCards.UI","class","EventMultiplierBadgingView","141649"
"PvZCards.UI","class","ExpandingPickerOptionView","144840"
"PvZCards.UI","class","ExpandingPickerView","144864"
"PvZCards.UI","class","FadeLayersView","144993"
"PvZCards.UI","class","FadeLayersViewMediator","145053"
"PvZCards.UI","class","FaderView","145099"
"PvZCards.UI","class","FaderViewMediator","145129"
"PvZCards.UI","struct","FadeStateValues","145034"
"PvZCards.UI","class","FancyDeckSelectorHeaderAdapter","141750"
"PvZCards.UI","struct","FancyDeckSelectorHeaderData","141734"
"PvZCards.UI","class","FancyDeckSelectorHeaderItem","141762"
"PvZCards.UI","class","FancyDeckSelectorHeaderTestController","141676"
"PvZCards.UI","class","FancyDeckSelectorHeaderView","141685"
"PvZCards.UI","class","FancyDeckSelectorScreenTestController","141818"
"PvZCards.UI","class","FancyDeckWidgetAssets","141914"
"PvZCards.UI","struct","FancyDeckWidgetButtonConfig","142180"
"PvZCards.UI","struct","FancyDeckWidgetData","142148"
"PvZCards.UI","class","FancyDeckWidgetItem","142202"
"PvZCards.UI","class","FancyDeckWidgetStyles","141955"
"PvZCards.UI","class","FancyDeckWidgetTestController","141986"
"PvZCards.UI","class","FancyDeckWidgetView","141999"
"PvZCards.UI","class","FancyDeckWidgetViewAdapter","142190"
"PvZCards.UI","struct","FancyHeroShardWidgetData","142267"
"PvZCards.UI","class","FancyHeroShardWidgetItem","142289"
"PvZCards.UI","class","FancyHeroShardWidgetView","142230"
"PvZCards.UI","class","FancyHeroShardWidgetViewAdapter","142277"
"PvZCards.UI","class","FancyPanel","145265"
"PvZCards.UI","class","FancyPanelChildLayoutState","145427"
"PvZCards.UI","class","FancyPanelChildState","145411"
"PvZCards.UI","class","FancyPanelCollectionCardFrameAdapter","144125"
"PvZCards.UI","class","FancyPanelCollectionCardFrameItem","144096"
"PvZCards.UI","class","FancyPanelColumnLayoutProvider","145780"
"PvZCards.UI","class","FancyPanelDatabase","145449"
"PvZCards.UI","interface","FancyPanelItem","145516"
"PvZCards.UI","interface","FancyPanelItemChangeListener","145543"
"PvZCards.UI","class","FancyPanelItemHandle","145653"
"PvZCards.UI","interface","FancyPanelItemHandleGenerator","145695"
"PvZCards.UI","interface","FancyPanelItemHolder","145722"
"PvZCards.UI","interface","FancyPanelItemPool","145917"
"PvZCards.UI","enum","FancyPanelItemVisibility","145555"
"PvZCards.UI","interface","FancyPanelLayoutProvider","145737"
"PvZCards.UI","struct","FancyPanelLayoutProviderResult","145746"
"PvZCards.UI","interface","FancyPanelLayoutReceiver","145754"
"PvZCards.UI","class","FancyPanelPooledItem","145800"
"PvZCards.UI","class","FancyPanelPooledItemFromAdapter","145932"
"PvZCards.UI","class","FancyPanelSpacerItem","145620"
"PvZCards.UI","class","FancyPanelStaticItemHandleGenerator","145704"
"PvZCards.UI","class","FancyPanelVerticalLayoutProvider","145763"
"PvZCards.UI","class","FancyPanelView","146012"
"PvZCards.UI","class","FancyScrollRectFocusTweener","148753"
"PvZCards.UI","class","FancyScrollRectState","146304"
"PvZCards.UI","class","FancyScrollRectTestRig","146065"
"PvZCards.UI","class","FancyScrollRectView","146205"
"PvZCards.UI","class","FlyingUiObjectController","146415"
"PvZCards.UI","class","GenericAnimatedScreenView","146501"
"PvZCards.UI","class","GuiArguments","146530"
"PvZCards.UI","struct","HeroAndDeckSprite","141938"
"PvZCards.UI","class","HeroCollectionIconMapping","146597"
"PvZCards.UI","class","HeroesButton","146749"
"PvZCards.UI","class","HeroesButtonTestRig","146841"
"PvZCards.UI","class","HeroesImage","146858"
"PvZCards.UI","class","HeroesProgressBar","146929"
"PvZCards.UI","class","HeroesScrollRect","147024"
"PvZCards.UI","class","HeroIconContainer","147052"
"PvZCards.UI","class","HeroIconWithLevelView","147081"
"PvZCards.UI","class","HeroPickerOptionView","147101"
"PvZCards.UI","class","HeroShardPresentationConfig","148006"
"PvZCards.UI","class","HudCollectionIconView","147135"
"PvZCards.UI","class","HudView","147150"
"PvZCards.UI","class","HudViewMediator","147216"
"PvZCards.UI","class","InboxBadgeCounterView","147413"
"PvZCards.UI","class","InboxBadgeCounterViewMediator","147433"
"PvZCards.UI","class","LayersView","147539"
"PvZCards.UI","class","LayersViewMediator","147597"
"PvZCards.UI","class","LayoutElementExtensions","147644"
"PvZCards.UI","class","NarrativeLocalizingComponent","147654"
"PvZCards.UI","class","NewBadgeRaritySprites","147672"
"PvZCards.UI","class","NewBadgeView","147693"
"PvZCards.UI","class","NullInputNotifier","148268"
"PvZCards.UI","class","OverrideTopHudConfigSignal","142649"
"PvZCards.UI","class","PackOpeningRarityPresentationConfig","147985"
"PvZCards.UI","class","PackOpeningSummaryCardHolderView","147777"
"PvZCards.UI","class","PackOpeningSummaryPanelRarityConfig","147942"
"PvZCards.UI","class","PackOpeningSummaryPanelView","147809"
"PvZCards.UI","class","PackOpeningSummaryPresentationConfig","147954"
"PvZCards.UI","class","PackOpeningSummaryScreenView","148021"
"PvZCards.UI","class","PackOpeningSummaryTestController","148033"
"PvZCards.UI","class","PointerEventNotifier","148165"
"PvZCards.UI","class","PvpProfileWidgetTestController","148193"
"PvZCards.UI","class","QuestRollupTestController","148227"
"PvZCards.UI","class","RectTransformProperties","150025"
"PvZCards.UI","class","RecycleExtraCardsScreenContext","148387"
"PvZCards.UI","class","RecycleExtraCardsScreenMediator","148442"
"PvZCards.UI","class","RecycleExtraCardsScreenView","148283"
"PvZCards.UI","class","RemoveOverrideTopHudConfigSignal","142658"
"PvZCards.UI","class","ResizablePanelSplitter","148610"
"PvZCards.UI","class","ResolutionIndependentDragThresholdSetter","148670"
"PvZCards.UI","class","ScalePropertyAnimator","148686"
"PvZCards.UI","struct","ScreenToLayerValues","147580"
"PvZCards.UI","class","ScrollerInteractionCatcher","141618"
"PvZCards.UI","class","ScrollRectFocusTweener","148703"
"PvZCards.UI","class","ScrollRectUtils","148815"
"PvZCards.UI","class","SelectHeroForNewDeckLoadableScreen","148881"
"PvZCards.UI","class","SelectHeroForNewDeckScreenHeroConfig","148867"
"PvZCards.UI","class","SelectHeroForNewDeckScreenView","148848"
"PvZCards.UI","class","SelectHeroForNewDeckScreenViewMediator","148957"
"PvZCards.UI","class","SellAllCardsSucceededSignal","148433"
"PvZCards.UI","class","SetFadeStateSignal","145044"
"PvZCards.UI","class","ShowRecycleExtraCardsScreenCommand","148317"
"PvZCards.UI","class","ShowRecycleExtraCardsScreenSignal","148308"
"PvZCards.UI","class","ShowSelectHeroForNewDeckScreenCommand","148905"
"PvZCards.UI","class","ShowSelectHeroForNewDeckScreenSignal","148896"
"PvZCards.UI","class","ShowSuperpowerStackScreenCommand","149144"
"PvZCards.UI","class","ShowSuperpowerStackScreenSignal","149070"
"PvZCards.UI","class","SimpleFancyPanelItem","145565"
"PvZCards.UI","class","SimplePropertyAnimator","149206"
"PvZCards.UI","class","SimpleUnityGameObjectInstantiator","143346"
"PvZCards.UI","class","SlidingPanelLayout","149349"
"PvZCards.UI","class","SlidingPanelLayoutTestController","149508"
"PvZCards.UI","class","SnapScrollerView","141515"
"PvZCards.UI","class","SnapScrollerViewMediator","141570"
"PvZCards.UI","class","StarRewardScreenTestController","149558"
"PvZCards.UI","class","SuperpowerInfoView","149589"
"PvZCards.UI","class","SuperpowerStackScreenRequest","149079"
"PvZCards.UI","class","SuperpowerStackView","149636"
"PvZCards.UI","class","SuperpowerStackViewConfig","149605"
"PvZCards.UI","struct","SuperpowerStackViewData","149061"
"PvZCards.UI","class","SuperpowerStackViewMediator","149681"
"PvZCards.UI","class","SuperpowerStackViewTestController","149742"
"PvZCards.UI","class","TaggedTextView","149758"
"PvZCards.UI","class","TaggedTextViewMediator","149795"
"PvZCards.UI","class","TestCardDataLoader","148086"
"PvZCards.UI","class","TestFancyDeckWidgetDataFactory","148137"
"PvZCards.UI","class","TestFancyPanelItem","146169"
"PvZCards.UI","class","TestFancyPanelPooledItem","146154"
"PvZCards.UI","class","TestFancyPanelPooledItemView","146131"
"PvZCards.UI","class","TestRecipeProgression","148150"
"PvZCards.UI","class","TestRigNewCardDataProvider","148098"
"PvZCards.UI","class","TopHudConfig","147186"
"PvZCards.UI","class","TopHudProvider","149856"
"PvZCards.UI","class","UIDebugEntrySetBuilder","149902"
"PvZCards.UI","class","UIDebugScopeCommand","149874"
"PvZCards.UI","class","UIUtilities","149979"
"PvZCards.UI","class","VersusScreenTestController","150054"
"PvZCards.UI","interface","ViewDataAdapter","146316"
"PvZCards.UI","class","ViewDataAdaptingTestController","146344"
"PvZCards.UI","interface","ViewGuiArgsAdapter","146330"
"PvZCards.UI.FancyDeckSelector","class","FancyDeckSelectorAddedItem","150504"
"PvZCards.UI.FancyDeckSelector","class","FancyDeckSelectorAssets","150187"
"PvZCards.UI.FancyDeckSelector","class","FancyDeckSelectorScreenContext","150275"
"PvZCards.UI.FancyDeckSelector","class","FancyDeckSelectorScreenView","150209"
"PvZCards.UI.FancyDeckSelector","class","FancyDeckSelectorScreenViewMediator","150332"
"PvZCards.UI.FancyDeckSelector","class","FancyDeckSelectorView","150525"
"PvZCards.UI.FancyDeckSelector","struct","HeroHeader","150201"
"PvZCards.UI.RewardFactory","interface","IRewardCardViewFactory","150076"
"PvZCards.UI.RewardFactory","class","RewardCardViewFactory","150089"
"PvZCards.UI.RewardFactory","class","ShowRewardCardViewCommand","150144"
"PvZCards.UI.RewardFactory","class","ShowRewardCardViewSignal","150135"
"PvZCards.Utilities","class","AbstractDataDebugEntryNode","189614"
"PvZCards.Utilities","class","ActionableEntryNode","189715"
"PvZCards.Utilities","class","ActionMenuItem","188654"
"PvZCards.Utilities","class","AddDebugEntriesSignal","190048"
"PvZCards.Utilities","class","AddDebugMenuScopeCommand","190350"
"PvZCards.Utilities","class","AddFeatureToggleDebugScopeCommand","188708"
"PvZCards.Utilities","class","AddGameDebugScopeCommand","190862"
"PvZCards.Utilities","class","AiBooleanToEnumStrategyConverter","188802"
"PvZCards.Utilities","class","AndroidBatteryLevelMonitor","188811"
"PvZCards.Utilities","class","AnimationUtils","188839"
"PvZCards.Utilities","class","AssetBundleLocalizedStringReader","192952"
"PvZCards.Utilities","interface","AssetToJsonConverter","188876"
"PvZCards.Utilities","class","AudioUtils","187118"
"PvZCards.Utilities","interface","AutomationServerControllerInterface","188888"
"PvZCards.Utilities","class","AutomationServerStartCommand","188900"
"PvZCards.Utilities","class","BackgroundAdjuster","188928"
"PvZCards.Utilities","class","BaseMenuItem","188943"
"PvZCards.Utilities","class","BeginStartupSectionCommand","194257"
"PvZCards.Utilities","interface","CachingRoutineRunner","194951"
"PvZCards.Utilities","class","CanvasComponentDebugEntryNode","189739"
"PvZCards.Utilities","class","CanvasComponentsMenuItem","188996"
"PvZCards.Utilities","class","CheatExceptionThrowerDebugEntrySetBuilder","187250"
"PvZCards.Utilities","class","CheatExceptionThrowerDebugScopeCommand","187146"
"PvZCards.Utilities","class","CheatsModel","186643"
"PvZCards.Utilities","class","ColorUtils","189011"
"PvZCards.Utilities","class","CopyFtueStreamingAudioCommand","189131"
"PvZCards.Utilities","class","CopyPostFtueStreamingAudioCommand","189146"
"PvZCards.Utilities","class","CopyStreamingAudioFromAssetBundleCommand","189048"
"PvZCards.Utilities","class","CrazyDaveDebugEntrySetBuilder","186265"
"PvZCards.Utilities","class","CrazyDaveDebugScopeCommand","186237"
"PvZCards.Utilities","class","CsvUtilFactory","189161"
"PvZCards.Utilities","class","DataDebugEntryNode","189480"
"PvZCards.Utilities","class","DebugCanvas","189201"
"PvZCards.Utilities","interface","DebugCanvasProvider","189238"
"PvZCards.Utilities","class","DebugCanvasRoot","189298"
"PvZCards.Utilities","class","DebugCheatFakeException","187347"
"PvZCards.Utilities","class","DebugCheatSecondFakeException","187356"
"PvZCards.Utilities","class","DebugCheatThirdFakeException","187365"
"PvZCards.Utilities","class","DebugEntryHasChangedSignal","190066"
"PvZCards.Utilities","class","DebugEntryNode","189794"
"PvZCards.Utilities","interface","DebugEntrySetBuilder","189872"
"PvZCards.Utilities","class","DebugGlobalExceptionHandlerCommand","189881"
"PvZCards.Utilities","class","DebugInputFieldCanvasComponent","189969"
"PvZCards.Utilities","class","DebugMenuComponent","189993"
"PvZCards.Utilities","class","DebugMenuEntrySet","190257"
"PvZCards.Utilities","class","DebugMenuMediator","190087"
"PvZCards.Utilities","class","DebugMenuModel","190075"
"PvZCards.Utilities","interface","DebugRenderer","190393"
"PvZCards.Utilities","class","DetailListDebugEntryNode","189727"
"PvZCards.Utilities","class","DetailListMenuItem","190408"
"PvZCards.Utilities","interface","DeviceInfoProvider","190423"
"PvZCards.Utilities","class","DictionaryExtensions","190433"
"PvZCards.Utilities","interface","DirectoryCopier","190472"
"PvZCards.Utilities","class","DirectoryCopierImpl","190481"
"PvZCards.Utilities","class","DozeModeDiagnostics","190523"
"PvZCards.Utilities","class","DraperDebugEntrySetBuilder","187402"
"PvZCards.Utilities","class","DraperDebugScopeCommand","187374"
"PvZCards.Utilities","class","DummyAutomationServerController","190602"
"PvZCards.Utilities","class","EditorBatteryLevelMonitor","190617"
"PvZCards.Utilities","struct","EditorTimeSpan","190637"
"PvZCards.Utilities","class","EndStartupSectionCommand","194285"
"PvZCards.Utilities","class","EnumFlagsAttribute","190708"
"PvZCards.Utilities","class","FacebookDebugEntrySetBuilder","187494"
"PvZCards.Utilities","class","FacebookDebugScopeCommand","187449"
"PvZCards.Utilities","class","FileReader","190850"
"PvZCards.Utilities","interface","FileSystem","190717"
"PvZCards.Utilities","class","FileSystemImpl","190781"
"PvZCards.Utilities","class","FileSystemLocalizedStringReader","192906"
"PvZCards.Utilities","class","FirebaseDebugEntrySetBuilder","187575"
"PvZCards.Utilities","class","FirebaseDebugScopeCommand","187547"
"PvZCards.Utilities","class","FloatDataDebugEntryNode","189441"
"PvZCards.Utilities","class","GameDebugEntrySetBuilder","190890"
"PvZCards.Utilities","class","GameObjectExtensions","191346"
"PvZCards.Utilities","class","GameObjectPathUtility","191361"
"PvZCards.Utilities","class","GameObjectUtilities","191376"
"PvZCards.Utilities","class","GenericJsonPersister","191388"
"PvZCards.Utilities","class","GenericProtobufPersister","191587"
"PvZCards.Utilities","class","GenericStateMachine","191832"
"PvZCards.Utilities","class","GestureMapper","191966"
"PvZCards.Utilities","class","HardCodedResourceLoader","192050"
"PvZCards.Utilities","class","HashtableExtensions","192114"
"PvZCards.Utilities","class","HeroesPlayerPrefsKeys","192124"
"PvZCards.Utilities","interface","HighResFrameTimer","192198"
"PvZCards.Utilities","class","HighResFrameTimerImpl","192220"
"PvZCards.Utilities","interface","HighResTimer","192138"
"PvZCards.Utilities","class","HighResTimerImpl","192163"
"PvZCards.Utilities","interface","IBatteryLevelMonitor","192263"
"PvZCards.Utilities","interface","ILanguageCodeCorrector","192536"
"PvZCards.Utilities","class","IncrementableDataMenuItem","192299"
"PvZCards.Utilities","class","InformationalEntryNode","189706"
"PvZCards.Utilities","class","InlineTextTagConverter","192381"
"PvZCards.Utilities","class","InlineTextTagMap","192444"
"PvZCards.Utilities","class","InlineTextTagMapEntry","192458"
"PvZCards.Utilities","class","InlineTextTagMapper","192471"
"PvZCards.Utilities","class","InstallPostFtueStreamingAudioSignal","189023"
"PvZCards.Utilities","class","IntDataDebugEntryNode","189459"
"PvZCards.Utilities","class","IosBatteryLevelMonitor","192489"
"PvZCards.Utilities","interface","IResolutionHandler","193541"
"PvZCards.Utilities","class","JsonStringExtractor","192508"
"PvZCards.Utilities","class","JumpToLevelDebugEntryNode","189331"
"PvZCards.Utilities","class","LabelProvider","189751"
"PvZCards.Utilities","class","LanguageCodeCorrector","192545"
"PvZCards.Utilities","class","LoadProgressionDataCommand","192573"
"PvZCards.Utilities","class","LoadQuestSettingsCommand","192601"
"PvZCards.Utilities","class","LocaleDebugEntrySetBuilder","186346"
"PvZCards.Utilities","class","LocalFileAsyncStringGetter","192663"
"PvZCards.Utilities","class","LocalizationMapper","192708"
"PvZCards.Utilities","enum","LocalizationMapperType","192700"
"PvZCards.Utilities","class","LocalizedFontProvider","192767"
"PvZCards.Utilities","class","LocalizedFontSetter","192865"
"PvZCards.Utilities","interface","LocalizedStringReader","192897"
"PvZCards.Utilities","interface","LocalizedStringWriter","192995"
"PvZCards.Utilities","class","LocalizedTextSetter","193034"
"PvZCards.Utilities","class","LocalizedTextSetterMediator","193077"
"PvZCards.Utilities","class","LocalizedTextStyleItem","193124"
"PvZCards.Utilities","class","LocalizedTextStyleOverwritter","193151"
"PvZCards.Utilities","class","MenuLevel","193219"
"PvZCards.Utilities","class","MetagameDebugEntrySetBuilder","186460"
"PvZCards.Utilities","class","MetagameDebugScopeCommand","186432"
"PvZCards.Utilities","class","MonoBehaviorExtensions","193253"
"PvZCards.Utilities","class","NarrativeDebugEntrySetBuilder","186517"
"PvZCards.Utilities","class","NarrativeDebugScopeCommand","186472"
"PvZCards.Utilities","class","NativeHelper","187618"
"PvZCards.Utilities","class","NotifierDebugEntryNode","189414"
"PvZCards.Utilities","class","NullDebugCanvasProvider","189247"
"PvZCards.Utilities","class","NullResolutionHandler","193570"
"PvZCards.Utilities","class","OnPrivacyFlagsUpdated","188526"
"PvZCards.Utilities","class","OnPrivacyFlagsUpdatedCommand","188535"
"PvZCards.Utilities","class","OpenDirectory","193277"
"PvZCards.Utilities","class","PCResolutionHandler","193657"
"PvZCards.Utilities","interface","PersistentFilePathGenerator","191800"
"PvZCards.Utilities","interface","Persister","191549"
"PvZCards.Utilities","class","PickCardDebugEntryNode","189380"
"PvZCards.Utilities","class","PickNextCardDebugEntrySetSorter","193346"
"PvZCards.Utilities","interface","PlayerPrefsProvider","193393"
"PvZCards.Utilities","class","PrivacyStatusTextView","188547"
"PvZCards.Utilities","class","PrivacyStatusTextViewMediator","188561"
"PvZCards.Utilities","class","PveMenuDebugEntrySetBuilder","187695"
"PvZCards.Utilities","class","PveMenuDebugScopeCommand","187633"
"PvZCards.Utilities","class","QuestDebugEntrySetBuilder","188144"
"PvZCards.Utilities","class","QuestDebugScopeCommand","187943"
"PvZCards.Utilities","class","QuestProgressionDebugEntryNode","188511"
"PvZCards.Utilities","class","RateMyAppRequestor","193438"
"PvZCards.Utilities","class","ReadOnlyAttribute","193450"
"PvZCards.Utilities","class","ReferenceToPrefabAttribute","193459"
"PvZCards.Utilities","class","RequestDebugEntriesSignal","190057"
"PvZCards.Utilities","class","ResetPlayerFromEditorCommand","193477"
"PvZCards.Utilities","class","ResetPlayerSignal","193468"
"PvZCards.Utilities","class","RoutineRunner","193797"
"PvZCards.Utilities","class","RoutineRunnerBehaviour","193833"
"PvZCards.Utilities","class","ScreenLoaderInfoDebugViewController","193927"
"PvZCards.Utilities","class","SelectivelyDisableAndroidFullScreenCommand","194022"
"PvZCards.Utilities","class","SetupResolutionHandlerCommand","193768"
"PvZCards.Utilities","class","StartTestGameAgainstRecipeDeckCommand","187829"
"PvZCards.Utilities","class","StartTestGameAgainstRecipeDeckSignal","187820"
"PvZCards.Utilities","class","Stopwatch","194055"
"PvZCards.Utilities","class","StringFormatter","194087"
"PvZCards.Utilities","class","SuperBlockCheatNodeCreator","191252"
"PvZCards.Utilities","class","TestControllerCardResourceProvider","194121"
"PvZCards.Utilities","class","TextUtils","194145"
"PvZCards.Utilities","class","TimedActionSequenceBuilder","194235"
"PvZCards.Utilities","class","TimedActionSequencer","194191"
"PvZCards.Utilities","class","TimeProfiler","194422"
"PvZCards.Utilities","interface","TimerFactory","194498"
"PvZCards.Utilities","class","ToggleDebugEntryNode","189672"
"PvZCards.Utilities","class","TogglePvpAiStrategyEntryNode","189638"
"PvZCards.Utilities","class","TransformExtensions","194520"
"PvZCards.Utilities","class","TweenFactory","194534"
"PvZCards.Utilities","class","UguiDebugMenuRenderer","194732"
"PvZCards.Utilities","class","UguiDebugMenuStyle","194852"
"PvZCards.Utilities","class","UnityCachingRoutineRunner","194901"
"PvZCards.Utilities","class","UnityCardEntityStringFormatter","194963"
"PvZCards.Utilities","class","UnityDebugCanvasProvider","189259"
"PvZCards.Utilities","class","UnityDeviceInfoProvider","195004"
"PvZCards.Utilities","class","UnityPlayerPrefsProvider","195019"
"PvZCards.Utilities","class","UnityUrlEncoder","195088"
"PvZCards.Utilities","class","URIScheme","195067"
"PvZCards.Utilities","interface","UrlEncoder","195079"
"PvZCards.Utilities","class","UserDebugEntrySetBuilder","186751"
"PvZCards.Utilities","class","UserDebugScopeCommand","186603"
"PvZCards.Utilities","class","UtcTimerFactory","194507"
"PvZCards.Utilities","class","VectorUtils","195100"
"PvZCards.Utilities","class","WebUtils","195115"
"PvZCards.Utilities.Core","class","NativeDialogInfo","195498"
"PvZCards.Utilities.Graphics","interface","IMaterialPropertyModifier","195133"
"PvZCards.Utilities.Graphics","class","MaterialCacheHashCreator","195124"
"PvZCards.Utilities.Graphics","class","MaterialPropertyBlockModifier","195166"
"PvZCards.Utilities.Graphics","class","MaterialPropertyModifierBase","195249"
"PvZCards.Utilities.Graphics","class","MaterialPropertyModifierUtil","195313"
"PvZCards.Utilities.Graphics","class","ShaderUtils","195416"
"PvZCards.Utilities.Graphics","class","SpriteRendererMaterialPropertyModifier","195240"
"PvZCards.Utilities.Graphics","class","SpriteUtils","195469"
"PvZCards.Utilities.Graphics","class","TextStencilMaterialComponent","195478"
"PvZCards.VersusScreen","class","VersusScreenView","55562"
"PvZCards.VersusScreen","class","VersusScreenViewMediator","55599"
